9775115
9770892
9776063
9777676
9775611
9776938
9777852
9777660
9777617
9772901
9778978
9778435
9692453
9692517
9692091
9605181
9604694
9558107
9686172
9621897
9604896
9692403
9692378
9692221
9692155
9691729
9688951
9624594
9604973
9688408
9686016
9688779
9688983
9689058
9689492
9690136
9691629
9725912
9571596
9739780
9670143
9712055
9740797
9734565
9640066
9627583
9558891
9698935
9738174
9737255
9736912
9720505
9718518
9699988
9741538
9741526
9634660
9727142
9691978
9731249
9630745
9645820
9610738
9707681
9683141
9608346
9587044
9651875
9708331
9704803
9680213
9675466
9653415
9427487
9711587
9658231
9696353
9779576
9712395
9727929
9730255
9585497
9579051
9709969
9779478
9686876
9779319
9779507
9779226
9779273
9766958
9779553
9779209
9779198
9779361
9779375
9779500
9779443
9779131
9779132
9779244
9773190
9779171
9779467
9779444
9779440
9779407
9692510
9682122
9692618
9679580
9691376
9692164
9690514
9720873
9669402
9646789
9727367
9736011
9741853
9713198
9697113
9742154
9739860
9737513
9704339
9728961
9742123
9742066
9741937
9742218
9635533
9587540
9467687
9462054
9393673
9709095
9708929
9702925
9714111
9707855
9763453
9730557
9727570
9669997
9779858
9779953
9779925
9767595
9682719
9656856
9692903
9693003
9693090
9603399
9692934
9692725
9591378
9688900
9628800
9622300
9690104
9742314
9742217
9731065
9710604
9692993
9742405
9681131
9742487
9742473
9524960
9742523
9742522
9742503
9742492
9742464
9736771
9727333
9677286
9631051
9710893
9736565
9736535
9741900
9727557
9479290
9691682
9659180
9589209
9780066
9780133
9780022
9780058
9780109
9780073
9655863
9693068
9691535
9688174
9688153
9688303
9687651
9626343
9690762
9690856
9690452
9691631
9726131
9709391
9679339
9690039
9689966
9711711
9740595
9739649
9742509
9741237
9727098
9525578
9742631
9742609
9742521
9742452
9742175
9738188
9737809
9742658
9742216
9727642
9733450
9703058
9736591
9629272
9734232
9734006
9731791
9736745
9662360
9680801
9622993
9588035
9657437
9656893
9656775
9702248
9697189
9696967
9696938
9711924
9711495
9711068
9702950
9780294
9780309
9535393
9689569
9673868
9605686
9648210
9651839
9619365
9422666
9737846
9742929
9742399
9721886
9706855
9742478
9736481
9742679
9742740
9742738
9742714
9742786
9742780
9742770
9565052
9742795
9742810
9742830
9742823
9742872
9742889
9735977
9729709
9661817
9679945
9736864
9736868
9709315
9687766
9693921
9727687
9712930
9416733
9712029
9625825
9596224
9637389
9728824
9729431
9675446
9780389
9693198
9780543
9780403
9780524
9780360
9780578
9780522
9780339
9780511
9780342
9455329
9696683
9693408
9608234
9693435
9641787
9601896
9521825
9693585
9693580
9693440
9693427
9654207
9510181
9691761
9608742
9654090
9660088
9655558
9693887
9478329
9646322
9506756
9645749
9662419
9719951
9742947
9743042
9742964
9737216
9729909
9480859
9743021
9739413
9733139
9732658
9731915
9728600
9684745
9743181
9743144
9740555
9663565
9593236
9742303
9742781
9742779
9398848
9654151
9625944
9595951
9365880
9742142
9675328
9737098
9446271
9693442
9476895
9634910
9724234
9679731
9728249
9374411
9566823
9537368
9780630
9709687
9599746
9615986
9645215
9675586
9729387
9588452
9696519
9780723
9780716
9780760
9780786
9780785
9779272
9780757
9780606
9780666
9780629
9780596
9780589
9780685
9613607
9651530
9653235
9676100
9679280
9694406
9693445
9693656
9693818
9688376
9650901
9650266
9664959
9664764
9625194
9546465
9627279
9589245
9628384
9615569
9648479
9655768
9496059
9648863
9262905
9661088
9725684
9516490
9728247
9728224
9728338
9705398
9726510
9579899
9724963
9714442
9712158
9743284
9743040
9740810
9739421
9737185
9734220
9743368
9743367
9743356
9743330
9743432
9743425
9734355
9546104
9743711
9743688
9743663
9743658
9743528
9743431
9682531
9742543
9633433
9743290
9623441
9736473
9736547
9601651
9711013
9601977
9737163
9737245
9737191
9618889
9697625
9740714
9702346
9645083
9643781
9632797
9421293
9696051
9483061
9576957
9707805
9680876
9648833
9781041
9781177
9780906
9781339
9730595
9774952
9693365
9681440
9737734
9698965
9713222
9648921
9570992
9727356
9676212
9631680
9561471
9730812
9700338
9677538
9476150
9721741
9781025
9742354
9781259
9781081
9780989
9781104
9781152
9780960
9592328
9781016
9762089
9781231
9781112
9781087
9781069
9781013
9781360
9781077
9688824
9636353
9654826
9686443
9693584
9693514
9663670
9657841
9648692
9694077
9457100
9693672
9693625
9686947
9265708
9707771
9728147
9728629
9644437
9644156
9728405
9728683
9725340
9744205
9744042
9720402
9700457
9694133
9744286
9744281
9744151
9735708
9739412
9743713
9474653
9743872
9743823
9742442
9635902
9744074
9744030
9744008
9743800
9743774
9743024
9742591
9742469
9740436
9716342
9669985
9674145
9704524
9697035
9716845
9559809
9730675
9737600
9694149
9616161
9652412
9586949
9605369
9781493
9634690
9634617
9674716
9730872
9728829
9676233
9780548
9782076
9781966
9781779
9778386
9781737
9781488
9781835
9781622
9773210
9781631
9781655
9781605
9781736
9775742
9775499
9781717
9781852
9770268
9781982
9781508
9781576
9463159
9648149
9687611
9693565
9693755
9693832
9694574
9694097
9683073
9609667
9601183
9683015
9609329
9549632
9722001
9728017
9481657
9728688
9651202
9728362
9570774
9538084
9744572
9744549
9744535
9744516
9744279
9744272
9744243
9744175
9744655
9744460
9744359
9744278
9744016
9743974
9733965
9671387
9644114
9616214
9744433
9743981
9734624
9715835
9745154
9745139
9745063
9745015
9744801
9616854
9738826
9742757
9731643
9742726
9728909
9694146
9710734
9594692
9738634
9718803
9697010
9712850
9598705
9709911
9683269
9572623
9731022
9689348
9614138
9722024
9705025
9782295
9782356
9631119
9455198
9711594
9708881
9552589
9694310
9782250
9782614
9782238
9774223
9782264
9782203
9782765
9782863
9782143
9782489
9782607
9781738
9782403
9782284
9782391
9782204
9782219
9782353
9782230
9782308
9782730
9782748
9782735
9782296
9755380
9782148
9782208
9782817
9563512
9669493
9683592
9694524
9688610
9575531
9623611
9674005
9689754
9674360
9676699
9693595
9688351
9658382
9679859
9679947
9647523
9649776
9624372
9707874
9726124
9724766
9728459
9712179
9743721
9572312
9744699
9745495
9745051
9733731
9745291
9745219
9745133
9745041
9744919
9731835
9537955
9745578
9745499
9745417
9745407
9743903
9637837
9739588
9739238
9741479
9743101
9739095
9743691
9736961
9745663
9745613
9745574
9737243
9465198
9528481
9743112
9669761
9623768
9622563
9618435
9712102
9698347
9664306
9664120
9688200
9626062
9645982
9664152
9783180
9727911
9715173
9581982
9717290
9610294
9716819
9633982
9700384
9671618
9431696
9712123
9745479
9712474
9712059
9664300
9775869
9782999
9772420
9781878
9783236
9617556
9668640
9660884
9660193
9695927
9686284
9686200
9685709
9693787
9691731
9693390
9696285
9686252
9677407
9694012
9693996
9635956
9626052
9686918
9686589
9526630
9683256
9689338
9695191
9655842
9662930
9616754
9651612
9726051
9512463
9724510
9705676
9728655
9654979
9654394
9654323
9729469
9745416
9730380
9731796
9739988
9725253
9733437
9742936
9737027
9736873
9727869
9745340
9745793
9745752
9745739
9745727
9733823
9593401
9745856
9745811
9745156
9742667
9740333
9745997
9745976
9745972
9745952
9744503
9744100
9740375
9734399
9727414
9703763
9515770
9746129
9745731
9643091
9670731
9686414
9711172
9598058
9722884
9728623
9737047
9696174
9706584
9690407
9667816
9678620
9670224
9750296
9713707
9593716
9696010
9712133
9592713
9606252
9783670
9728062
9696089
9645448
9559415
9660871
9552808
9691946
9658393
9604602
9704566
9684259
9565990
9698212
9783658
9783672
9783490
9783577
9783515
9783779
9780711
9783656
9783587
9782606
9779049
9783761
9775469
9783804
9783567
9783477
9783499
9783509
9783874
9783763
9781556
9781457
9782621
9783593
9695885
9695831
9695797
9695783
9694890
9694370
9686027
9683634
9689188
9632885
9690975
9690559
9694981
9634343
9725482
9701989
9667500
9698909
9727392
9740076
9617022
9699387
9740686
9743237
9710651
9745797
9744993
9746327
9746325
9746311
9746301
9746191
9746178
9746155
9746150
9746141
9740491
9701591
9677742
9555003
9746501
9746438
9740700
9746628
9746584
9746574
9746282
9744647
9716968
9701785
9746570
9746496
9746232
9744884
9721795
9659863
9703485
9740360
9731836
9605376
9708737
9695101
9706729
9724456
9677065
9752402
9691633
9638983
9666764
9673974
9667216
9690874
9718729
9676867
9660309
9538024
9678797
9724400
9731204
9697827
9678742
9784190
9784008
9778363
9779682
9784070
9784106
9784097
9768522
9784481
9784412
9784415
9784243
9784367
9784435
9784375
9784303
9783914
9784498
9784314
9784459
9784226
9783939
9696207
9694646
9683533
9696052
9695939
9685286
9693444
9618933
9696219
9696148
9675472
9695217
9693650
9694024
9694073
9649784
9652686
9725820
9720203
9691716
9725786
9726203
9721759
9701734
9744416
9707214
9706134
9745238
9735548
9738264
9728214
9740919
9705144
9668706
9745598
9743081
9745685
9746011
9699798
9598413
9746452
9740958
9747094
9746951
9746882
9746636
9746618
9746483
9668760
9747221
9747103
9747037
9706548
9651342
9747126
9746778
9746777
9746607
9742971
9725999
9747502
9747484
9747263
9747241
9747072
9746893
9746244
9745483
9741942
9741115
9734219
9686211
9540510
9708952
9731975
9694532
9514747
9709721
9474771
9721021
9664542
9719512
9632937
9467547
9640043
9719820
9712320
9724951
9731567
9784766
9784815
9778816
9592367
9665546
9660670
9667091
9715118
9590007
9600091
9640608
9691811
9645614
9676342
9645179
9692690
9784297
9784586
9774552
9784645
9784613
9784612
9785223
9784712
9784578
9785113
9785068
9784773
9784275
9784961
9737016
9784802
9785122
9785117
9785057
9784896
9656120
9664054
9696381
9662848
9571772
9670136
9694005
9726622
9731952
9743212
9748079
9747608
9747490
9742684
9742671
9741113
9747868
9747729
9747715
9747575
9741626
9741587
9743039
9734658
9743316
9743585
9743084
9741512
9647233
9746942
9747731
9747686
9747610
9722015
9625039
9720441
9662660
9662638
9662364
9661160
9566683
9658901
9658386
9785691
9785457
9785406
9606597
9718024
9676247
9404928
9737270
9714033
9679997
9655120
9785708
9785762
9779124
9732259
9785749
9768107
9785423
9785539
9785371
9785303
9785605
9785575
9785650
9785500
9785475
9785415
9695388
9696515
9696433
9693318
9694607
9696460
9696666
9696618
9633191
9734222
9748175
9748013
9747690
9742991
9742628
9748280
9748275
9748263
9748219
9748204
9748179
9747142
9747000
9746826
9746679
9746537
9744755
9744463
9743297
9748335
9748321
9748313
9746209
9746105
9745999
9745900
9745812
9744969
9742917
9517297
9589726
9743136
9742166
9618929
9683861
9748452
9748436
9748433
9748422
9748399
9748323
9745373
9696690
9675497
9736361
9695320
9737017
9736966
9588560
9448006
9729944
9786101
9786054
9786175
9786153
9680465
9674379
9674595
9648045
9718252
9592141
9673368
9786148
9786078
9785994
9785894
9786156
9696632
9592405
9690168
9499622
9670625
9727462
9745062
9718184
9730163
9742365
9742376
9594740
9745557
9730586
9748510
9748477
9748476
9748466
9748465
9738267
9696894
9748600
9748591
9748583
9745677
9730406
9689546
9748633
9742629
9734258
9625538
9730361
9692911
9786349
9715127
9730574
9714708
9680944
9585775
9748653
9786364
9786311
9786286
9786201
9786300
9786292
9782659
9695689
9694018
9747373
9747196
9747041
9745161
9744924
9743567
9709467
9682722
9730554
9737918
9742552
9742717
9736715
9742639
9741006
9745868
9745867
9746073
9500039
9742734
9744213
9731597
9748760
9748701
9741656
9695379
9595955
9633444
9477878
9730598
9748732
9625802
9701757
9693495
9786487
9378208
9602983
9786408
9786447
9778629
9781230
9695740
9696883
9694792
9610383
9620022
9649907
9700135
9700575
9431612
9698534
9701205
9664579
9727727
9715037
9744731
9744997
9744996
9744883
9744826
9736503
9745167
9714758
9744346
9617095
9698824
9693044
9742896
9741750
9748845
9748860
9748856
9736457
9747504
9722155
9748963
9741670
9734513
9748971
9749092
9748685
9748638
9748757
9749183
9700167
9749322
9749220
9688739
9701150
9620226
9731537
9731514
9731505
9738481
9557769
9685756
9722265
9722146
9727917
9741056
9751115
9613018
9630956
9699654
9704871
9754758
9751592
9751396
9754864
9754852
9754873
9754867
9754891
9754885
9754834
9730736
9754899
9754893
9754862
9754850
9754855
9754950
9753091
9754955
9754983
9754960
9754797
9753672
9754104
9744023
9748343
9754279
9754213
9754503
9754009
9750265
9750551
9704145
9635994
9476012
9630018
9657324
9667502
9677372
9609471
9721697
9607095
9605956
9598726
9697835
9652949
9652579
9660598
9645648
9592380
9532460
9786726
9686726
9786602
9786704
9786545
9709120
9786578
9786575
9786693
9613586
9708041
9674039
9676511
9653851
9637055
9419758
9685017
9587570
9667650
9324033
9767735
9755948
9715113
9712122
9703379
9697347
9497020
9585344
9549698
9420917
9681448
9786565
9786752
9786515
9736881
9500624
9732654
9732335
9727854
9727851
9694068
9693945
9617971
9785879
9786716
9736888
9786731
9786686
9774717
9783286
9697125
9697450
9688000
9697892
9697885
9695145
9695062
9694628
9691674
9684875
9697994
9694784
9685059
9617119
9695940
9637414
9635962
9644186
9698126
9698600
9620980
9596444
9645324
9720189
9743159
9723781
9710192
9742935
9744037
9744866
9749046
9749045
9748498
9736388
9747271
9744487
9737800
9730033
9728666
9749158
9748257
9748196
9748137
9748120
9748064
9748579
9749185
9749184
9749181
9748256
9747987
9747940
9747915
9747803
9747692
9747596
9747387
9743876
9739821
9739487
9705405
9703539
9697449
9731649
9731573
9702034
9728345
9721946
9730744
9728252
9711191
9731634
9728411
9743146
9698785
9549592
9754763
9736437
9754892
9746615
9693743
9755095
9739818
9722874
9755130
9754988
9743244
9729794
9718823
9729610
9753715
9663502
9751471
9484371
9484324
9751762
9697973
9650190
9533503
9432928
9640022
9707736
9689692
9670005
9596167
9531471
9669005
9622677
9594174
9721694
9681583
9698088
9626132
9786785
9786810
9786775
9786950
9786948
9786855
9651909
9421424
9715285
9640201
9725736
9706520
9678111
9253774
9667561
9662810
9580197
9642284
9558207
9467074
9731603
9731542
9709889
9709502
9786900
9468632
9786520
9770080
9666774
9724154
9689818
9672909
9786985
9786867
9786933
9786938
9786811
9785739
9786777
9632602
9697663
9648012
9667000
9671959
9671809
9609096
9478692
9673379
9677410
9694421
9700118
9654884
9548045
9682991
9696115
9544798
9671088
9693330
9670905
9667357
9627738
9698222
9698079
9691339
9671222
9614771
9528943
9579572
9676075
9698271
9688623
9698301
9696135
9695737
9695571
9686991
9686774
9682929
9698290
9698242
9667981
9648466
9664507
9402257
9523795
9620037
9590721
9640199
9548493
9686042
9702554
9681237
9644164
9716408
9720131
9710252
9743646
9721386
9505618
9698057
9666237
9733120
9721594
9723506
9717376
9746773
9732549
9749331
9748993
9743817
9739692
9665851
9556744
9749539
9749499
9749426
9749384
9744493
9749380
9687205
9619322
9594462
9749667
9749438
9699081
9749447
9672574
9544711
9548586
9670446
9696237
9694491
9730682
9633979
9749770
9743741
9542643
9749449
9608757
9755363
9753242
9737272
9731867
9755248
9755191
9687976
9755473
9755250
9749278
9737391
9735456
9755738
9755680
9755677
9755486
9747322
9726472
9722355
9654730
9752400
9500481
9755211
9755161
9749305
9691584
9751307
9749401
9688685
9742865
9746053
9666798
9384043
9649398
9749766
9614742
9268013
9726134
9725926
9715984
9715884
9715602
9670357
9664328
9654749
9627324
9583476
9391564
9606136
9631994
9693734
9688732
9715465
9682143
9623857
9646604
9527691
9630662
9679690
9547092
9581712
9625998
9580805
9664553
9468396
9688131
9667975
9609542
9583384
9573832
9715419
9478743
9725094
9560771
9661993
9361330
9609298
9688478
9618885
9787307
9787094
9787298
9787208
9661994
9787469
9723139
9786921
9698141
9651269
9704700
9754994
9592677
9651656
9654764
9701721
9670554
9736693
9658163
9628513
9628439
9566425
9698506
9721603
9675779
9660895
9676149
9675768
9653808
9577380
9635881
9698098
9662446
9774463
9598704
9731652
9731264
9715540
9710414
9710347
9710035
9697772
9677332
9675868
9781007
9787372
9787430
9782444
9786273
9737060
9731134
9728095
9727622
9727464
9721610
9718456
9714914
9654276
9787546
9787366
9787524
9787461
9787329
9787087
9784857
9564184
9694868
9698929
9698837
9573526
9698798
9434412
9673430
9682171
9693770
9698556
9698509
9688524
9698677
9666532
9639264
9691388
9573550
9698997
9660141
9660135
9608832
9743771
9721771
9606805
9743423
9734729
9739005
9727016
9738731
9724578
9570609
9676496
9620556
9514511
9738113
9714639
9732715
9485768
9731754
9732053
9731830
9616712
9731540
9731575
9731609
9731665
9737757
9737705
9737622
9735073
9729547
9756013
9755955
9755939
9755879
9755789
9755786
9755661
9755524
9749039
9756330
9756250
9756169
9756133
9756080
9755945
9754169
9750271
9750078
9744593
9743601
9700315
9756077
9756005
9755276
9753259
9756524
9756456
9737721
9712306
9712215
9507221
9749966
9749915
9747300
9738897
9738577
9568673
9749844
9748074
9585978
9709700
9750152
9750088
9750040
9749867
9748575
9746782
9732924
9731811
9750378
9750251
9750012
9601163
9698686
9691475
9644439
9601017
9463201
9430479
9620684
9639429
9750446
9749871
9750192
9574841
9746013
9755928
9755126
9721792
9711560
9711201
9750204
9750003
9738439
9682104
9597443
9706547
9694155
9716640
9657803
9626857
9559421
9513617
9567805
9710929
9581879
9689256
9532464
9688800
9622634
9693746
9693454
9690647
9670426
9620382
9709974
9445768
9787038
9787571
9787570
9787765
9788078
9788070
9788006
9716200
9663535
9689505
9704720
9689048
9671194
9670833
9631494
9733235
9694037
9655506
9412984
9562514
9768718
9711057
9706400
9732258
9704772
9682785
9645582
9642930
9634472
9623205
9563139
9732500
9730955
9730941
9730879
9716785
9710578
9710575
9709572
9704436
9694880
9658634
9784651
9718177
9472077
9685891
9728633
9788323
9788290
9788348
9788338
9788289
9788131
9787815
9787689
9519237
9787906
9788157
9736733
9728549
9721817
9695252
9684673
9672847
9672529
9787622
9787749
9788184
9616027
9787812
9787577
9779813
9781629
9787984
9787933
9787701
9784503
9697306
9697298
9651058
9570635
9699701
9699674
9699540
9636823
9533526
9691804
9690934
9689734
9699311
9699203
9698885
9693993
9700996
9655801
9655900
9661304
9711618
9685398
9699151
9728751
9728947
9557424
9734064
9691971
9588011
9746450
9668756
9596039
9623261
9733231
9733457
9714701
9756607
9756360
9750612
9731487
9756845
9756720
9756438
9756435
9756369
9756359
9755189
9752681
9756992
9756906
9726636
9750804
9750740
9750734
9750618
9750592
9748576
9678586
9751049
9751029
9750790
9750537
9742596
9730662
9713018
9757253
9757196
9757160
9757119
9757082
9706830
9687852
9687049
9686983
9671664
9675741
9500260
9698697
9670459
9631788
9695096
9687000
9657599
9573355
9567395
9742784
9742731
9750811
9750665
9750855
9739242
9728028
9724588
9696704
9751179
9751007
9750989
9738109
9696716
9750833
9566788
9508020
9732385
9693473
9678387
9665614
9650799
9626781
9623048
9621828
9506986
9544023
9715998
9627200
9631677
9716559
9639052
9508367
9631241
9630557
9686002
9706248
9617984
9665453
9595243
9632079
9655600
9665957
9744875
9716893
9673044
9643204
9634284
9624574
9732495
9730288
9723749
9717580
9703118
9656504
9539806
9711011
9708481
9683784
9710557
9778113
9788616
9788614
9788609
9788514
9788772
9788879
9788942
9788552
9776612
9788841
9655528
9788431
9737584
9736747
9736520
9734091
9664809
9681924
9788458
9788905
9788829
9788648
9786847
9788483
9788384
9788774
9788451
9788903
9782329
9788331
9642341
9679895
9671701
9697422
9672020
9665589
9666074
9684465
9700345
9699817
9688242
9648483
9642206
9699918
9691989
9687031
9699880
9646033
9678665
9590442
9643151
9700635
9701126
9698911
9563692
9700195
9728711
9694331
9732761
9743796
9717732
9745084
9745213
9704519
9743301
9740074
9736601
9638937
9739761
9656744
9743970
9748934
9544533
9701873
9679009
9564084
9734774
9733793
9617304
9733650
9730188
9731650
9710572
9756064
9750735
9756408
9756322
9756210
9752406
9756798
9737852
9757248
9676976
9757530
9757526
9757490
9757456
9757407
9757292
9757084
9754323
9745294
9736608
9696253
9681261
9634893
9757616
9757609
9757548
9757501
9717468
9757757
9757015
9741217
9656225
9689224
9683169
9538714
9740984
9755072
9710765
9755502
9750971
9748291
9752547
9749597
9752031
9753052
9755715
9752238
9751616
9751582
9751512
9751399
9744180
9654603
9749191
9751301
9751280
9750645
9748615
9733938
9751397
9751369
9751335
9751254
9728269
9751514
9751968
9554710
9558312
9682775
9718081
9690745
9689307
9664672
9603877
9691207
9642600
9659061
9644911
9680714
9694635
9678453
9700312
9576803
9657352
9724136
9665293
9664184
9616434
9537947
9658965
9656816
9651220
9624313
9605702
9700438
9680565
9787405
9687048
9699241
9581538
9724760
9590930
9721822
9658864
9677523
9660583
9657558
9681438
9681419
9425086
9617968
9708146
9677867
9676223
9733945
9697979
9732366
9732110
9681691
9727627
9637761
9637558
9633346
9733812
9733704
9733516
9724289
9711862
9711672
9666506
9666117
9638242
9675627
9706189
9711778
9788881
9737948
9613560
9789450
9728592
9734369
9654154
9789075
9789058
9789045
9789211
9789200
9789193
9789176
9787659
9789150
9738895
9738156
9736469
9553825
9537850
9789284
9716935
9705696
9657144
9633549
9626441
9786076
9789460
9789448
9789433
9789432
9789404
9789365
9789194
9789505
9733883
9624385
9789324
9787579
9787444
9787308
9789348
9789485
9787692
9789039
9789190
9676963
9681720
9695812
9694246
9696020
9694756
9684218
9678396
9628261
9409412
9677882
9700455
9700552
9695537
9684707
9626485
9617470
9700650
9539548
9539018
9700730
9682458
9647304
9700520
9684917
9599176
9544376
9694819
9696456
9696133
9693895
9661869
9558805
9649394
9657367
9583315
9660381
9658363
9441625
9695542
9518055
9604782
9713162
9698664
9698231
9728825
9729203
9729506
9688507
9734925
9747574
9730241
9376352
9415663
9415952
9738135
9722658
9744967
9721722
9102515
9745931
9748490
9735704
9573608
9416726
9747611
9747408
9648186
9749574
9749685
9703188
9596566
9552969
9596779
9596702
9700643
9599099
9545086
9544886
9690322
8895477
9415511
9721581
9734271
9734292
9735465
9729546
9726277
9694115
9729989
9608491
9752638
9756875
9749872
9742302
9745085
9744793
9650209
9757163
9757855
9757849
9756458
9740914
9757462
9745392
9745008
9596517
9758155
9757911
9757905
9757600
9757378
9756545
9755019
9751852
9751430
9758062
9757580
9757138
9756479
9744405
9672456
9679138
9699712
9676315
9752157
9743831
9755445
9751895
9751668
9751635
9744557
9744766
9743805
9701619
9755208
9584172
9751950
9751861
9751820
9751810
9751628
9709768
9751767
9751696
9751673
9751564
9719449
9752002
9751956
9751921
9751919
9751912
9751862
9750756
9724451
9699560
9741405
9740925
9752070
9740740
9684169
9667635
9752046
9750578
9710240
9678066
9752131
9752115
9746287
9656319
9655190
9580113
9723794
9723148
9723263
9718399
9712926
9688840
9646244
9639721
9626126
9623833
9598517
9496859
9335416
9333518
9690495
9656375
9655121
9654755
9640138
9560927
9537210
9713613
9665858
9639993
9537084
9732001
9587326
9752052
9752612
9480280
9718755
9656117
9655888
9655678
9645628
9640409
9457957
9734239
9780684
9787630
9601194
9622323
9695650
9751809
9706628
9665590
9752148
9672171
9636373
9704516
9632760
9553380
9622814
9682175
9632951
9667655
9605844
9603428
9713425
9695519
9704321
9725434
9603847
9696559
9661910
9662680
9662589
9627760
9570253
9743650
9706498
9587145
9586711
9666466
9712101
9594031
9724556
9642244
9640943
9637292
9637035
9459367
9734335
9734186
9718589
9718459
9712456
9709984
9698183
9694875
9682934
9682659
9681245
9679069
9677923
9668300
9666676
9662036
9783503
9789848
9789803
9789766
9789821
9789919
9783722
9790052
9781785
9786708
9684307
9789881
9739751
9739743
9739654
9739570
9492591
9713845
9691470
9689066
9688564
9683226
9644849
9637263
9789941
9740466
9674241
9789653
9789742
9781712
9789890
9789737
9789733
9783436
9790000
9789884
9789548
9585608
9688257
9691787
9694049
9479036
9693989
9700770
9683201
9682139
9661427
9700933
9700786
9698827
9677723
9621042
9701201
9700947
9671575
9644504
9700959
9700571
9652350
9651987
9698073
9647951
9701160
9725398
9724987
9673547
9593569
9701445
9729826
9748215
9661022
9583780
9678361
9713538
9587113
9746267
9746487
9727287
9726571
9746058
9704617
9652039
9744447
9749097
9691877
9468837
9702054
9617815
9696122
9734429
9731727
9709765
9705222
9752514
9752247
9662119
9751827
9752553
9755171
9749406
9746181
9742903
9553383
9689541
9758048
9752767
9752290
9703390
9615849
9751607
9515326
9609566
9673602
9628999
9752457
9752393
9752611
9752676
9748999
9752331
9576932
9752398
9752099
9745283
9661688
9741447
9738838
9713828
9465204
9699996
9706726
9672352
9758244
9758113
9758089
9751899
9749041
9758589
9758502
9758444
9756187
9682220
9629939
9758558
9758522
9758233
9755900
9745966
9743070
9690836
9682318
9758819
9758700
9758671
9758620
9758507
9758383
9758345
9757027
9755342
9747787
9743179
9735276
9414792
9752548
9683866
9719361
9719186
9719038
9718720
9718699
9709143
9693492
9681677
9667270
9651110
9637151
9616566
9462055
9713014
9626315
9333213
9660805
9725172
9667577
9689302
9651653
9710368
9677532
9621829
9617257
9538007
9537293
9633486
9621018
9624340
9621363
9713256
9598102
9684820
9731528
9683516
9734772
9734643
9734632
9734546
9732352
9725230
9718710
9711127
9706715
9705744
9685186
9685098
9678553
9678139
9667378
9667163
9635091
9618464
9615481
9666851
9633287
9668230
9700903
9700749
9719773
9713234
9615189
9683123
9597121
9723279
9623293
9722830
9669950
9661118
9776337
9731213
9718182
9677196
9672416
9721746
9721709
9724938
9662308
9627861
9673597
9608800
9684230
9721157
9721139
9787375
9783829
9691128
9684782
9790043
9741930
9790419
9790382
9790327
9790555
9790557
9790443
9788391
9790050
9739870
9675195
9790404
9563863
9696580
9694815
9696235
9589654
9700782
9691466
9698229
9609314
9657808
9701102
9685485
9701622
9701368
9701066
9700859
9666697
9664495
9531890
9514529
9478775
9625955
9621942
9662406
9640854
9704343
9728693
9541558
9541407
9468754
9469872
9692011
9691957
9662640
9728238
9728358
9728510
9333401
9728718
9741120
9701460
9746990
9747590
9737366
9654858
9723392
9749233
9743689
9363550
9702118
9701355
9701716
9667959
9646605
9634735
9701948
9701893
9683901
9677649
9677482
9663010
9646973
9577808
9644118
9481276
9753222
9755005
9752809
9751121
9750995
9758181
9753440
9698782
9753000
9490205
9753078
9691771
9515888
9752861
9733925
9752770
9754930
9753216
9752649
9752624
9639495
9588051
9753002
9737554
9753366
9753147
9753123
9753497
9753364
9753274
9753196
9753126
9752906
9689032
9752354
9751724
9751871
9747063
9728135
9751438
9757901
9758332
9758526
9758443
9757106
9756094
9759117
9759102
9758961
9758953
9758689
9757742
9756308
9753655
9751700
9712871
9759100
9753003
9759302
9759128
9758984
9758763
9756887
9756683
9753423
9753340
9752344
9579427
9759399
9759351
9759144
9506399
9686187
9685526
9634397
9649773
9501043
9586123
9719881
9713000
9709790
9693864
9692018
9691704
9667909
9662439
9583811
9567702
9455626
9226765
9679819
9722158
9667879
9643701
9718551
9537888
9713849
9567213
9391736
9667992
9714028
9546911
9649519
9713858
9705940
9680957
9697826
9753192
9717032
9713353
9704413
9702070
9683934
9677694
9640949
9786776
9786757
9667180
9652492
9642239
9628105
9611891
9611710
9701211
9666968
9633276
9663166
9657957
9708141
9691561
9702053
9574672
9665720
9635133
9710955
9659559
9689641
9679429
9657955
9634411
9633986
9735507
9780736
9650263
9659988
9790704
9790700
9790826
9778845
9790860
9786924
9790934
9791140
9790941
9790924
9790900
9790888
9790887
9791147
9791136
9787707
9791376
9791361
9791292
9791289
9791285
9791272
9791268
9791256
9791226
9731848
9791276
9791363
9791104
9791237
9652983
9697555
9694257
9696898
9697838
9600766
9580908
9408404
9659105
9675492
9692329
9692143
9692108
9692055
9718922
9747680
9743920
9675481
9702170
9702564
9699463
9538299
9702021
9698407
9697351
9702478
9700949
9686238
9670495
9654596
9156574
9725040
9729735
9710491
9755971
9755829
9702630
9750301
9733135
9728524
9756713
9639725
9743168
9732099
9752670
9735619
9753100
9753744
9753539
9753458
9753443
9753370
9748305
9685615
9753898
9753779
9748345
9731360
9543682
9728268
9753627
9752257
9687682
9753681
9728127
9749318
9745498
9736426
9708006
9751507
9503335
9752812
9753386
9652103
9755768
9756150
9685512
9724629
9759744
9759669
9759636
9758629
9758396
9760013
9759951
9759746
9758728
9756756
9754535
9620916
9668857
9656534
9628403
9617018
9421417
9720429
9665197
9478959
9737362
9632871
9737702
9702278
9713925
9735082
9734094
9721077
9712873
9702703
9702536
9702039
9696024
9667535
9645311
9625895
9599681
9457735
9714247
9478968
9646704
9680133
9670057
9667585
9628305
9620913
9692008
9704791
9694134
9720169
9726313
9611958
9712497
9667251
9668797
9609475
9658413
9652343
9649896
9645419
9512244
9335315
9335092
9707609
9785271
9615253
9720753
9791418
9791515
9791501
9791493
9791558
9697575
9699414
9678058
9704896
9275814
9684194
9669495
9655167
9702104
9702500
9737415
9725445
9752525
9757646
9753903
9754116
9543114
9660612
9547126
9754203
9750390
9731079
9754322
9752319
9754159
9754234
9752212
9750259
9745477
9760192
9760124
9760111
9759844
9731238
9726981
9607796
9760438
9760410
9760186
9759426
9754774
9733856
9760206
9760153
9759961
9755994
9670896
9639780
9760281
9760220
9760159
9760049
9759972
9759881
9759245
9759034
9758813
9758441
9757705
9755758
9755612
9755397
9755186
9693207
9679691
9674052
9688342
9718257
9744190
9741909
9601182
9706804
9633274
9664408
9647819
9728796
9728635
9728497
9728871
9728714
9736156
9730133
9729511
9729425
9728601
9728343
9726596
9726136
9721048
9714446
9714397
9708099
9707317
9706363
9703868
9703010
9684676
9683041
9674156
9673704
9673600
9672522
9672071
9671901
9668321
9654511
9651652
9650962
9647471
9640257
9634108
9600629
9457490
9438739
9422116
9658967
9488794
9714692
9708378
9613276
9701688
9647700
9703179
9612050
9727072
9697595
9586111
9532412
9684481
9748533
9701703
9665571
9703794
9757907
9755344
9754440
9754421
9754318
9693186
9754425
9754371
9754366
9754370
9754146
9687257
9657386
9754089
9754583
9754529
9754510
9742586
9754628
9754625
9754613
9754612
9752114
9643311
9760547
9760542
9760520
9760519
9760504
9756034
9755935
9748428
9736384
9698662
9696653
9760551
9760498
9760450
9755295
9723221
9698172
9690045
9760629
9760619
9760593
9760561
9693110
9760516
9681024
9648941
9647454
9652730
9691199
9702308
9682784
9657999
9647524
9613632
9722254
9665683
9694683
9697688
9698059
9698792
9625628
9709342
9662653
9662615
9748670
9703146
9744071
9664732
9749224
9699194
9656832
9568921
9630783
9730606
9730560
9755009
9750092
9757768
9758001
9757842
9754712
9754760
9742582
9752386
9754587
9754681
9754636
9754513
9748663
9709593
9752139
9625943
9741124
9760652
9605816
9497514
9760673
9748759
9730984
9760725
9760739
9748675
9238501
9752622
9709977
9709794
9621239
9639646
9660888
9701330
9694918
9687418
9648737
9531227
9661333
9645463
9317556
9536900
9528869
9742797
9660106
9596141
9703462
9554247
9656898
9703654
9699341
9550715
9701516
9701704
9701543
9726598
9756374
9757664
9734428
9606226
9704219
9601328
9704587
9755605
9754962
9604411
9632985
9704744
9760522
9758131
9650539
9756923
9760795
9759879
9759611
9693086
9760807
9759334
9760867
9760886
9760872
9472508
9523979
9630837
9662505
9697393
9787468
9708127
9707909
9624290
9654330
9664625
9681501
9537948
9643473
9520000
9479613
9730193
9728727
9638429
9596884
9520647
9624170
9657656
9734208
9717142
9712808
9780927
9503046
9665282
9453495
9734813
9739277
9736720
9742758
9644097
9703837
9651888
9691138
9553085
9703854
9703815
9703785
9703738
9699348
9614328
9667691
9543580
9737905
9737768
9472586
9735746
9675880
9742630
9640313
9615423
9699475
9594957
9648221
9755216
9755281
9754740
9752814
9759010
9760961
9760960
9751552
9751265
9702503
9760871
9754771
9740386
9774855
9686208
9665728
9656353
9638380
9700295
9710340
9614848
9620417
9704201
9688431
9732124
9655517
9611362
9642100
9427778
9642253
9637683
9573704
9564036
9675568
9689881
9672745
9681828
9655840
9269723
9699727
9791587
9670472
9694477
9689377
9673229
9682380
9684630
9652087
9534724
9670331
9627691
9678821
9678487
9678080
9677295
9704096
9704059
9704041
9702435
9699450
9698558
9656577
9642169
9611332
9586048
9636356
9634366
9617259
9704303
9704301
9704224
9689896
9666584
9661168
9661016
9465726
9704136
9704593
9697439
9680049
9579803
9668595
9605840
9664073
9735882
9735982
9725704
9719765
9737011
9736970
9748411
9749694
9704924
9704393
9704000
9706141
9679116
9654610
9657459
9644427
9704125
9755410
9755585
9528267
9756569
9760631
9760933
9760799
9760978
9761032
9679036
9670091
9600710
9544657
9535489
9652399
9615304
9510370
9571346
9590324
9515256
9644901
9681980
9688366
9665022
9667018
9704493
9615674
9735511
9653232
9735290
9675950
9715597
9710866
9730971
9722312
9609210
9692892
9591268
9521123
9698536
9704613
9560915
9693932
9704750
9704540
9704565
9704445
9704037
9703998
9702043
9704721
9703753
9701053
9682828
9704779
9704660
9704638
9702906
9704816
9704005
9737793
9732672
9732218
9704570
9730928
9755942
9749982
9704513
9603608
9662338
9638026
9601195
9598363
9705140
9704801
9704525
9622732
9523685
9750860
9761066
9761062
9708462
9703776
9703431
9703354
9761088
9750217
9710403
9703399
9674779
9761096
9761092
9761084
9670092
9567122
9668283
9608981
9577429
9760851
9595631
9662484
9577897
9676299
9638742
9637801
9680583
9740430
9730762
9715896
9785688
9786728
9571920
9621118
9507120
9689507
9653458
9698586
9652935
9687741
9704323
9674056
9720953
9698789
9737839
9669509
9681208
9647877
9631767
9682635
9542878
9705171
9662306
9538308
9704926
9704746
9704736
9702529
9691950
9682679
9593210
9514292
9705649
9705648
9705587
9703736
9678877
9694130
9704965
9696037
9651005
9705453
9705452
9705420
9687947
9705504
9723414
9744938
9757789
9744582
9672552
9744195
9761039
9732283
9675450
9761210
9635884
9761261
9761260
9761254
9635907
9686014
9661041
9547022
9707910
9566076
9636269
9668087
9693321
9716246
9632416
9731157
9731061
9709067
9499724
9576779
9647962
9506250
9689878
9677485
9699870
9699266
9688837
9653057
9684133
9628364
9577936
9546778
9617670
8698522
9704947
9681761
9703978
9651953
9704325
9704535
9704751
9655472
9599793
9693394
9676910
9701426
9702038
9675953
9691369
9736979
9621968
9695775
9673120
9752095
9681310
9659346
9757617
9757503
9757848
9756902
9707603
9707578
9708422
9679985
9706460
9706303
9692501
9692471
9692546
9686782
9705239
9706273
9704776
9695106
9705197
9701941
9678569
9705629
9705081
9705033
9691605
9655929
9632268
9752884
9691979
9751445
9761342
9760809
9756843
9756751
9756694
9740317
9758648
9761222
9754632
9752044
9759554
9758199
9600378
9671265
9566382
9640094
9638486
9650411
9543227
9756041
9723343
9668342
9746789
9655410
9571831
9705060
9704549
9709450
9728927
9652201
9689139
9739289
9716425
9710177
9745599
9611719
9723357
9676983
9667832
9700487
9652505
9420742
9689726
9706743
9399947
9702571
9702311
9700802
9699538
9699359
9706167
9648351
9700936
9700686
9700484
9700387
9700282
9700161
9700032
9699702
9705867
9382779
9729878
9705018
9707844
9739771
9739910
9696149
9746874
9675675
9627909
9703898
9704471
9704179
9703216
9704649
9704798
9703459
9685291
9731789
9728205
9736055
9739241
9740298
9726082
9723019
9707705
9737351
9628518
9628079
9626693
9628597
9628449
9754777
9654473
9757984
9707624
9592885
9703971
9637256
9701263
9699145
9680193
9679659
9679059
9705953
9705865
9648836
9594642
9699204
9698719
9706361
9705595
9667997
9548428
9705159
9705558
9671609
9734375
9672556
9723113
9682501
9627113
9761355
9761381
9761367
9761350
9757776
9746868
9760374
9760649
9759634
9758731
9755504
9766281
9675655
9723027
9305231
9574301
9572227
9719200
9672488
9491084
9481610
9641034
9760247
9719980
9647015
9732722
9657987
9457873
9728225
9718400
9587250
9670712
9665484
9671920
9655524
9633005
9672393
9666621
9666541
9719897
9719167
9657482
9553388
9553249
9705402
9670044
9666724
9660654
9603239
9497503
9720412
9503444
9694110
9685358
9703964
9550984
9689642
9576919
9421926
9727823
9662133
9576649
9734025
9583065
9743645
9418664
9648521
9657665
9656281
9789073
9672964
9612286
9670170
9598090
9706935
9719756
9704300
9740734
9740463
9689804
9740645
9634353
9691699
9734534
9740211
9737083
9712194
9737405
9727937
9605578
9690482
9706961
9705551
9522426
9705697
9707521
9707275
9706796
9706480
9702638
9706970
9706629
9705573
9575257
9707049
9706932
9706858
9703820
9684349
9707012
9706988
9694367
9691384
9704010
9706557
9749625
9754998
9755023
9722021
9738648
9623094
9594118
9728160
9546712
9509508
9763523
9731512
9677736
9687798
9570324
9649066
9725199
9672524
9672629
9673021
9601324
9678013
9679473
9620963
9721236
9780896
9719863
9740949
9740384
9735201
9704283
9704731
9704528
9513689
9735180
9369018
9650072
9726060
9571820
9707069
9706635
9704875
9689848
9685266
9642793
9626459
9707938
9707739
9707392
9707219
9706606
9705112
9704928
9702510
9691051
9688212
9687069
9686976
9686754
9706927
9624673
9603140
9572003
9707519
9707471
9703760
9670942
9657413
9654595
9621309
9620816
9758480
9685502
9416347
9719801
9637018
9636877
9274506
9484471
9667862
9698220
9652078
9473200
9693848
9738235
9725378
9718022
9717898
9715156
9677784
9791332
9720090
9719854
9702344
9708686
9704263
9708215
9731644
9714714
9738409
9625541
9741274
9705290
9702214
9707847
9707776
9708170
9707802
9705840
9708571
9708408
9708336
9708193
9707933
9706800
9704410
9657698
9452604
9708548
9701750
9689177
9537574
9702501
9537377
9761507
9761535
9742579
9724833
9748620
9729708
9667081
9707704
9682302
9674943
9613744
9668703
9689508
9731155
9741795
9741612
9741342
9740487
9678814
9714363
9745940
9708946
9614262
9655591
9535924
9726306
9522839
9723597
9700734
9652989
9708524
9537500
9537300
9524503
9761578
9761575
9706153
9761571
9760434
9729993
9681906
9589061
9732014
9626125
9686722
9673073
9671968
9661210
9658829
9637647
9634076
9705839
9650076
9730052
9721723
9731987
9709275
9709261
9709171
9709070
9708256
9708836
9614111
9535312
9462610
9726716
9737159
9737377
9761567
9761601
9761573
9759693
9761645
9761593
9728089
9754764
9581897
9707691
9508056
9507553
9732705
9681694
9698861
9761614
9761697
9761671
9761701
9730974
9709314
9726120
9696886
9702610
9589139
9536979
9675812
9267361
9714238
9709724
9665214
9709417
9704253
9710004
9688867
9477400
9725311
9742916
9743349
9711843
9676585
9653601
9742032
9217877
9761726
9761743
9761752
9710263
9710119
9705268
9664961
9723773
9630977
9575964
9717434
9616485
9552520
9694361
9682490
9639486
9638808
9534018
9634473
9662765
9667214
9594171
9698276
9626007
9614086
9678590
9703861
9710045
9708487
9699965
9698479
9688757
9677752
9676324
9708178
9689212
9739670
9604508
9743043
9743117
9735573
9741049
9657748
9702329
9714349
9658080
9745484
9756988
9706759
9704363
9749031
9761722
9761739
9761735
9759051
9712813
9761017
9604142
9642830
9637835
9671286
9649357
9646058
9675724
9585649
9731569
9670853
9618099
9630454
9547021
9672246
9709598
9709701
9710374
9710108
9700890
9700629
9709958
9710023
9686745
9628887
9710217
9710130
9710044
9705371
9688538
9743615
9691612
9743461
9691457
9743155
9671753
9620233
9439391
9635263
9699316
9714890
9446888
9710789
9698412
9728504
9686128
9691915
9673049
9761728
9723452
9761810
9750407
9680464
9760158
9760857
9760833
9721734
9662684
9693096
9642788
9604781
9605230
9528507
9570117
9715566
9504392
9487565
9612102
9631469
9630926
9615066
9676755
9675961
9671463
9642910
9519899
9435741
9680570
9577249
9686174
9664341
9634286
9450402
9710848
9710565
9710487
9710120
9709943
9677235
9664144
9710610
9710266
9709835
9709773
9672937
9744256
9743941
9743799
9535621
9575444
9609209
9471263
9710425
9711626
9710679
9710551
9710777
9631535
9711006
9710954
9706806
9672187
9711093
9700390
9672774
9593260
9706201
9723590
9686901
9700977
9629376
9710509
9761903
9761889
9761880
9761905
9761866
9760640
9755510
9748448
9758951
9644080
9643162
9654531
9728657
9655629
9677324
9667763
9623923
9618246
9585749
9731605
9722864
9707787
9705374
9684151
9655779
9677589
9693335
9687781
9697937
9684386
9679875
9424593
9654146
9615706
9688012
9706509
9706346
9702438
9704360
9690761
9710697
9700479
9650671
9710525
9720079
9655073
9744722
9426921
9598599
9691193
9745815
9746398
9707178
9699974
9711367
9716987
9711249
9711190
9707663
9695835
9688232
9651185
9711215
9707969
9705317
9690048
9670796
9711536
9711424
9709619
9702967
9701606
9686480
9686314
9728807
9651416
9729496
9691050
9713120
9706178
9705851
9477380
9719351
9761979
9761939
9736081
9762034
9762020
9761956
9762070
9762047
9762035
9762024
9761900
9742434
9761272
9630615
9637998
9671569
9711840
9697441
9660377
9654611
9652219
9589643
9669117
9656921
9602167
9674236
9642895
9668075
9673798
9665386
9714946
9670815
9660072
9647218
9710319
9629481
9741219
9711173
9747668
9691556
9680433
9701722
9712197
9682167
9610850
9711978
9704536
9672545
9706574
9691042
9711986
9713995
9708399
9710673
9704993
9710165
9711551
9712990
9706998
9599983
9684767
9695069
9761598
9762071
9762109
9762100
9762124
9640221
9692711
9673446
9677822
9670627
9665104
9684554
9748942
9666126
9640343
9634320
9782992
9788202
9737161
9562579
9676726
9600228
9559616
9628183
9712167
9706274
9706164
9637701
9704050
9702701
9712504
9712436
9711123
9705835
9709887
9709843
9710320
9709877
9608641
9682644
9679994
9712423
9738579
9719314
9729186
9739776
9709997
9739612
9720375
9741244
9704878
9746653
9739740
9741065
9712784
9675007
9711726
9712282
9712069
9702291
9467861
9712337
9710962
9708349
9700988
9713087
9712968
9711630
9660521
9657205
9610751
9657824
9656211
9606308
9660411
9675605
9711234
9672175
9422754
9711773
9711515
9749771
9670794
9706868
9706746
9708217
9712354
9712262
9698201
9743398
9761492
9757981
9759064
9762077
9762095
9700250
9681776
9542577
9670597
9617120
9671839
9671437
9671309
9670280
9637655
9665634
9609571
9719452
9739721
9703623
9452828
9626369
9473143
9645380
9600085
9566550
9541562
9746208
9742526
9605251
9711106
9707738
9679628
9678340
9676788
9675543
9669851
9666599
9650939
9648497
9622902
9598681
9625312
9555656
9564969
9678693
9596266
9565002
9718165
9686907
9732908
9690721
9712400
9708442
9712965
9684892
9713049
9712940
9712893
9705408
9700233
9696705
9690037
9679115
9699219
9710170
9609626
9696140
9740728
9743177
9743162
9746354
9740103
9746767
9705818
9709833
9711527
9699492
9707986
9699371
9677167
9712688
9683101
9640738
9625344
9712888
9712801
9712453
9676107
9648585
9712974
9712788
9712638
9712528
9698062
9684708
9667591
9513740
9740235
9718704
9686952
9694280
9761441
9761711
9761720
9538464
9729905
9771934
9541300
9700879
9483134
9490885
9675999
9704344
9704003
9474057
9732820
9662651
9699043
9679375
9651022
9645508
9637331
9633689
9633547
9633316
9611766
9608481
9720432
9726374
9675288
9710386
9713491
9713013
9699065
9684326
9626995
9560976
9741214
9744708
9747308
9747178
9713408
9713391
9698434
9672238
9713696
9713600
9713542
9713482
9712519
9713737
9713689
9713664
9713590
9713525
9713374
9713193
9686090
9711333
9711177
9691697
9711617
9711871
9446905
9707634
9761518
9761481
9762098
9624854
9621301
9719763
9633831
9675558
9553129
9679286
9611559
9597714
9679782
9679718
9679494
9673258
9662851
9654794
9636201
9570820
9551597
9719754
9598532
9676686
9494325
9654456
9714013
9713945
9714006
9712091
9711863
9705484
9689293
9671378
9477169
9714257
9711660
9705553
9685083
9581232
9675463
9694388
9692187
9714093
9744277
9744120
9744599
9744506
9744776
9745013
9744847
9747910
9743395
9745127
9744994
9745363
9745243
9745171
9724672
9743308
9743737
9743618
9743533
9743827
9744036
9743994
9745656
9741497
9747542
9747091
9747717
9712983
9711793
9698616
9672233
9512272
9713934
9741589
9740720
9695360
9525121
9761464
9727785
9759967
9562787
9655195
9628281
9456066
9520952
9691900
9738385
9617950
9685654
9680463
9679688
9678427
9644296
9609222
9496143
9467891
9758751
9748186
9746366
9714463
9685231
9707493
9540939
9673108
9742200
9691863
9761617
9762294
9762327
9760086
9692759
9725551
9673586
9670121
9730029
9680233
9600726
9680757
9710169
9744986
9709300
9680983
9461324
9714783
9703562
9714658
9714650
9727426
9724501
9745647
9742394
9761622
9677005
9677772
9762360
9762375
9762368
9762398
9762389
9728878
9692882
9644891
9569840
9554994
9678490
9569883
9744002
9676111
9638403
9544181
9748892
9637259
9713493
9714634
9714876
9642067
9723306
9714749
9719577
9678481
9762379
9762361
9747472
8693853
9576295
9750250
9638914
9616910
9721306
9718120
9666602
9712829
9702319
9713054
9715238
9718118
9715385
9744260
9608876
9742682
9647284
9614926
9657239
9716966
9707099
9710409
9708321
9627309
9712790
9479174
9730942
9737385
9575459
9762601
9762596
9749436
9703855
9691988
9761793
9762153
9762436
9730680
9761240
9564998
9670051
9692966
9452867
9512296
9648557
9617588
9681528
9618610
9565330
9717551
9670062
9713394
9652526
9679178
9709840
9715292
9715254
9715149
9703805
9689144
9649505
9541240
9715371
9713200
9706719
9715376
9525739
9707952
9710489
9694267
9737079
9734861
9722048
9664536
9690064
9630467
9711966
9710690
9715348
9430039
9389887
9698458
9707842
9707402
9706239
9706103
9762624
9722098
9761190
9732239
9654860
9652558
9762797
9752484
9750754
9662727
9520071
9762043
9519091
9728626
9678560
9507301
9592883
9544104
9681563
9706550
9687738
9686632
9682080
9637081
9670960
9655185
9700731
9703793
9712432
9658032
9715516
9568325
9711900
9698421
9491896
9554462
9715975
9715876
9672408
9715264
9704359
9715474
9715280
9707089
9677217
9667359
9644425
9639272
9482050
9715668
9696093
9718156
9694023
9711085
9681713
9693925
9707299
9708605
9715440
9743254
9605289
9686650
9705128
9686089
9571650
9748870
9714267
9749315
9603640
9711170
9714664
9714032
9614258
9715514
9685279
9661386
9691955
9715616
9604972
9685222
9497158
9674000
9660272
9715673
9714186
9691687
9690872
9712310
9699317
9745032
9743088
9509785
9680295
9513521
9743017
9729418
9706337
9759448
9760592
9748449
9610183
9762912
9762906
9762888
9762677
9744564
9716095
9744330
9735114
9735064
9716854
9763021
9762916
9697725
9763092
9762404
9663610
9556397
9742532
9737967
9581220
9544975
9738277
9755499
9432929
9690939
9449678
9566828
9763248
9763221
9763181
9763010
9754882
9357228
9516050
9481766
9732587
9702157
9686783
9594186
9652671
9247984
9559877
9686548
9710128
9704403
9642826
9636467
9573448
9541969
9702628
9670790
9658530
9652164
9442728
9639182
9787130
9679491
9716196
9633654
9716018
9705323
9701239
9716354
9707500
9744159
9719394
9731824
9723766
9706472
9716450
9713282
9666956
9608572
9716539
9716490
9716338
9706653
9705981
9704407
9716703
9716591
9676644
9666954
9640956
9626745
9715929
9715588
9672111
9608206
9716169
9703924
9702698
9750303
9743206
9740821
9688218
9750455
9622938
9750161
9715671
9761878
9588982
9703072
9633035
9763848
9763803
9745822
9743189
9703195
9701210
9700417
9740783
9760772
9725284
9763553
9762778
9763719
9744577
9762996
9762965
9762837
9679899
9648906
9550152
9660175
9608366
9627382
9665491
9676102
9727752
9766160
9646363
9649201
9643300
9570923
9688530
9616837
9671423
9420447
9648923
9682759
9634300
9584338
9689331
9696573
9654728
9645920
9667293
9709532
9690880
9648206
9713871
9713638
9670440
9739584
9744524
9713880
9742134
9745594
9744772
9749415
9679669
9637865
9716839
9716750
9716615
9715987
9706562
9717046
9716764
9658574
9584064
9714447
9699524
9699246
9688179
9685224
9655831
9644411
9717340
9699265
9671662
9666627
9643304
9575129
9671241
9669185
9653811
9686037
9690800
9522344
9717037
9716988
9716809
9716831
9487476
9734922
9717512
9716965
9749094
9665327
9714719
9751386
9762697
9681374
9654328
9628046
9615882
9717760
9764074
9763890
9763878
9762983
9757603
9764212
9764208
9764044
9764015
9763703
9750602
9756769
9764249
9764223
9764487
9764424
9764411
9764327
9764655
9764569
9764546
9764476
9764272
9716432
9678537
9678358
9505442
9751043
9603502
9611251
9763510
9622783
9633494
9682773
9637678
9683421
9680625
9678842
9654410
9564109
9733853
9671063
9605501
9654386
9719721
9679506
9713571
9604087
9699412
9648654
9587680
9697915
9713433
9715336
9591027
9628088
9598476
9705579
9717168
9706588
9693698
9716275
9691982
9717799
9717615
9654505
9717864
9715072
9671546
9702032
9700868
9510303
9666875
9715191
9718964
9718088
9601956
9683401
9745456
9745371
9717246
9580226
9748831
9599819
9713860
9688392
9688343
9667023
9657666
9654986
9704856
9717658
9717528
9717412
9708772
9677778
9653804
9710722
9680885
9666641
9665703
9717917
9715517
9711382
9719460
9690791
9670267
9667008
9688040
9751247
9754990
9762634
9758769
9716479
9658475
9762234
9762252
9763332
9732986
9764038
9759420
9753473
9764558
9764506
9764388
9759943
9759642
9703288
9764928
9763781
9618271
9570032
9544594
9660932
9737165
9765044
9764104
9764930
9765125
9764077
9743011
9715375
9652892
9622507
9681710
9606837
9564682
9483635
9673334
9570981
9733973
9727890
9691064
9646608
9656178
9636525
9571914
9547863
9525014
9683950
9681835
9666623
9713141
9686013
9733896
9676757
9789195
9713224
9672237
9589847
9714290
9718577
9707582
9684967
9713030
9715779
9684417
9589493
9704502
9718420
9716595
9615779
9718501
9718240
9718145
9716290
9707400
9512261
9718259
9710098
9679182
9743153
9738615
9705926
9745950
9742196
9720581
9745987
9748988
9745696
9748387
9749764
9598644
9676319
9713499
9704388
9700858
9716492
9665407
9709985
9700586
9717569
9704893
9704624
9592879
9719349
9719963
9715587
9701680
9718568
9686878
9713835
9737063
9746229
9749268
9484223
9484239
9713461
9758130
9752928
9725687
9762568
9755743
9755390
9694437
9756586
9461646
9246779
9494902
9672857
9631846
9763686
9746654
9746632
9736836
9705543
9576610
9653751
9628675
9517883
9765216
9765089
9765082
9765032
9764612
9765019
9764937
9556066
9614536
9765379
9765362
9765304
9763030
9762871
9762768
9762675
9728832
9765146
9765129
9765027
9764902
9764806
9715439
9671388
9715698
9732152
9765269
9430157
9525846
9524160
9651287
9515698
9512644
9647560
9751719
9734051
9713144
9729050
9642786
9589607
9713165
9678521
9678297
9676166
9611148
9558908
9628029
9587168
9580008
9547660
9523770
9731504
9731138
9706395
9684456
9684364
9683174
9676553
9667409
9737663
9558787
9651459
9698740
9576330
9657164
9682927
9695834
9691291
9693670
9715881
9715743
9716747
9716571
9716812
9715491
9718700
9718665
9718607
9708896
9718986
9718969
9718676
9716132
9608552
9740750
9740202
9580312
9746643
9749249
9714513
9716422
9716592
9515276
9498696
9719201
9708792
9705346
9718362
9720063
9718651
9657686
9715322
9710309
9749858
9707139
9752628
9751045
9750696
9749709
9749799
9713608
9748317
9744802
9732098
9554363
9762708
9700002
9498208
9461409
9539706
9560406
9657749
9661250
9704473
9743662
9752156
9739340
9763291
9763225
9676814
9764589
9765351
9685579
9681116
9765684
9765681
9765629
9764998
9758056
9703284
9765898
9765640
9764729
9680012
9718237
9765777
9732452
9715799
9685054
9684741
9682567
9662612
9630673
9620645
9608891
9381092
9684864
9616546
9699233
9777875
9313626
9733572
9712715
9663721
9663715
9673273
9719252
9720013
9639138
9715210
9714375
9714151
9713677
9718891
9717484
9718631
9452167
9695878
9695646
9694556
9747201
9711661
9740766
9630930
9745184
9363727
9715650
9641295
9716629
9716564
9477099
9717190
9488022
9669726
9718999
9688702
9719445
9719375
9701711
9632017
9719817
9719520
9719909
9719757
9719706
9719450
9719250
9718451
9715758
9713448
9719418
9701138
9643764
9640423
9719791
9718725
9716612
9716330
9713910
9301416
9719153
9719856
9705530
9752903
9753427
9753272
9751361
9710474
9738597
9759340
9758936
9691569
9690317
9652299
9549471
9598080
9652197
9692158
9376406
9766193
9766075
9766044
9747732
9765538
9765335
9759632
9765161
9701290
9685583
9685219
9670327
9663628
9652422
9652107
9628285
9623082
9582407
9580979
9553585
9640438
9759114
9758970
9697888
9639352
9638020
9764268
9757345
9756167
9624442
9766684
9766448
9765396
9775473
9335489
9679301
9733229
9715239
9691555
9476602
9476515
9476431
9476318
9475781
9475668
9475567
9566284
9566237
9597679
9635111
9720215
9637084
9574928
9714082
9695520
9720549
9709017
9625952
9720661
9720625
9719074
9718677
9712956
9712359
9711218
9720664
9716589
9720330
9676897
9716441
9587961
9719966
9762268
9574136
9732736
9698769
9489009
9763456
9587623
9766110
9686522
9735117
9732759
9732539
9710942
9707127
9706956
9686728
9686437
9685730
9684714
9683527
9680060
9668153
9633435
9538312
9480018
9454867
9452824
9395530
9767267
9766948
9766913
9758114
9755636
9753224
9631007
9692169
9766176
9767027
9766908
9766848
9766555
9766497
9757037
9747159
9767155
9767108
9764291
9766528
9583166
9511950
9584026
9772911
9720421
9703483
9732904
9720585
9699376
9680235
9720644
9720352
9714387
9714323
9570055
9761983
9762314
9762303
9762338
9536181
9672277
9730146
9729741
9720137
9707443
9701923
9698191
9685018
9674125
9673575
9673247
9673169
9673092
9672872
9672297
9670806
9669877
9668035
9668023
9667938
9667314
9663590
9654052
9652554
9642987
9642641
9642032
9640934
9640519
9639561
9639406
9638785
9637337
9637303
9634526
9627107
9623810
9614827
9613343
9587860
9586400
9568852
9565813
9541839
9535840
9525626
9513402
9507826
9469820
9362258
9747565
9767627
9757430
9731308
9725417
9722985
9767560
9767552
9767506
9767499
9767488
9767478
9766459
9762206
9762193
9767376
9767416
9767215
9761484
9761447
9760771
9750006
9634934
9767234
9766858
9672377
9776677
9678675
9569067
9767160
9720129
9721166
9709405
9712305
9715918
9673631
9635463
9748564
9746626
9746312
9720877
9720451
9762074
9762352
9762373
9762367
9762392
9557111
9767723
9767681
9749391
9716776
9767794
9767785
9767777
9767768
9767469
9767923
9767907
9767882
9767854
9767812
9767764
9764950
9664859
9767219
9748473
9721336
9721322
9721032
9704955
9721335
9712353
9746468
9748731
9704833
9719352
9718387
9715277
9722851
9723600
9715192
9647900
9645447
9767942
9767932
9767773
9746128
9768011
9768004
9767974
9700185
9768025
9768015
9768005
9767998
9767931
9657708
9607257
9767138
9345165
9269574
9768018
9690866
9748443
6702408
9660107
9721513
9640691
9492401
9722675
9542438
9721502
9721585
9721498
9693806
9721656
9721707
9722965
9722210
9597178
9699529
9727799
9722004
9723399
9723176
9729516
9596264
9685299
9685342
9620996
9719471
9720146
9619386
9730017
9730843
9754929
9761534
9762904
9764270
9763203
9687809
9622614
9767725
9767759
9767647
9726076
9635742
9722178
9684289
9768299
9739900
9655124
9766548
9766346
9767086
9753498
9687350
9555641
9502333
9713220
9602448
9721918
9721778
9643177
9708491
9701946
9685881
9718369
9721557
9654589
9603645
9721765
9718840
9715624
9672049
9686350
9701313
9715206
9563773
9458395
9716311
9727743
9715454
9716647
9688807
9681544
9593790
9747198
9737608
9755125
9754004
9749935
9749547
9755254
9754182
9761692
9768052
9638602
9728863
9690010
9743031
9765480
9765791
9765696
9765657
9735157
9510539
9492607
9767487
9768019
9768422
9768385
9730045
9768578
9768553
9768523
9768454
9768450
9768410
9767878
9766283
9731534
9723971
9768105
9768048
9742291
9768348
9765554
9768393
9768365
9749607
9622919
9678352
9719899
9722185
9731583
9714402
9602499
9662956
9528068
9688322
9666071
9646038
9725454
9723167
9665735
9665639
9722395
9722260
9722197
9722095
9721794
9720229
9714313
9712709
9712446
9604450
9722087
9722025
9545329
9488920
9449556
9722075
9531146
9720658
9714436
9711227
9711137
9707906
9676403
9619090
9686078
9688981
9632128
9589839
9718564
9642296
9724862
9699381
9698452
9723443
9733086
9743839
9749337
9743047
9749559
9604329
9699689
9652971
9573529
9704940
9705266
9720685
9722515
9722115
9686122
9695776
9755327
9752495
9599567
9674906
9651265
9712731
9741025
9578635
9769068
9768905
9768868
9768821
9768783
9768539
9766910
9731941
9658612
9769213
9769075
9769066
9766622
9764752
9758576
9757797
9762868
9695324
9586735
9730693
9688043
9740136
9768692
9768614
9767842
9768827
9768819
9768632
9767615
9767603
9693940
9674697
9754102
9695745
9666817
9540387
9680987
9531815
9528638
9723424
9688149
9687060
9686218
9679699
9670897
9659052
9651568
9620527
9661297
9668639
9722935
9722955
9722462
9722387
9719872
9695810
9695617
9713235
9723144
9722996
9722920
9722608
9722286
9720853
9695465
9690685
9687090
9637425
9631402
9592831
9722429
9546623
9722895
9722803
9749782
9743718
9721854
9716442
9723025
9755979
9756388
9740224
9746956
9718842
9749978
9740086
9750376
9704658
9749876
9769224
9769031
9768828
9761392
9756591
9752701
9742514
9769546
9769488
9769474
9769278
9769020
9768884
9768646
9755112
9527924
9769689
9769576
9769463
9769281
9769245
9747546
9699352
9683178
9610542
9606798
9526985
9608703
9763963
9769808
9769743
9769621
9769585
9769501
9631592
9610607
9663483
9661376
9661243
9755962
9723186
9763310
9760577
9590870
9763468
9713469
9737695
9764625
9767326
9757929
9637412
9730925
9757000
9685585
9676380
9588877
9579875
9715684
9689079
9687021
9686646
9642120
9633734
9627108
9676155
9689168
9707730
9723848
9723697
9651012
9723543
9723598
9710706
9707556
9719961
9498842
9702096
9706698
9723127
9722890
9720565
9712522
9711045
9710292
9707703
9698247
9723268
9722610
9708482
9707567
9704026
9723178
9722970
9722824
9722676
9539091
9444473
9740669
9683339
9755164
9610764
9753146
9750140
9746549
9761933
9764363
9763886
9769486
9620812
9613511
9488242
9770047
9770008
9769855
9769273
9736643
9732504
9770458
9770348
9770227
9770101
9770100
9760690
9770323
9770249
9770011
9769918
9769866
9737919
9770450
9770431
9770430
9769370
9768039
9750240
9714819
9768344
9770325
9729724
9459021
9734836
9703918
9689042
9688812
9688712
9679777
9671233
9626100
9612036
9365611
9689521
9477081
9657844
9620261
9725720
9724198
9686739
9722135
9719377
9690798
9675706
9717772
9712193
9661171
9723949
9446055
9724105
9724037
9715573
9666189
9722780
9721398
9710111
9715472
9722111
9716037
9710625
9691773
9710159
9628602
9684132
9726033
9725178
9726975
9713775
9695640
9674348
9684446
9568428
9707029
9718611
9724624
9710256
9722563
9740337
9685640
9600887
9600523
9509792
9682117
9047144
9723790
9723968
9756638
9757336
9676047
9751486
9751285
9749294
9734843
9758315
9543196
9762514
9751206
9689912
9766551
9656595
9770851
9770694
9770666
9769282
9767041
9764477
9763811
9653518
9770813
9697349
9770357
9770998
9768038
9766443
9613326
9752258
9687967
9766919
9766944
9766381
9753178
9616621
9701419
9771072
9771003
9768719
9713742
9618291
9772906
9646160
9574526
9654756
9598951
9727130
9738020
9733466
9686732
9679511
9660915
9658929
9724290
9712821
9678603
9697895
9724548
9711007
9661163
9712291
9656841
9725342
9722120
9722737
8676842
9518798
9721816
9712294
9722068
9705020
9653014
9713086
9712851
9726984
9709719
9724567
9718112
9715545
9700521
9700442
9538198
9514997
9724789
9724713
9723509
9715951
9655578
9654767
9724696
9724281
9723722
9604881
9724806
9710222
9724679
9721948
9721858
9648332
9633020
9578370
9724814
9724808
9724705
9716294
9724656
9726352
9725701
9126785
9737476
9750023
9750054
9739788
9758210
9752946
9758055
9745408
9752912
9709973
9494604
9752577
9735589
9702177
9677920
9741515
9758544
9708167
9583626
9656948
9757335
9769323
9492858
9768455
9765431
9765703
9753166
9765244
9766048
9723774
9765220
9597084
9611992
9765283
9660942
9725988
9725933
9767620
9573713
9550044
9755481
9768492
9677517
9765967
9746115
9671641
9766694
9758066
9764343
9541313
9771272
9771268
9771215
9771067
9768951
9758457
9706320
9690132
9771523
9765581
9754645
9724083
9723641
9716877
9771303
9771227
9771128
9770221
9746074
9771466
9771384
9771335
9769286
9765787
9771638
9723449
9675767
9736964
9419614
9225441
9735227
9673585
9761463
9728451
9734420
9726445
9660346
9620057
9535753
9688656
9739760
9570416
9474092
9724876
9724722
9724207
9690437
9688541
9686729
9683292
9683112
9674075
9665790
9655739
9650257
9623696
9616023
9610860
9602244
9636572
9524172
9721713
9672480
9643244
9626169
9599825
9686070
9581343
9725618
9725578
9725528
9725299
9724907
9725855
9725569
9723880
9724401
9725367
9722473
9705056
9725227
9725161
9725138
9725048
9724750
9724012
9722943
9710074
9710060
9707239
9706571
9701812
9701151
9645112
9688772
9662481
9649405
9725486
9725476
9725155
9722259
9716021
9715872
9715431
9704931
9716664
9670528
9596974
9725129
9725590
9722901
9668069
9646558
9723554
9702242
9698573
9740486
9716421
9734723
9756448
9732823
9752323
9730222
9746371
9667222
9758195
9750540
9758846
9686519
9756166
9720006
9681865
9725352
9707294
9759684
9759496
9721717
9654676
9715014
9697664
9767184
9752644
9768416
9771909
9771805
9771800
9771719
9749261
9665561
9772040
9771941
9771935
9766634
9715080
9691567
9681799
9771602
9771564
9770280
9769058
9772123
9772122
9772050
9771437
9771287
9769553
9762787
9630396
9729751
9651911
9722243
9700840
9664697
9766683
9768655
9771331
9763454
9680421
9662598
9786596
9600324
9514992
9672856
9666965
9658486
9652105
9627830
9725503
9725465
9724777
9706499
9705274
9726050
9710433
9543778
9505081
9722322
9710202
9725947
9725867
9725612
9726334
9726326
9725906
9723388
9656349
9715852
9713524
9677469
9478963
9722204
9718877
9714922
9723638
9723140
9597150
9523740
9636649
9747335
9720027
9718640
9726210
9737258
9750787
9753609
9753309
9753519
9724936
9759108
9736073
9441966
9591111
9764488
9706790
9766451
9719027
9767579
9735804
9768405
9771704
9497215
9772536
9772480
9772439
9772023
9771739
9759447
9742235
9724873
9771952
9772182
9772077
9766754
9760257
9695253
9772833
9772812
9772770
9772702
9772676
9772563
9772285
9772152
9771608
9759506
9673461
9772909
9772851
9772814
9772766
9772704
9772441
9763085
9762873
9766686
9763279
9739459
9691772
9621826
9679867
9724363
9702138
9703990
9721974
9717306
9726839
9724521
9726648
9726565
9726250
9711196
9710688
9704401
9704131
9703193
9702859
9640382
9645803
9710358
9703161
9719345
9695521
9680018
9726441
9646714
9757033
9753034
9752477
9727782
9720898
9759889
9755625
9675489
9773208
9770203
9731346
9458403
9668704
9710581
9597436
9766977
9655225
9772113
9686562
9772596
9773259
9773246
9773027
9772956
9772788
9771978
9674365
9772988
9759594
9725250
9773369
9773218
9770066
9766720
9768428
9759935
9497867
9772986
9772975
9772499
9726470
9730062
9678410
9696244
9488709
9683216
9725568
9727344
9698734
9590749
9726894
9725148
9725133
9726240
9725636
9714129
9708612
9539390
9639291
9761606
9760409
9567585
9675916
9726541
9767561
9762246
9768567
9771455
9773515
9760630
9773636
9769889
9763643
9711430
9773729
9773714
9773675
9773674
9772411
9731014
9773710
9771354
9772436
9725831
9681023
9722386
9727366
9727351
9727280
9712516
9710933
9725966
9565252
9500129
9721339
9675922
9718221
9628650
9716220
9736402
9745916
9754474
9495569
9770509
9767756
9767772
9767879
9767645
9697925
9768170
9719828
9773812
9773797
9774040
9774034
9774025
9774009
9773983
9773298
9767980
9763916
9761152
9704056
9659885
9773972
9773962
9773925
9773823
9772054
9767841
9756244
9773870
9773861
9773854
9773850
9773742
9771411
9771282
9767791
9744246
9713378
9634337
9725586
9724147
9725369
9725106
9721756
9707195
9727529
9727610
9648753
9751054
9774176
9774163
9774126
9768204
9758348
9767979
9766743
9766386
9774060
9774000
9768065
9695098
9773978
9762788
9749034
9748780
9722633
9640663
9635758
9774073
9744382
8722182
8717029
9465782
9722154
9725491
9711541
9723258
9621568
9729171
9729747
9728185
9563182
9614501
9723174
9549195
9630225
9774211
9774174
9774252
9774245
9774282
9774255
9774276
9774273
9762015
9774298
9774297
9769338
9769562
9768593
9770799
9568710
9519123
9769063
9639832
9773509
9773431
9774326
9774312
9774332
9774342
9774338
9774367
9774366
9774365
9774363
9599930
9751775
9713580
9682209
9774049
9765239
9774310
9774306
9588563
9725515
9727878
9655435
9727926
9719906
9694328
9592666
9463153
9725362
9682826
9728004
9497216
9726320
9728014
9727984
9727988
9726245
9730247
9727947
9642887
9751332
9774657
9774593
9774540
9774508
9772423
9770107
9755214
9724754
9692890
9774212
9774180
9774173
9774251
9723095
9614465
9768510
9656500
9709511
9772845
9773028
9772944
9774433
9774501
9774486
9774428
9774425
9770974
9758088
9758070
9731910
9652005
9768368
9739148
9774544
9774480
9773249
9602893
9676526
9670457
9718060
9725422
9633029
9690357
9688547
9721928
9525363
9722441
9728015
9463001
9728221
9728161
9728047
9713251
9693713
9689155
9608839
9728116
9728104
9728276
9728263
9728154
9588319
9707451
9728330
9728301
9721788
9677860
9677632
9728046
9730956
9676783
9652050
9598663
9741313
9774688
9774236
9732296
9722212
9774839
9774816
9774790
9763089
9730465
9768149
9774979
9774973
9774948
9774906
9774800
9743902
9727989
9769093
9755640
9768213
9768976
9758239
9705096
9775065
9774972
9774852
9770127
9728634
9653752
9653545
9630459
9774765
8888999
9672425
9682561
9726165
9723619
9728745
9685703
9575722
9728399
9728189
9592800
9720438
9704782
9728552
9728424
9708652
9753984
9712986
9746252
9774561
9774233
9657902
9657741
9729532
9769349
9664594
9749550
9572894
9666497
9720866
9714595
9775642
9775641
9775616
9775553
9775222
9774987
9756270
9755896
9775779
9775757
9775577
9755406
9716870
9672961
9648636
9743491
9740197
9730585
9710601
9775325
9775092
9775075
9775054
9774465
9771109
9770418
9763134
9749959
9744248
9686946
9775551
9775342
9775331
9775244
9766499
9762827
9757807
9694523
9723369
9728861
9728738
9728602
9728428
9717163
9728980
9728943
9720914
9729565
9728791
9725759
9603553
9728048
9752175
9753678
9757791
9774304
9776245
9776231
9776002
9775884
9775297
9771801
9744837
9734587
9728197
9721662
9711513
9695052
9776359
9776333
9769337
9764045
9731940
9663513
9659480
9600155
9769990
9739451
9609782
9771526
9765301
9704531
9776010
9775985
9775943
9775931
9775917
9775888
9774582
9775212
9654317
9761666
9760797
9751210
9776345
9775494
9365643
9437963
9708019
9448579
9724217
9706953
9727919
9727960
9727998
9728187
9715286
9728137
9728061
9726373
9662279
9645979
9678779
9679531
9672587
9725713
9729230
9729430
9729363
9653878
9728291
9716420
9641923
9744055
9759537
9724602
9724151
9721679
9755087
9772630
9774856
9774783
9774676
9774267
9776758
9776736
9776698
9776592
9761142
9753377
9547631
9776893
9776832
9776574
9766664
9752716
9715781
9617075
9588292
9777064
9777044
9776670
9777177
9777132
9777116
9777096
9777089
9776885
9776549
9757444
9615749
9765136
9615857
9767221
9766887
9769985
9775008
9774444
9768398
9770153
9774528
9774475
9774877
9775045
9776615
9616662
9678499
9617629
9590002
9683295
9682432
9727683
9684406
9723183
9696318
9680501
9700400
9641576
9729626
9647895
9729521
9729478
9729407
9724496
9490656
9482472
9729683
9729651
9622504
9646783
9724358
9695887
9722248
9722110
9687970
9729713
9723058
9722019
9730156
9747365
9669468
9177971
9676409
9758263
9698894
9762730
9720579
9770170
9737553
9769498
9755877
9765523
9715066
9771265
9670310
9773766
9777248
9777226
9777190
9777182
9777168
9675638
9659992
9560620
9777411
9777371
9777300
9777283
9777266
9777156
9777095
9774889
9745792
9744829
9777542
9777293
9777290
9777217
9776903
9773046
9765876
9677021
9775766
9772584
9766820
9772223
9757953
9757202
9756074
9701227
9722295
9776845
9764421
9671576
9728799
9728798
9729712
9729672
9729356
9726923
9708226
9729746
9716971
9633580
9665948
9651014
9604959
9274176
9717095
9757505
9752657
9745991
9774632
9680524
9776751
9722014
9778136
9778047
9777757
9733539
9778162
9778075
9623439
9683653
9643349
9734781
9775825
9676799
9605496
9764933
9771940
9732382
9777691
9749865
9777821
9777650
9777594
9771549
9763460
9767106
9775323
9688395
9675402
9642612
9692859
9725333
9666337
9685568
9679311
9707269
9730102
9724756
9435094
9457856
9729996
9759201
9662580
9405181
9774819
9776686
9776911
9652564
9778539
9778406
9777500
9769966
9756175
9778876
9778744
9778738
9778561
9778517
9772761
9571516
9767781
9772452
9772318
9758209
9661162
9669454
9773408
9720449
9774213
9702040
9771013
9593279
9581572
9686749
9729722
9728196
9616885
9726497
9730121
9730272
9730238
9665112
9771690
9774728
9772305
9778489
9769029
9421539
9772402
9766800
9698161
9767012
9479413
9457698
9752479
9587588
9776929
9696062
9776357
9729477
9778869
9713002
9619574
9619527
9740943
9503176
9754049
9672470
9760248
9736644
9678246
9777920
9722762
9728243
9687602
9687586
9562497
9743433
9777724
9768140
9774033
9774029
9715915
9683882
9729413
9673616
9558780
9734214
9756941
9774187
9776160
9775928
9769810
9697139
9774089
9774138
9664734
9617806
9664870
9656881
9614282
9729312
9742931
9732304
9736679
9688542
9734430
9728539
9682091
9732817
9657343
9731716
9630509
9731501
9731493
9686502
9731140
9761592
9633969
9774946
9776993
9776923
9775830
9778055
9431042
9734484
9252780
9782609
9784940
9784465
9779815
9784371
9777549
9720504
9648596
9786511
9786449
9767258
9697372
9673145
9522399
9780663
9772276
9757161
9694441
9774348
9774353
9774351
9774360
9768406
9774453
9774437
9774427
9775439
9760405
9775974
9780449
9780512
9777053
9653177
9780531
9779614
9759842
9780553
9780551
9780180
9779711
9778300
9506566
9701552
9653521
9780330
9780315
9780343
9649267
9779718
9781865
9780526
9784928
9772408
9785755
9778190
9723876
9786168
9785945
9720763
9782154
9601062
9786357
9704418
9560859
9491133
9721878
9721793
9727398
9724901
9721819
9741136
9575061
9732349
9719964
9718670
9594107
9736729
9736735
9719210
9731713
9731580
9532019
9728471
9702048
9687856
9732176
9725981
9731797
9731895
9621169
9725236
9582562
9582527
9728289
9731423
9731690
9726718
9725914
9734387
9755525
9680622
9762646
9759004
9754077
9721165
9770119
9763588
9777592
9641474
9761811
9786765
9786723
9740464
9786802
9786795
9786769
9786767
9785978
9786815
9786744
9785584
9735195
9702388
9786556
9786574
9786632
9786643
9598138
9786944
9786892
9786889
9762431
9751935
9594623
9780768
9780755
9780740
9780658
9779828
9779816
9779491
9779087
9777546
9772876
9764380
9755804
9754338
9749222
9748030
9718605
9780836
9780776
9780733
9780654
9780317
9780827
9698154
9715178
9733168
9774357
9774504
9774496
9774517
9775647
9775676
9774711
9780489
9780209
9780592
9780160
9779320
9768176
9767917
9767587
9763828
9780214
9780151
9779754
9767881
9777518
9776818
9771920
9768923
9763977
9705075
9780710
9780678
9780198
9780320
9780312
9780373
9780355
9780203
9739829
9650389
9742381
9779990
9614248
9614120
9478802
9777395
9779670
9777140
9691304
9649324
9686792
9725622
9681941
9680033
9681587
9725978
9728007
9715934
9705446
9693386
9683012
9691114
9675894
9730625
9704512
9636850
9733734
9732935
9731783
9577858
9732668
9733078
9704770
9635600
9725256
9712708
9731771
9714008
9694461
9730002
9729998
9730565
9717203
9516869
9679949
9708996
9762989
9774941
9774628
9502096
9604094
9763222
9623428
9600828
9769135
9780924
9787297
9787287
9787240
9786945
9781971
9779254
9715469
9787440
9787387
9787234
9787116
9786400
9757461
9742992
9787046
9787035
9787034
9787021
9786989
9786798
9776627
9775173
9787154
9787127
9787108
9757942
9755969
9706453
9780472
9786641
9787056
9541734
9670450
9780866
9780856
9780823
9779427
9775520
9771171
9736706
9781058
9781046
9780735
9780147
9780027
9780002
9762497
9781135
9781120
9781107
9781039
9780734
9778638
9777677
9781337
9781056
9780177
9772524
9768996
9768777
9752210
9774364
9716644
9774369
9774370
9780381
9781218
9648640
9579326
9781354
9781113
9725297
9772433
9776827
9741815
9774675
9676981
9761694
9780273
9779306
9781094
9678935
9556802
9720745
9780846
9544832
9722778
9696260
9732685
9726808
9732416
9570692
9732651
9672628
9732266
9732377
9716043
9715553
9706920
9667656
9552428
9719076
9717117
9637152
9725788
9711922
9711315
9732278
9732235
9732229
9732214
9732127
9728518
9732286
9705419
9670466
9643537
9601846
9521321
9725177
9725098
9718581
9730260
9689901
9627539
9546159
9679393
9774081
9763934
9763395
9769484
9750019
9735896
9781367
9781662
9775898
9781903
9781429
9781019
9786916
9787588
9787568
9787373
9787261
9786954
9782100
9781045
9778496
9763214
9762386
9718779
9685144
9562328
9787680
9787649
9787610
9787511
9787491
9787252
9773404
9787752
9787719
9787592
9787590
9787453
9787441
9787229
9786424
9784187
9719421
9589178
9732375
9775304
9775258
9781139
9777871
9769070
9754946
9751080
9643667
9664843
9633198
9781643
9781618
9781574
9781499
9781066
9779518
9772817
9772342
9770114
9728002
9537538
9781721
9781689
9781153
9779868
9776524
9615694
9781993
9781659
9781642
9780200
9780026
9775542
9781820
9780261
9698994
9682604
9780222
9780009
9780258
9780226
9788085
9788052
9788050
9787995
9787956
9787918
9787845
9787629
9769489
9715802
9620416
9714334
9728779
9732408
9714956
9628310
9732833
9732536
9618575
9586226
9732925
9732371
9722899
9708678
9649309
9563225
9563184
9532672
9521169
9515520
9733318
9732871
9731849
9597548
9593710
9515323
9733307
9672466
9711927
9730997
9730983
9730933
9762759
9756979
9757065
9639532
9758119
9782691
9782584
9779852
9782685
9781658
9780171
9782131
9779928
9782282
9749164
9784068
9782075
9781856
9763988
9677392
9603629
9608649
9698132
9756579
9776258
9520034
9579984
9755635
9781037
9782090
9781345
9782476
9782539
9782727
9782726
9782525
9782388
9773822
9748571
9692822
9654722
9653695
9625798
9746262
9746006
9737237
9788205
9780430
9774579
9757207
9788573
9788476
9788292
9788128
9788643
9782752
9659746
9788888
9788854
9788834
9788746
9788658
9788630
9788623
9787729
9775549
9619825
9387825
9671010
9652650
9650197
9676677
9670601
9584428
9621386
9588885
9705312
9722689
9717374
9710533
9673755
9651232
9691192
9624524
9645790
9717606
9727192
9652172
9716751
9715913
9712486
9694780
9719043
9690455
9700548
9733197
9732242
9734463
9733849
9723372
9710366
9703902
9703846
9678644
9678562
9593252
9733940
9733687
9710241
9690222
9601942
9601917
9682729
9684934
9626487
9733749
9733642
9733304
9706772
9589569
9559887
9733287
9672608
9589724
9712817
9612231
9673837
9609164
9728975
9731478
9632833
9688973
9750018
9740895
9762892
9776516
9774391
9733043
9776639
9775837
9775817
9720128
9778187
9670158
9617233
9769421
9733563
9742768
9761650
9763554
9782862
9782848
9779773
9783065
9782968
9782959
9782467
9779760
9779238
9783323
9783277
9783255
9783211
9783163
9783150
9782786
9744313
9662349
9531500
9783011
9781913
9780194
9745584
9733023
9787139
9784633
9777577
9786720
9737106
9780779
9751441
9786628
9784006
9672820
9672730
9654436
9614455
9683071
9764519
9780931
9731957
9775849
9773566
9760183
9655622
9775952
9781615
9781833
9779625
9782007
9640126
9610236
9584743
9758794
9678522
9785101
9785222
9605996
9780791
9780121
9775916
9782844
9768050
9698296
9788311
9743706
9728367
9727223
9789012
9788494
9789137
9788459
9787623
9777201
9775218
9768372
9722867
9777654
9789270
9789122
9788822
9788789
9789329
9780264
9725067
9687434
9696480
9267130
9684375
9552832
9552954
9689852
9671326
9645294
9667025
9667191
9690243
9725960
9724811
9658289
9734750
9691252
9735675
9476691
9650219
9658116
9713836
9702133
9734193
9728619
9723492
9728814
9713631
9576828
9728971
9722858
9597829
9726420
9595135
9733854
9733511
9726156
9715549
9673499
9732969
9704421
9734446
9733570
9715015
9690174
9649495
9733005
9734900
9734722
9707168
9689491
9715794
9700692
9725967
9732237
9732700
9674046
9706636
9706503
9706390
9705681
9690571
9722314
9719081
9718724
9608816
9716498
9728742
9728087
9725426
9722717
9722420
9715204
9695846
9731515
9718104
9731551
9718255
9712208
9567081
9566098
9591640
9723387
9720470
9720279
9736211
9542770
9541807
9662395
9415346
9403085
8997200
9734486
9734101
9493622
9778104
9763742
9762155
9763751
9756960
9664183
9602656
9752921
9770292
9614676
9703949
9755573
9764627
9765649
9765602
9765487
9781597
9581865
9780259
9780139
9555705
9782984
9759011
9772828
9784352
9781347
9783838
9781455
9723938
9786850
9779385
9787559
9764412
9625933
9771457
9771418
9771650
9618623
9780667
9779246
9773305
9738771
9765477
9691256
9740855
9775957
9725187
9777430
9777719
9778898
9777727
9778306
9780724
9777890
9651100
9783743
9783617
9781790
9781623
9694637
9639521
9783720
9780767
9783155
9581131
9559273
9783439
9783256
9780750
9774374
9774373
9653401
9679465
9785527
9682339
9785804
9786027
9783425
9783399
9647817
9783622
9783501
9782692
9783419
9783389
9783336
9783303
9781857
9779101
9778727
9778010
9731614
9692602
9582045
9787942
9778466
9789721
9789682
9789001
9787160
9700838
9632718
9789901
9783770
9782724
9788980
9630221
9627913
9787474
9789415
9789537
9789444
9789410
9789367
9716728
9788977
9730044
9696206
9549167
9690923
9542780
9549381
9546884
9547335
9654601
9550343
9626799
9733580
9631110
9685371
9690487
9734826
9734763
9723524
9734530
9725896
9724697
9704331
9667950
9734666
9725649
9725376
9725015
9723415
9723339
9708269
9701621
9691110
9632363
9596778
9734824
9734699
9734500
9726599
9692414
9581926
9734921
9734728
9709793
9666141
9735056
9735032
9734928
9679386
9734907
9732985
9731050
9521723
9778133
9777524
9777165
9775895
9775876
9716609
9775918
9758020
9750766
9626437
9657729
9744734
9765915
9766057
9672586
9691356
9552729
9765611
9655108
9743369
9735768
9784370
9784320
9784318
9783957
9783954
9780474
9774445
9734776
9469937
9533153
9779869
9784279
9784231
9778254
9731844
9784713
9778699
9787421
9780673
9784383
9713820
9667365
9649970
9594051
9777978
9775863
9693680
9660938
9630410
9677738
9783900
9783888
9783747
9783627
9783564
9782357
9779652
9547411
9782616
9784071
9784067
9784034
9783964
9783960
9784205
9784195
9784100
9784045
9784026
9783880
9741420
9734168
9614770
9546900
9542204
9783776
9694903
9652568
9786322
9734491
9776335
9687382
9790026
9790023
9789274
9785106
9763968
9660708
9790223
9788652
9788818
9786960
9784322
9783341
9721682
9625903
9790263
9790207
9759465
9758562
9777531
9771535
9749827
9695950
9652652
9669697
9419179
8826621
9690328
9689846
9548338
9735578
9741009
9713358
9735121
9535835
9720857
9735206
9735095
9724403
9689081
9599230
9735468
9735437
9630021
9735412
9556925
9735010
9678755
9733716
9735235
9734942
9593068
9592983
9592921
9442841
9490555
9490577
9735488
9732403
9526402
9524286
9652703
9526715
9526610
9526546
9526517
9526450
9525204
9525127
9525061
9524957
9524518
9758661
9657949
9778571
9778823
9763852
9749175
9759618
9748604
9651253
9651722
9784809
9783788
9782193
9780088
9771824
9709080
9784504
9774470
9784420
9779031
9781769
9775569
9784740
9787062
9784771
9518635
9784669
9746997
9766501
9766056
9639481
9766393
9766217
9617004
9780652
9778881
9774472
9777631
9780508
9781491
9783674
9750148
9781902
9703777
9784711
9781638
9784472
9783282
9783605
9783530
9783450
9781125
9773053
9784947
9784837
9790200
9790185
9790061
9789222
9790425
9790817
9790798
9790574
9790332
9789774
9788079
9787921
9727959
9640972
9791064
9791053
9789627
9786829
9779962
9791129
9790933
9790873
9790845
9771379
9747235
9743165
9676918
9691990
9668064
9555625
9726063
9736698
9735663
9716555
9706677
9735779
9735880
9733561
9730283
9682913
9633655
9633293
9544415
9676765
9603844
9474532
9735572
9670433
9639149
9734847
9732929
9492586
9146074
9732528
9729689
9345248
9732312
9731007
9731032
9381682
9172730
9156195
9739679
9493838
9787105
9739407
9715860
9786437
9686351
9634952
9778064
9679068
9765134
9773230
9754001
9778494
9779461
9781366
9553462
9679052
9558010
9784952
9758921
9663528
9785228
9784436
9780944
9780156
9773536
9785639
9785535
9785451
9785381
9648905
9777522
9737116
9659340
9595534
9785620
9777822
9767789
9749620
9735020
9664899
9785844
9721769
9785680
9789368
9789596
9790530
9775012
9774905
9774779
9774698
9756091
9756518
9791489
9791374
9790891
9790190
9787597
9787498
9787388
9786386
9782381
9779200
9776048
9772242
9760890
9752805
9744756
9727110
9736171
9735917
9635882
9717652
9735196
9731290
9628192
9590462
9581238
9786134
9735453
9735874
9735634
9773563
9779642
9752262
9778822
9761703
9785646
9785128
9776979
9785252
9785982
9502913
9786015
9785967
9785889
9715831
9786161
9786139
9786124
9786103
9786065
9786045
9782496
9710987
9500493
9736015
9786081
9785974
9789905
9789409
9785473
9766194
9785747
9741565
9732009
9790927
9728436
9742344
9736350
9691403
9736451
9732137
9726753
9766389
9783988
9786688
9780958
9779706
9786217
9786214
9786189
9786325
9786274
9786245
9729482
9674285
9786215
9739641
9611103
9786340
9786336
9788033
9786335
9786314
9786290
9786263
9703426
9736266
9733228
9733557
9736661
9730601
9731385
9731386
9697385
9775386
9779294
9786361
9786472
9786450
9786440
9786397
9767921
9736766
9703962
9643348
9786495
9786476
9786209
9743200
9703633
9714866
9500080
9780409
9780303
9781377
9781268
9783808
9780275
9786375
9709872
9786378
9786005
9790142
9506578
9582545
9737130
9486575
9467950
9736903
9458286
9737675
9741927
9741757
9737808
9593083
9637120
9490539
9670582
9639438
9762566
9762550
9485583
9761621
9756711
9653378
9787374
9639840
9711139
9774835
9787608
9787879
9767691
9767664
9767443
9769027
9772684
9772883
9773077
9777315
9785523
9788073
9788415
9785107
9397529
9397322
9738086
9740440
9740705
9664162
9690267
9678971
9734194
9734904
9479225
9728681
9722812
9736985
9736944
9736939
9737052
9569842
9737103
9737046
9737283
9725754
9536794
9759745
9751558
9642236
9786677
9786685
9727650
9763003
9755631
9756219
8598059
9780337
9791605
9737131
9734512
9643039
9691974
9580176
9493401
9707342
9725371
9736918
9681983
9736430
9739490
9720510
9731624
9731929
9737138
9737135
9737092
9737013
9733369
9731862
9634425
9737233
9737217
9732765
9737348
9737308
9737189
9737129
9733049
9581487
9731271
9737524
9718593
9716426
9698626
9691163
9670107
9664656
9663508
9645290
9712972
9678446
9735300
9742888
9731417
9763115
9709955
9766478
9746801
9769260
9694825
9754492
9763272
9752338
9744462
9766122
9787133
9784900
9787049
9787412
9767765
9741907
9694499
9670336
9741492
9762899
9779899
9569352
9783329
9782303
9783684
9789407
9715434
9737474
9736070
9708890
9735748
9737771
9738005
9728056
9739177
9718572
9638759
9637327
9738096
9737649
9736511
9511724
9738016
9738027
9641927
9737676
9685574
9498280
9496768
9736077
9633669
9737318
9720247
9736215
9710082
9525906
9737872
9733266
9775749
9771942
9766026
9763865
9752111
9711918
9754212
9753961
9749700
9787014
9787111
9786736
9770134
9787980
9769324
9746034
9775319
9737694
9788086
9787715
9717061
9739468
9715180
9738854
9737681
9701653
9689077
9676993
9737126
9737700
9735805
9704608
9738757
9738386
9734264
9732699
9729786
9708125
9739012
9738807
9738606
9736941
9738530
9631264
9730777
9622297
9737607
9704790
9738557
9738778
9776188
9756455
9751480
9758773
9779283
9640657
9788897
9788585
9788381
9695437
9631611
9684278
9701970
9688018
9687873
9739392
9739344
9695005
9739258
9701357
9739559
9628783
9740252
9699719
9711186
9685354
9691675
9738340
9702619
9734263
9716798
9741940
9727116
9624316
9735046
9715444
9535214
9652795
9737636
9716137
9746306
9558899
9770862
9770775
9758881
9736996
9750774
9637460
9623328
9623263
9622932
9725092
9772264
9755062
9736063
9771057
9768952
9780520
9640528
9789970
9754086
9789010
9788824
9672770
9553364
9550390
9537928
9544498
9553224
9724852
9739088
9739810
9739746
9739518
9735564
9734076
9738054
9739805
9647759
9739890
9739808
9739638
9738765
9737842
9737009
9736960
9736931
9733491
9739718
9737468
9740830
9737203
9737108
9731552
9702167
9740326
9739959
9741486
9740921
9740253
9588314
9692495
9559136
9735996
9657371
9732786
9732284
9734877
9738157
9738260
9682010
9737315
9735213
9530937
9715737
9731554
9715432
9737043
9728476
9734571
9601970
9654759
9759066
9758778
9723370
9473168
9508854
9710748
9718580
9765460
9769973
9671486
9773098
9762934
9772225
9771924
9547462
9747760
9622909
9772822
9777441
9769505
9715647
9769792
9685937
9751699
9739733
9778042
9768861
9718681
9790053
9686161
9694647
9499498
9737847
9739745
9738201
9740561
9740427
9740087
9731654
9726232
9688237
9718937
9657204
9729497
9728907
9726059
9740144
9739798
9738227
9737859
9737795
9735636
9735065
9715958
9683336
9655618
9740017
9709905
9709806
9746231
9740481
9546587
9719483
9764849
9707097
9772297
9771961
9771789
9772757
9749156
9656786
9655191
9601877
9667724
9567010
9790080
9790525
9786739
9646850
9726376
9707908
9741057
9740736
9737058
9735995
9735381
9734552
9740992
9740685
9737023
9732105
9646332
9575266
9741289
9741126
9680523
9705156
9722199
9740723
9736494
9740868
9378031
9787416
9786754
9769399
9768352
9772559
9772972
9747342
9755867
9772312
9735212
9481855
9482074
9784253
9740226
9703980
9787497
9725497
9657045
9735939
9741427
9738246
9717389
9706566
9738762
9725796
9741602
9705653
9538315
9708250
9759348
9496570
9391630
9583280
9625027
9688100
9773239
9747253
9705755
9727183
9785343
9774389
9708225
9719010
9710946
9499725
9736097
9742229
9741965
9742099
9734955
9708109
9742088
9742173
9733368
9767337
9687196
9754011
9767566
9742021
9689257
9623359
9719788
9715839
9742485
9742430
9737977
9732406
9769423
9727625
9709323
9705132
9742546
9711368
9737139
9768475
9693197
9745697
9722065
9704496
9744224
9744567
9475339
9743154
9743289
9737195
9742908
9613973
9630768
9743465
9733311
9614942
9541127
9742751
9668334
9768290
8736749
9514283
9749432
9620049
9738651
9742962
9742927
9788712
9697846
9724018
9722425
9744542
9742990
9734415
9741339
9725499
9743087
9743079
9743129
9733127
9717115
9710328
9743208
9698346
9678632
9569552
9709785
9745941
9748898
9748086
9737477
9711625
9774571
9657601
9772052
9767705
9748834
9748821
9768396
9783156
9690464
9723465
9709706
9703668
9710288
9743664
9700660
9743335
9698765
9693813
9701004
9684655
9704759
9682788
9613460
9742984
9664750
9723029
9743274
9736124
9735559
9735261
9712846
9741761
9695626
9743672
9743565
9743544
9743513
9743473
9743310
9743295
9722880
9713715
9695463
9691063
9743622
9745534
9745904
9743380
9694589
9746211
9615739
9720152
9662535
9683788
9681917
9504707
9742659
9763137
9567736
9567105
9658315
9722926
9654732
9769030
9748877
9748814
9743225
9756853
9747572
9747319
9580841
9504516
9736491
9774981
9743947
9743946
9732674
9722765
9719950
9663201
9600353
9741471
9740266
9738611
9609242
9600600
9744327
9736406
9724698
9743891
9467987
9704542
9733164
9676888
9743204
9724522
9698854
9739014
9583098
9743983
9743917
9743931
9744474
9645814
9738000
9725103
9494369
9744480
9658187
9775809
9766779
9763835
9766445
9764188
9577819
9758240
9775672
9767576
9744220
9775621
9775927
9608407
9704122
9699970
9722962
9725359
9718318
9744174
9675689
9744555
9743893
9731934
9719923
9744795
9744424
9744403
9743272
9738732
9737493
9728538
9744808
9744499
9724065
9573593
9555924
9745160
9744944
9744842
9739857
9725735
9609370
9633500
9720772
9743692
9736239
9745908
9746228
9744681
9725606
9734170
9725744
9709937
9717346
9718892
9718749
9718515
9718229
9776590
9776095
9776412
9744807
9756378
9737876
9770473
9737989
9737821
9735477
9766585
9630208
9776064
9544330
9770185
9465614
9645848
9694113
9698216
9744270
9720119
9718308
9743960
9723840
9724253
9747839
9748087
9747927
9724434
9657261
9745397
9739858
9738736
9733253
9715112
9642345
9745319
9744119
9735045
9684085
9536759
9735839
9719146
9738319
9637402
9495209
9741298
9741872
9735647
9728783
9719414
9743408
9721380
9700781
9742909
9735667
9715194
9622871
9745660
9745615
9745674
9693396
9649933
9738637
9746213
9746138
9744483
9739647
9747528
9673840
9701371
9700862
9664781
9710500
9684460
9652659
9704877
9667151
9667130
9680056
9738898
9745571
9774495
9739338
9778636
9703937
9755272
9703782
9786820
9777658
9742349
9679376
9769903
9742164
9740329
9688325
9693641
9743748
9736155
9744505
9720153
9711648
9698272
9726098
9747553
9745837
9743404
9663532
9715437
9709929
9724398
9740757
9704826
9704690
9742042
9743617
9741534
9740380
9741077
9730233
9654180
9745631
9745094
9744609
9741239
9548696
9692048
9745849
9744712
9745983
9745895
9745516
9743215
9737585
9720406
9708911
9686811
9584977
9551164
9746169
9745778
9718959
9746121
9744459
9622229
9746524
9734973
9743131
9743059
9743023
9742995
9731151
9741118
9746862
9746014
9700895
9696006
9746049
9648829
9745777
9729221
9711942
9696023
9733717
9732087
9743978
9742975
9745732
9745580
9733375
9774434
9771629
9769856
9770847
9741890
9778092
9706580
9771313
9675456
9734869
9777419
9777319
9777501
9667057
9777820
9777641
9725919
9670873
9728418
9684939
9711362
9746385
9746336
9737471
9735881
9682983
9746589
9746394
9734976
9746642
9746591
9746511
9746397
9746235
9745780
9704120
9594140
9746903
9746833
9746148
9745313
9744350
9740490
9693091
9630728
9682909
9633098
9746924
9727491
9747185
9746445
9746341
9594948
9740249
9777097
9673641
9632259
9707161
9774415
9765109
9728716
9767276
9767319
9771930
9767046
9771648
9775398
9722350
9707934
9707058
9701220
9754133
9790509
9689458
9698564
9744146
9594664
9744843
9718908
9741054
9741207
9743145
9743222
9743438
9741238
9731411
9730695
9647918
9713271
9715104
9745723
9747068
9747065
9747018
9746962
9746861
9746274
9743959
9747269
9747242
9741147
9738265
9731859
9716072
9698043
9734223
9747388
9747376
9747297
9746857
9740186
9725287
9664839
9747598
9747538
9747483
9747449
9747334
9747187
9746355
9648898
9609482
9701149
9741032
9732640
9536014
9778429
9768670
9769162
9740749
9739824
9767145
9704757
9494512
9592016
9765088
9772935
9747840
9747784
9747559
9746111
9698847
9641268
9638196
9636785
9741691
9720268
9669224
9628568
9738553
9746481
9652885
9747800
9746965
9747205
9747275
9746469
9735156
9747670
9715840
9589100
9698029
9753701
9765643
9779281
9742130
9773125
9759385
9735519
9717015
9772781
9771886
9768423
9772957
9779343
9752922
9779637
9708738
9748083
9748176
9746019
9748211
9748166
9742701
9736260
9748364
9748350
9707495
9731191
9746817
9748326
9761137
9742283
9626247
9748592
9769729
9768202
9703084
9727914
9743476
9743940
9745913
9740896
9748640
9714806
9595779
9595712
9747735
9747456
9747071
9748766
9630595
9768205
9726169
9713533
9748922
9748931
9748949
9711414
9748819
9747434
9747417
9749289
9749161
9711328
9704652
9750067
9707150
9727299
9752228
9700257
9693690
9748951
9754872
9748234
9736057
9690358
9748985
9739731
9749221
9749047
9740622
9718288
9698181
9590695
9737453
9734458
9728560
9748325
9704055
9750212
9741311
9726381
9707565
9660338
9753669
9753271
9749032
9554497
9749202
9774469
9670188
9645142
9749243
9774613
9681403
9634800
9779202
9548983
9748954
9715806
9711025
9701588
9735335
9737248
9728517
9745540
9748679
9723815
9747389
9749203
9747570
9738320
9724263
9722906
9722839
9749542
9749339
9741391
9749355
9746734
9744987
9741367
9740293
9645219
9603828
9736197
9749521
9714340
9749653
9706404
9704979
9718817
9705063
9704898
9725111
9555794
9742165
9724551
9749372
9742803
9638335
9735875
9650363
9676073
9749699
9751448
9638032
9752015
9689571
9689044
9772673
9735314
9746513
9772232
9775692
9722081
9667710
9749413
9736875
9749729
9749708
9719776
9702682
9690850
9480395
9749913
9737290
9547357
9749739
9749417
9672822
9750366
9750153
9750015
9749975
9746803
9745942
9740334
9739920
9738709
9500890
9726168
9726020
9519396
9541582
9750195
9674158
9750198
9749778
9754536
9769917
9710887
9774118
9758187
9671512
9651487
9750576
9750493
9729845
9750391
9491727
9748784
9745678
9743707
9735258
9725147
9537910
9751433
9750520
9741971
9742346
9742213
9750814
9750803
9750778
9750325
9750134
9750077
9749505
9749301
9747820
9690181
9761974
9766652
9755706
9690920
9690572
9690068
9697267
9766521
9719175
9775945
9772098
9781580
9695327
9594332
9681372
9712862
9703936
9738972
9728210
9722109
9737312
9739937
9726260
9561484
9731888
9690567
9714330
9698249
9738852
9737837
9749798
9673098
9713487
9636447
9668632
9623427
9705099
9554434
9731422
9745059
9750163
9744694
9576990
9735268
9707034
9598109
9683406
9753641
9752334
9749885
9751610
9751214
9710981
9750587
9751146
9751039
9676372
9751459
9751253
9749785
9748776
9746434
9746277
9728395
9758586
9743121
9174857
9591083
9700590
9704834
9743841
9748987
9740313
9722136
9597149
9749453
9740432
9751656
9660376
9749850
9743944
9678844
9748678
9708530
9656136
9700336
9750689
9752054
9749755
9749584
9749487
9749395
9749308
9749240
9749105
9618136
9702196
9753049
9751781
9751715
9751686
9749682
9706075
9751460
9750897
9749732
9747422
9751983
9703421
9574128
9675830
9497707
9714631
9752068
9752014
9706975
9680439
9471811
9752902
9772071
9763258
9671244
9623636
9787363
9753733
9778060
9774537
9460053
9776321
9777450
9777078
9180532
9763522
9774888
9775708
9778480
9740890
9782970
9501856
9777273
9720419
9707004
9673705
9746702
9676676
9752382
9752580
9719246
9708076
9752029
9751865
9743469
9752130
9752314
9752237
9764347
9580314
9778266
9783986
9782041
9775031
9734590
9771892
9776724
9613367
9549297
9636262
9747207
9713784
9705234
9749882
9750178
9541551
9751518
9753009
9722847
9742170
9752889
9640888
9753408
9747909
9584147
9761508
9753432
9764076
9778409
9745107
9620482
9784806
9775814
9766824
9772248
9775366
9476283
9778795
9784577
9750197
9720223
9655568
9713948
9643812
9752413
9753894
9753846
9753737
9753363
9752708
9746866
9718715
9698529
9609774
9744878
9677223
9733113
9741951
9753685
9753675
9752065
9751309
9750935
9749485
9748254
9712916
9753564
9753557
9753351
9752798
9752752
9749040
9746494
9744423
9738217
9730220
9752000
9713449
9707404
9176152
9606791
9779323
9777976
9778527
9779557
9754122
9753919
9753876
9751649
9748499
9748136
9538570
9754207
9754127
9754036
9753887
9753849
9742111
9754253
9749734
9735664
9559363
9754154
9749579
9754404
9754307
9732593
9752826
9742600
9749044
9664351
9664350
9754689
9754648
9744078
9740188
9736571
9699575
9749531
9679235
9759539
9685406
9749430
9496586
9741445
9757899
9755003
9755222
9677348
9718741
9719914
9720679
9751652
9614470
9755012
9636952
9778515
9786733
9772151
9513752
9783393
9721720
9563887
9722840
9609441
9756647
9756928
9755306
9739265
9655714
9753190
9752827
9696661
9755070
9671118
9755132
9740483
9705392
9755203
9755192
9755184
9752515
9746685
9653696
9738603
9752831
9759688
9707858
9786724
9723989
9764355
9786780
9345656
9737841
9537114
9705143
9741976
9644381
9551738
9711662
9554235
9755028
9755379
9678559
9609118
9755485
9755484
9755392
9755247
9755165
9753937
9752567
9749693
9728936
9728630
9531366
9753410
9750632
9755460
9755388
9755048
9748844
9747700
9603713
9755545
9752803
9752365
9743882
9752584
9751024
9755082
9755429
9758808
9723482
9756740
9755551
9755357
9660910
9758898
9786986
9719073
9690794
9787448
9758732
9755535
9462550
9780708
9779318
9393831
9728613
9770564
9623847
9542484
9621229
9755870
9723208
9756294
9756191
9756158
9756152
9755930
9755906
9752834
9751875
9724991
9540629
9540540
9540162
9753934
9756484
9741233
9738639
9756243
9756459
9746538
9719193
9608065
9747101
9747287
9749705
9755990
9755790
9586834
9755946
9755903
9755778
9755762
9756384
9752632
9754932
9746382
9787536
9752374
9757998
9749752
9784749
9718848
9749469
9719851
9756868
9756622
9756227
9756128
9667181
9756617
9756516
9755941
9755444
9752549
9743505
9741387
9738285
9736120
9724074
9662232
9754275
9749618
9322794
9752429
9740346
9745708
9415434
9737807
9739880
9756012
9756927
9732912
9756978
9608516
9543724
9587635
9664667
9788608
9673243
9652349
9707009
9728306
9715520
9711926
9711743
9709635
9722986
9719133
9723648
9610893
9618144
9756675
9725672
9756417
9750530
9757280
9757451
9752758
9735399
9735063
9575483
9757568
9757558
9757421
9740882
9757689
9757608
9757341
9757325
9757205
9755841
9755333
9687136
9734274
9758160
9756867
9703735
9755439
9743045
9749118
9722450
9743096
9749345
9689173
9673207
9757968
9756188
9755740
9758651
9756921
9756892
9755606
9759017
9758850
9752731
9757923
9758893
9644718
9589636
9746135
9769437
9784009
9787547
9780528
9757428
9786773
9747145
9783085
9781739
9422106
9688052
9778174
9774563
9789752
9788843
9790663
9790603
9667135
9658355
9749108
9560147
9752855
9757135
9752858
9744240
9682468
9757778
9749132
9634549
9740276
9696887
9662899
9758156
9758014
9757801
9752281
9743814
9740085
9737019
9758099
9758065
9757329
9749845
9740970
9741234
9724067
9758157
9756808
9755599
9678527
9759901
9760146
9755699
9755291
9746800
9720765
9757847
9757902
9757120
9362521
9757928
9781850
9759556
9748193
9788158
9783595
9784751
9789927
9784544
9789475
9782570
9714154
9756271
9752399
9752207
9758146
9753161
9750370
9719485
9705724
9758499
9758214
9758169
9756965
9755241
9753735
9753215
9744646
9733178
9684747
9665421
9554660
9520847
9758556
9758555
9758550
9758490
9758433
9757764
9756917
9747470
9694561
9671444
9671196
9666099
9664724
9546706
9758799
9758755
9758738
9758667
9756764
9753036
9739675
9726365
9758619
9758926
9709518
9765203
9758776
9757917
9753782
9765021
9673384
9758354
9774103
9728184
9726792
9789998
9772442
9712714
9753154
9656964
9733301
9682325
9547769
9707080
9662144
9706693
9758958
9758864
9758163
9737770
9732227
9726460
9604379
9759060
9758910
9755454
9754380
9760403
9759328
9759233
9736886
9732263
9605292
9740589
9719270
9701442
9711016
9756278
9759423
9759605
9759220
9755800
9765249
9759076
9660239
9773631
9784368
9787164
9759384
9789806
9680291
9732523
9702318
9754849
9669433
9753699
9752432
9668688
9726603
9760842
9758377
9759547
9758340
9753865
9753277
9752675
9748058
9746357
9682802
9753260
9725419
9711468
9640992
9550658
9500736
9759914
9759823
9759631
9750941
9759944
9758844
9689462
9662407
9704734
9437981
9787601
9344890
9764925
9788084
9787217
9786721
9791334
9784510
9412149
9758090
9760349
9748511
9745258
9745017
9540023
9760308
9748426
9747381
9760196
9758316
9757102
9749873
9674322
9756364
9752453
9760633
9625389
9783568
9751477
9730995
9755312
9720102
9758719
9739887
9732231
9774745
9783756
9782996
9751970
9787648
9787827
9740095
9605551
9650429
9761490
9505443
9560748
9761221
9761179
9776958
9776293
9777173
9699113
9688054
9748171
9781495
9711220
9504681
9719917
9610629
9754618
9653922
9758841
9755725
9748431
9770527
9763288
9767594
9740663
9536037
9620251
9740599
9671563
9659020
9760998
9760995
9760014
9759721
9748159
9683246
9677285
9786852
9706801
9786426
9777963
9730932
9653435
9768881
9758298
9791236
9688699
9706869
9760219
9759694
9518549
9776945
9780693
9475396
9755671
9756293
9761713
9761127
9761158
9761103
9775970
9667744
9788505
9788657
9788919
9583901
9692152
9716810
9618336
9622497
9746436
9698699
9755583
9753183
9784696
9631179
9652472
9783945
9782434
9615223
9761774
9776691
9614381
9688571
9722105
9671175
9671495
9682069
9510366
9681704
9642262
9757575
9762651
9759033
9759847
9738457
9761746
9760896
9758930
9705984
9761169
9714145
9758435
9709465
9759461
9726563
9699422
9646017
9681657
9651618
9687941
9768100
9692782
9711095
9749660
9755897
9750264
9642774
9767755
9716377
9722062
9675964
9679689
9730194
9752092
9703929
9749749
9738405
9736411
9721967
9719036
9716451
9718744
9644474
9762915
9762728
9758895
9750459
9744970
9744768
9605582
9723780
9667916
9746650
9684927
9763209
9762984
9759659
9755051
9759511
9762937
9760117
9747806
9755858
9726521
9687256
9762567
9757276
9724694
9721964
9766655
9766933
9787255
9715981
9761038
9753150
9756313
9711706
9761883
9761090
9705602
9763785
9763713
9763538
9704579
9619774
9668995
9611177
9715359
9711128
9763423
9763529
9763372
9763297
9744950
9722207
9718117
9566089
9763365
9759310
9758890
9758411
9757252
9755574
9755405
9753149
9717777
9763774
9763516
9763484
9732751
9715848
9763256
9722726
9756331
9633613
9717084
9714286
9761196
9761265
9763906
9763573
9763933
9763873
9763498
9759497
9759321
9600146
9749229
9764578
9714105
9764054
9682680
9745890
9741371
9718955
9709742
9764003
9762701
9746299
9764511
9752362
9568261
9724455
9722435
9711550
9737877
9725259
9701124
9752848
9752182
9741870
9704409
9746162
9755318
9706601
9705495
9744185
9734374
9762557
9738491
9761325
9762769
9758238
9712469
9755924
9761998
9762057
9762880
9746807
9762964
9723018
9753507
9707322
9763845
9763972
9725418
9607475
9744064
9756847
9750641
9715863
9764021
9720642
9764531
9763305
9763175
9763436
9763584
9763691
9765084
9764976
9764861
9760790
9757990
9667810
9500662
9608675
9763036
9765070
9764699
9790729
9719920
9662400
9720756
9758255
9760017
9759927
9759407
9762138
9732058
9758336
9758665
9758260
9765060
9763980
9758124
9688707
9690903
9746595
9762952
9764088
9688892
9687451
9765398
9765356
9765331
9758960
9758308
9723377
9694017
9647622
9647603
9752201
9735485
9765561
9765533
9765458
9765378
9764236
9764151
9763919
9759996
9711521
9636382
9763983
9715634
8639681
9347838
9645978
9765311
9609949
9625145
9766617
9706691
9656342
9765307
9765831
9783801
9771260
9525498
9728564
9690549
9747044
9763155
9724439
9763567
9763710
9732608
9732246
9726701
9765781
9763807
9759732
9756587
9765206
9672636
9759103
9756259
9705013
9765904
9765741
9765697
9752821
9752665
9514754
9605007
9766236
9698122
9765669
9749781
9766294
9766163
9756815
9596201
9765702
9691307
9611465
9652424
9763909
9725511
9723345
9711067
9764121
9671537
9766200
9750716
9691665
9672882
9634445
9765953
9765255
9765408
9694595
9759028
9756936
9766027
9755714
9766531
9766689
9510821
9766718
9766062
9758711
9758284
9719845
9707327
9766553
9764628
9707270
9766644
9766431
9766292
9764718
9764404
9757029
9766425
9574848
9736112
9590620
9767033
9762242
9704585
9762862
9646265
9766905
9641708
9743627
9766856
9765589
9659391
9766651
9766603
9670721
9725718
9766237
9766847
9764862
9766893
9736325
9766993
9644295
9767464
9767053
9758045
9756440
9753973
9767313
9759646
9759326
9572505
9779787
9767688
9585462
9767835
9600984
9760895
9743517
9709480
9767844
9723709
9602784
9763898
9747282
9708987
9657423
9593769
9724758
9763992
9727812
9731657
9770383
9765251
9771488
9758575
9758477
9768453
9768306
9768328
9768304
9737022
9772374
9773039
9771245
9771515
9594154
9768248
9607673
9689438
9768561
9598407
9764495
9768518
9740923
9601245
9768489
9765936
9738253
9716337
9768551
9768547
9768534
9759038
9729556
9759179
9768634
9698303
9749883
9664264
9721681
9636962
9771640
9765497
9761498
9654140
9694547
9768440
9722959
9722930
9767574
9744208
9723156
9608951
9594146
9731989
9732590
9715924
9709016
9706620
9768974
9768857
9757639
9744103
9768798
9750610
9743948
9696107
9727987
9690788
9769014
9768855
9768665
9768449
9768363
9767953
9697316
9682196
9722112
9762883
9733359
9726668
9758390
9700896
9526912
9763394
9755571
9729502
9716227
9768654
9747766
9768685
9766242
9762722
9757994
9717092
9716713
9694153
9771802
9743806
9722310
9704858
9693477
9768723
9736509
9768638
9507165
9769053
9762560
9769354
9769166
9765968
9694343
9681506
9769436
9769398
9769394
9768978
9766914
9759462
9753645
9738269
9682647
9586513
9510246
9769384
9769168
9769111
9769050
9769899
9769538
9762774
9769873
9767535
9749422
9746704
9725277
9603529
9543670
9756427
9735041
9768310
9715412
9769756
9768414
9769896
9771118
9771190
9769023
9711089
9756420
9755980
9769994
9770376
9770168
9752296
9750037
9706634
9635657
9770181
9737962
9708716
9697225
9635322
9610871
9770499
9770413
9770145
9769067
9759430
9739563
9738949
9738725
9768281
9755890
9770428
9770285
9758803
9768533
9770046
9707707
9692003
9706919
9738125
9715772
9725077
9750953
9756394
9770841
9770773
9626069
9770906
9766050
9770825
9768915
9757216
9745993
9741370
9743388
9743252
9676914
9755414
9768321
9766503
9763613
9771052
9753965
9747829
9726035
9666963
9758698
9753416
9771021
9768681
9554511
9546613
9770879
9756700
9771176
9774314
9580356
9770240
9756255
9722679
9758460
9753855
9728253
9676594
9770544
9770448
9770747
9763216
9763123
9769626
9751086
9752897
9724818
9039732
9767814
9767644
9768027
9768481
9587407
9749170
9746608
9740359
9717101
9768917
9766396
9750646
9769920
9771635
9704460
9740402
9665898
9772235
9769769
9771172
9771185
9771155
9771006
9749319
9771390
9765295
9752523
9724978
9711539
9771058
9769748
9690606
9771518
9771472
9771433
9771358
9770533
9740400
9728576
9706518
9690692
9768429
9768245
9772902
9772591
9768552
9768366
9414179
9772982
9718316
9691269
9763005
9723084
9731416
9771859
9771403
9764312
9614759
9705098
9690577
9772042
9770116
9769963
9712440
9607721
9771352
9760412
9724877
9772044
9771854
9769218
9768617
9772224
9770182
9768901
9772353
9746026
9769900
9772290
9771274
9712272
9709878
9512248
9750224
9769250
9766849
9545034
9770690
9770498
9700144
9700055
9697531
9697528
9696706
9695472
9707037
9696247
9695349
9738335
9697118
9751056
9667536
9739366
9762750
9769428
9772215
9772645
9772460
9772369
9772270
9772125
9771783
9766302
9712111
9697232
9696029
9771914
9772373
9772192
9767224
9759908
9742255
9741226
9772663
9772617
9772614
9765628
9764486
9758031
9751385
9667927
9772877
9772872
9772764
9772678
9772388
9772067
9771090
9769340
9761287
9750561
9697244
9759811
9772968
9694003
9694209
9771276
9694266
9772666
9772583
9772996
9589794
9773337
9662444
9719874
9727614
9773107
9764318
9768520
9535634
9770353
9773229
9773226
9766304
9697293
9697278
9682811
9773001
9768943
9750528
9773300
9773072
9764438
9756565
9771023
9767236
9735759
9733267
9720611
9650084
9773243
9767026
9772513
9655065
9715190
9773530
9773630
9773688
9773728
9751713
9773712
9760476
9773570
9767868
9762128
9760667
9634770
9579046
9769470
9724917
9739476
9768841
9759591
9754308
9772654
9750743
9743444
9642801
9735341
9648614
9775726
9583675
9646367
9771326
9764199
9700823
9723363
9656495
9774380
9766083
9669809
9622341
9774421
9768462
9774985
9774773
9654236
9712833
9562892
9562869
9774375
9772512
9768822
9760944
9731906
9654382
9752709
9666887
9736113
9740342
9652616
9777775
9769617
9780019
9725657
9765924
9749451
9737822
9772183
9766320
9636647
9775240
9774957
9616455
9740869
9741544
9735297
9731645
9694381
9703663
9695425
9620512
9774667
9772633
9705412
9609826
9774891
9774820
9774799
9690878
9664546
9609557
9774738
9772931
9766851
9774866
9774742
9763722
9603188
9769181
9710105
9774936
9746701
9696514
9773097
9766598
9773309
9756161
9737197
9775788
9758518
9749530
9704375
9701393
9775143
9775043
9774883
9772416
9768988
9766711
9753296
9733681
9725661
9723455
9719404
9707760
9736119
9752220
9757565
9764069
9547048
9737944
9731103
9775607
9760380
9735903
9777088
9735677
9775283
9775018
9772358
9666783
9775727
9775688
9775575
9775567
9775483
9772953
9771494
9596781
9775665
9740412
9724001
9677107
9775132
9739797
9621703
9579029
9771363
9725313
9730781
9728380
9731577
9752298
9723846
9776114
9775763
9771913
9766789
9766698
9752936
9749903
9776217
9776020
9770869
9765143
9703906
9768210
9685379
9710868
9722347
9661327
9637728
9632134
9597405
9741771
9711339
9734354
9735109
9737347
9776434
9770053
9752167
9768832
9776622
9692338
9701226
9552366
9775655
9764051
9761209
9692413
9564552
9563691
9770314
9770042
9752743
9749795
9776411
9776259
9775391
9690085
9725862
9734455
9744629
9747172
9737975
9665930
9774766
9774925
9706448
9696920
9776961
9528053
9553694
9721872
9563149
9562820
9771234
9765882
9778222
9752217
9676460
9768659
9768430
9702384
9770854
9747617
9721939
9720175
9753262
9779725
9777154
9775824
9774489
9775484
9728641
9775731
9775225
9733389
9649890
9775935
9774012
9775090
9678613
9732660
9768779
9770763
9770525
9774254
9774250
9774264
9774260
9775912
9688674
9649610
9778209
9771692
9778850
9631622
9744178
9772112
9775510
9777137
9745411
9743449
9728121
9686290
9747951
9777567
9777471
9777401
9777334
9750403
9748199
9716909
9685296
9624061
9777361
9745024
9771572
9771434
9765214
9773853
9774032
9774008
9773970
9773945
9773905
9774064
9774099
9774086
9774131
9764047
9777663
9777619
9777487
9777425
9736154
9535260
9765868
9774895
9775471
9748339
9775776
9724793
9716279
9778114
9778019
9777812
9777774
9775691
9727978
9778120
9778020
9759247
9755286
9752631
9778329
9773122
9755205
9686740
9765615
9718896
9771527
9778090
9725072
9716537
9725878
9769372
9777910
9777502
9765632
9725441
9722575
9702111
9777574
9774828
9746832
9722697
9722270
9722104
9615622
9590473
9778301
9777784
9599966
9774512
9774874
9778534
9778465
9777268
9776087
9759432
9778611
9777860
9775576
9773291
9772508
9770173
9778717
9769733
9768515
9765875
9778543
9778645
9768397
9778605
9777488
9775634
9732577
9775175
9759305
9778675
9778963
9753368
9723432
9767265
9778003
9778565
9778484
9765510
9779186
9774521
9777722
9776454
9732624
9779003
9780186
9776267
9699691
9778478
9743765
9774550
9562834
9730573
9508980
9625654
9678494
9709756
9737227
9664346
9774809
9777982
9778290
9687868
9538229
9688253
9762165
9718616
9775948
9700958
9783220
9552150
9718475
9714078
9750353
9777902
9716994
9777637
9780513
9768305
9719288
9765957
9535447
9783727
9771550
9622416
9777297
9739662
9737413
9749420
9738254
9783746
9655664
9778890
9778713
9762543
9764294
9766538
9643388
9777840
9775850
9752820
9732671
9780712
9595705
9665704
9774420
9780664
9705285
9725544
9740377
9636228
9762610
9693764
9670074
9691462
9661476
9769121
9770424
9765730
9636802
9763202
9780952
9682993
9738550
9771763
9772126
9772474
9771323
9679729
9780841
9772028
9769215
9745144
9693719
9780981
9780915
9780899
9778477
9751669
9781144
9781093
9780642
9778841
9771540
9770229
9708685
9678936
9637997
9781166
9768733
9757079
9756790
9756260
9755871
9722303
9563558
9757235
9577760
9765789
9759798
9718539
9759180
9608512
9662748
9768699
9781344
9778804
9722370
9670508
9760709
9775984
9751042
9767870
9780867
9740559
9731860
9670351
9781134
9764266
9783520
9693822
9550101
9769971
9774962
9781123
9781085
9775973
9771102
9769732
9763237
9758064
9747846
9722513
9722028
9747691
9737115
9778998
9778746
9744743
9705959
9668628
9781396
9595957
9777180
9762785
9732034
9716712
9774802
9776600
9653513
9658754
9597489
9555005
9784289
9780999
9776138
9765596
9775946
9754923
9781160
9768595
9780777
9782630
9782343
9782585
9782132
9780559
9777850
9769941
9734732
9740009
9718480
9723517
9765485
9699361
9634452
9764320
9775493
9769072
9760294
9710549
9762950
9782895
9782441
9754194
9749535
9729792
9587655
9783237
9781783
9780462
9772830
9771649
9783094
9762998
9754459
9637968
9780738
9780802
9744320
9600470
9780895
9781049
9781270
9781156
9779037
9683473
9778801
9775703
9765668
9743140
9769091
9747566
9747399
9781758
9781419
9666182
9483413
9725468
9781131
9753353
9770993
9680315
9784505
9783830
9779213
9776146
9763416
9762966
9756719
9740200
9781217
9756418
9727084
9770483
9768318
9781181
9783862
9778701
9778549
9778389
9777887
9770310
9722831
9720030
9633231
9783687
9783347
9782744
9781264
9779901
9779702
9777668
9776024
9769342
9750324
9730000
9729978
9783668
9783411
9778260
9763566
9780970
9780909
9778032
9773076
9758412
9760402
9752988
9729316
9728721
9783397
9779782
9776397
9775600
9765478
9750970
9783435
9781591
9783614
9784553
9702154
9740642
9710937
9658415
9723644
9784340
9784337
9784292
9784286
9778892
9770093
9775403
9752077
9752775
9780628
9751974
9781761
9781430
9779178
9707511
9696169
9611814
9768793
9768671
9768488
9783993
9783856
9756148
9580936
9784134
9784132
9784044
9765268
9756480
9743924
9738883
9711670
9768956
9768734
9766699
9769122
9768998
9768878
9782235
9782277
9777605
9776198
9734576
9566055
9634174
9737168
9746078
9783073
9785104
9784939
9784780
9784760
9783935
9773073
9713786
9643243
9642470
9567466
9784000
9783611
9773043
9782772
9683296
9780796
9541988
9784986
9768484
9726005
9784650
9784627
9667777
9779167
9743114
9782829
9722402
9766835
9775680
9759435
9778766
9785187
9784882
9782874
9781523
9763706
9725758
9785019
9779311
9771073
9785420
9773041
9767366
9785321
9785388
9785168
9779775
9785870
9773562
9786127
9640493
9785961
9692976
9785583
8796983
9704501
9784172
9781843
9696818
9776950
9768753
9605129
9780783
9781027
9775141
9595952
9780938
9682529
9781224
9767206
9720078
9628470
9749793
9759613
9518370
9784921
9543555
9673511
9787020
9713424
9638250
9786699
9786713
9783990
9731777
9742607
9788090
9789156
9667423
9706839
9746106
9762851
9775588
9769601
9741170
9695092
9753709
9748848
9786872
9786844
9786636
9786920
9786893
9785549
9759410
9763266
9778419
9619963
9750057
9697922
9743780
9409585
9754198
9729609
9634378
9750695
9632903
9778121
9779795
9744526
9678373
9787168
9787142
9783083
9776877
9741316
9740437
9655708
9527079
9787169
9784513
9779362
9746464
9786951
9775969
9786974
9782663
9777804
9773288
9728972
9649051
9784755
9787446
9773469
9735789
9690765
9753325
9686932
9666904
9700433
9752491
9675897
9785760
9703681
9705174
9609287
9700486
9598910
9520840
9786975
9776520
9787518
9787506
9775379
9772870
9782452
9772506
9768427
9765941
9736942
9684129
9787561
9787077
9786711
9786676
9786672
9786664
9787881
9787841
9737113
9715971
9759333
9781770
9787952
9787740
9787235
9786740
9784597
9776288
9771340
9751855
9695322
9693797
9668447
9694219
9788242
9787606
9787362
9788011
9732038
9756724
9569164
9770195
9786725
9672169
9751816
9688437
9576199
9787970
9786703
9784475
9781862
9780891
9723454
9788133
9784618
9787090
9765579
9788700
9787348
9706924
9786787
9780860
9788794
9788580
9788530
9788316
9765568
9752249
9786768
9752729
9788016
9532005
9691039
9747445
9747318
9747660
9758848
9626139
9783195
9781735
9769584
9786905
9759770
9777947
9703732
9783359
9787052
9764016
9735810
9752966
9769772
9749808
9777461
9706894
9754220
9758972
9744732
9677704
9750608
9788065
9784339
9789206
9788335
9782700
9781822
9755517
9783851
9776785
9764262
9750120
9778078
9752554
9594322
9790505
9789157
9788934
9716879
9619307
9789395
9728628
9789550
9691685
9753419
9730234
9668663
9739768
9746769
9644078
9784128
9756866
9787449
9749498
9749187
9763304
9787795
9787537
9752327
9776453
9774634
9756300
9778505
9783726
9771647
9708666
9679123
9789692
9724044
9716617
9676293
9789856
9789792
9789671
9787779
9785607
9775893
9763314
9755633
9507948
9719140
9788424
9790389
9771866
9771560
9789868
9784995
9789417
9789412
9787288
9763740
9789610
9789536
9772277
9713779
9790644
9790571
9719816
9784717
9790416
9781612
9791194
9760172
9778325
9769021
9778211
9770743
9778061
9777632
9777545
9783088
9777790
9777731
9783493
9780873
9737984
9782541
9781154
9775859
9789926
9788394
9781557
9790137
9789876
9790320
9790202
9790189
9790092
9787587
9787545
9781775
9772881
9790301
9790248
9790219
9784354
9771906
9749070
9789563
9790524
9790504
9724994
9692401
9790599
9778171
9784131
9787816
9781341
9750521
9790060
9778542
9781111
9775793
9757040
9722171
9790772
9790745
9790457
9789817
9783833
9768865
9789084
9788796
9788481
9788106
9786246
9785245
9791234
9790773
9789662
9784701
9784576
9766758
9747979
9759419
9646576
9790790
9785158
9791321
9790866
9790479
9620547
9664691
9784662
9702115
9788556
9435009
9791394
9791180
9791485
9790785
9772919
9763822
9533936
9791640
9791373
9785071
9784234
9779651
9739769
9695331
9684291
9780218
9788339
9791143
9736094
9751817
9752055
9787953
9788846
9752793
9681639
9781590
9608504
9776648
9715404
9787883
9731972
9627963
9779048
9780594
9695485
9786480
9788035
9720227
9706764
9750661
9534591
9690590
9744207
9737762
9655406
9739352
9750861
9764426
9745037
9743821
9777499
9758025
9752105
9744338
9725837
9790289
9766488
9769362
9791101
9751451
9772027
9739985
9789759
9787082
9762997
9755455
9764682
9736563
9408832
9655887
9728746
9667857
9692907
9779138
9753537
9761600
9743475
9237601
9574146
9776360
9695703
9687810
9676758
9695639
9669943
9783865
9788125
9728182
9726315
9693861
9719391
9719239
9716756
9789398
9755991
9753591
9596369
9770140
9755787
9737417
9737214
9677918
9754570
9722912
9778341
9691835
9760335
9758208
9614451
9789866
9689731
9617113
9689657
9760193
9547172
9709956
9733503
9759550
9657502
9710607
9790726
9659542
9641434
9661690
9790086
9773313
9688069
9738411
9749860
9643645
9752726
9756038
9664947
9655766
9779471
9750310
9779089
9782627
9737973
9677668
9729044
9638319
9720814
9668008
9667587
9771651
9456237
9651393
9336001
9637072
9759327
9775233
9772317
9318231
9713983
9765137
9756242
9241594
9755162
9693033
9755518
9763527
9768431
9769305
9790589
9777857
9666768
9690632
9747447
9726520
9779857
9691233
9720619
9689232
9626721
9722131
9763334
9778452
9766483
9507570
9768380
9714062
9771173
9721013
9737715
9768736
9719260
9728302
9621185
9773361
9649585
9779028
9782194
9765300
9763915
9434743
9782048
9677138
9784012
9771752
9782206
9344144
9778733
9637470
9773215
9768744
9702989
9710994
9703128
9749921
9707608
9777415
9774450
9784535
9763441
9775223
9651750
9651195
9645575
9763707
9708646
9782775
9781018
9719184
9768870
9756292
9765053
9672361
9409346
9778878
9791132
9560543
9779452
9573400
9775470
9783330
9772191
9782169
9561085
9780782
9654616
9771410
9544024
9784088
9781108
9785092
9606342
9784086
9784894
9785479
9785335
9785615
9211549
9520995
9686295
9743242
9618494
9707737
9743611
9331536
9772202
9786697
9751929
9777764
9733349
9788900
9735251
9701943
9783476
9702592
9777581
9622990
9721636
9776279
9768536
9765047
9457415
9735106
9738161
9527991
9634124
9649434
9688175
9686681
9685194
9140393
9719214
9776756
9711037
9734461
9733072
9644341
9718306
9563501
9757866
9622689
9775224
9738226
9543276
9752724
9234719
9242149
9716098
9397966
9735987
9770506
9729538
9418836
9780624
9741605
9751677
9722049
9772301
9739596
8483788
9479676
9344536
