9648940
9693564
9696883
9694792
9610383
9581009
9620022
9649907
9700135
9700575
9431612
9698534
9701205
9664579
9508449
9657788
9649313
9727727
9728022
9718344
9694764
9715037
9700929
9724733
9744160
9741749
9744731
9744997
9744996
9744883
9744826
9746266
9748264
9736503
9745167
9714758
9744346
9748342
9617095
9739306
9676649
9665719
9542904
9698824
9673139
9693044
9742896
9608096
9741750
9741256
9745535
9745496
9746173
9746066
9746719
9748845
9748860
9748856
9748853
9736457
9721204
9721461
9748946
9748945
9748925
9748968
9748957
9748953
9747504
9722155
9749003
9748982
9748963
9749007
9748998
9744707
9741670
9741284
9734513
9708145
9748971
9613978
9688341
9749092
9742505
9747703
9748685
9748638
9748773
9748757
9748755
9748794
9748779
9748770
9601656
9748808
9749218
9749183
9700167
9747060
9749322
9749220
9435392
9688739
9609678
9701150
9620226
9705164
9731537
9731514
9731505
9512962
9736164
9738481
9732358
9557769
9685756
9608462
9722265
9722146
9727917
9749939
9750081
9741056
9706325
9750649
9750517
9744469
9751115
9751074
9750771
9508446
9613018
9630956
9699654
9704871
9625848
9582414
9754762
9754758
9754747
9751592
9751396
9754710
9754786
9754554
9754838
9723694
9754832
9754864
9754859
9754853
9754852
9754873
9754869
9754870
9754867
9754891
9754888
9754885
9754834
9730736
9754899
9754893
9754862
9754850
9754855
9754911
9754910
9754912
9754950
9754938
9753091
9754984
9754978
9754955
9755001
9754999
9754983
9754960
9754797
9746347
9704379
9705279
9749153
9746352
9714226
9731125
9731109
9731049
9731010
9753672
9753243
9754104
9744023
9753496
9748343
9697380
9754279
9754213
9754271
9754521
9754503
9754009
9754588
9747551
9742689
9751623
9735197
9751863
9750265
9231113
9750781
9750551
9736357
9704145
9674147
9748965
9635994
9476012
9671029
9468052
9687397
9689227
9630018
9689190
9719511
9763022
9763172
9657324
9759802
9667502
9677372
9609471
9731482
9721697
9704548
9704391
9654653
9654594
9607095
9531158
9677488
9776141
9775330
9695293
9704793
9678513
9717826
9666765
9637795
9605956
9598726
9769575
9343988
9710508
9697835
9652949
9652579
9764392
9639755
9504432
9660598
9645648
9638452
9521483
9526729
9592380
9638263
9724920
9532460
9741608
9662543
9686726
9390503
9687743
9416302
9734056
9565149
9786702
9664159
9786871
9736662
9786523
9721477
9709120
9786459
9786577
9759395
9729887
9786727
9613586
9514349
9469292
9681089
9584619
9632442
9708041
9723604
9674039
9766076
9676511
9665773
9653007
9653851
9727920
9554583
9484908
9730769
9719309
9639496
9677129
9640309
9637055
9621023
9618432
9686695
9612298
9774385
9758485
9752895
9558024
9419758
9685017
9531361
9716225
9780514
9587570
9780572
9693180
9770868
9667650
9619938
9731042
9699581
9693520
9713651
9732354
9711065
9630425
9324033
9712620
9454479
9454396
9445775
9441840
9720337
9684901
9755948
9740747
9731502
9731490
9730771
9721407
9717284
9715113
9712122
9709481
9706341
9703379
9702893
9697347
9681459
9677773
9497020
9659538
9713502
9713335
9474420
9549698
9420917
9700373
9783566
9681448
9425277
9692573
9731442
9731310
9731301
9731293
9572236
9679758
9792323
9717825
9742312
9736069
9786592
9786579
9786549
9699229
9792605
9786545
9792663
9786565
9790128
9508524
9788993
9768340
9737917
9736881
9736664
9500624
9732654
9732335
9727909
9727854
9727851
9716028
9715576
9694068
9693945
9617971
9729778
9736888
9786524
9792665
9778887
9786519
9736431
9683759
9786668
9767735
9792671
9786540
9792614
9500313
9786674
9782129
9792639
9792622
9786704
9786701
9786552
9785875
9786591
9785879
9792608
9785270
9786586
9786515
9780454
9786557
9786686
9786731
9786514
9774717
9786602
9786716
9786726
9786693
9786578
9786575
9785174
9792637
9783286
9757861
9786752
9786689
9792650
9792610
9780461
9792606
9760510
9792611
9786732
9697125
9697450
9590762
9691754
9688000
9692157
9618204
9697892
9697885
9695145
9695062
9694628
9691674
9684875
9571499
9697994
9694784
9691234
9685059
9678756
9642682
9570832
9617119
9613734
9695940
9637414
9671997
9635962
9699906
9700204
9644186
9694485
9698126
9692342
9698600
9620980
9701676
9596444
9654344
9645324
9720189
9707425
9644239
9650027
9627744
9627438
9733185
9744873
9743764
9747851
9743159
9748127
9737605
9719268
9735060
9740983
9741450
9741308
9723781
9710192
9742935
9742724
9739209
9743163
9743152
9700855
9698003
9744037
9746103
9746214
9746477
9739260
9747173
9747017
9746889
9748835
9748847
9647111
9744866
9748989
9749018
9749014
9689146
9749072
9749065
9749059
9749054
9749053
9749049
9749046
9749045
9748647
9748498
9748212
9736388
9727675
9701056
9747271
9744487
9737800
9732487
9730033
9728666
9675603
9662646
9645394
9749158
9749148
9749144
9749106
9749091
9748389
9748257
9748196
9748137
9748120
9748064
9746044
9748453
9748579
9694084
9748660
9748812
9748796
9748798
9748837
9703241
9749226
9749225
9749209
9749205
9749201
9749185
9749184
9749181
9749177
9749126
9749084
9748256
9747987
9747940
9747915
9747809
9747803
9747692
9747596
9747387
9745150
9743876
9739821
9739487
9718326
9705405
9698006
9669874
9656476
9749264
9749176
9747719
9749159
9749284
9749277
9749025
9745476
9703167
9703048
9474430
9629553
9703539
9677730
9697449
9554052
9696555
9457768
9731649
9731573
9728045
9621414
9718499
9735890
9702034
9728345
9721946
9730744
9728252
9711191
9731634
9749038
9743146
9698785
9611072
9549592
9752125
9754781
9754763
9754788
9754767
9754651
9754684
9745680
9736437
9754298
9754868
9754876
9754887
9754895
9754892
9754902
9754908
9755058
9755049
9755046
9755020
9754878
9746615
9746085
9693743
9755095
9755086
9755075
9755073
9755032
9743110
9739818
9722874
9595499
9755130
9755080
9755059
9754988
9745762
9743244
9737363
9729794
9729254
9718823
9679316
9755257
9755234
9755229
9755224
9755182
9755099
9755022
9753191
9749107
9729610
9629854
9754131
9737915
9753789
9753715
9753567
9717979
9725262
9754350
9663502
9754437
9754268
9754046
9754584
9751471
9749839
9484371
9484324
9751762
9616890
9586993
9752006
9697973
9435073
9650190
9761741
9762621
9749122
9533503
9432928
9718055
9714681
9664377
9758405
9647441
9646761
9505243
9489196
9218108
9754048
9722813
9647339
9688159
9570855
9728499
9693537
9640022
9692333
9774663
9774604
9706967
9707736
9689692
9681903
9670005
9612358
9596167
9573565
9531471
9517822
9774695
9644312
9768124
9674140
9703920
9674672
9669005
9723903
9716917
9639918
9702653
9665238
9622677
9594174
9709730
9721694
9681583
9701462
9698088
9654761
9626132
9701233
9414480
9703355
9729280
9707473
9674401
9753680
9786775
9786761
9727815
9727810
9786830
9786799
9786789
9786833
9598238
9748244
9786533
9786983
9786950
9786948
9786928
9786878
9681705
9755144
9651909
9421424
9715285
9640201
9698196
9725736
9577764
9590039
9706520
9664537
9780825
9707595
9617332
9709916
9678111
9635135
9634901
9596279
9569424
9253774
9703205
9774556
9774518
9730324
9682176
9682096
9682027
9667561
9662810
9662757
9655025
9660071
9780725
9678479
9727590
9697980
9702923
9728021
9580197
9572284
9697753
9655617
9449217
9642284
9558207
9540987
9518195
9467074
9731603
9731542
9721614
9715054
9711557
9709889
9709679
9709502
9707589
9667849
9708460
9674327
9785854
9732010
9736937
9468632
9792722
9792716
9792738
9792784
9791488
9792873
9792855
9786936
9669075
9666774
9768575
9737050
9737034
9724154
9689818
9685308
9672909
9619934
9792802
9792767
9786880
9792751
9786938
9786933
9792727
9786952
9786943
9786860
9786915
9786811
9786997
9792885
9792840
9786992
9786826
9786785
9786751
9785739
9792828
9786810
9780435
9786771
9786148
9786111
9786099
9785454
9785406
9785303
9785242
9785126
9785057
9784931
9784802
9784459
9782730
9782124
9779467
9779131
9778386
9775115
9786985
9786884
9786156
9785113
9770080
9792731
9786900
9792805
9777953
9785650
9781220
9786520
9786201
9786199
9782659
9786198
9772420
9784275
9781556
9786499
9786471
9786431
9756164
9779573
9792769
9792725
9792745
9786329
9786888
9786867
9786490
9781466
9786935
9785811
9786855
9786919
9786792
9786162
9792831
9779574
9792750
9792778
9792756
9785894
9786876
9786504
9785922
9786777
9786317
9792770
9785283
9786963
9786996
9777852
9784777
9786796
9786311
9786286
9782634
9786845
9786934
9785261
9792830
9792755
9455112
9636861
9632602
9510368
9648926
9677491
9554691
9697192
9697663
9648012
9697715
9667000
9694359
9687955
9684843
9671959
9671809
9609096
9478692
9697982
9673379
9677410
9672502
9503491
9495563
9694421
9700118
9654884
9548045
9682991
9696115
9544798
9671088
9693330
9670905
9442125
9667357
9645355
9664978
9698222
9698079
9691339
9671222
9658195
9614771
9569082
9528943
9608601
9579572
9676075
9635317
9698271
9694661
9688623
9608893
9570696
9698301
9696135
9695737
9695571
9691441
9686991
9686774
9684664
9682929
9698290
9698242
9698026
9667981
9648466
9698394
9693766
9664507
9402257
9523795
9657517
9554012
9648712
9635715
9620570
9654481
9600604
9633611
9590721
9725316
9704278
9640199
9548493
9686042
9702554
9727825
9681237
9644164
9728124
9723093
9716408
9655982
9729580
9720131
9710252
9655459
9728335
9728778
9705318
9743646
9721386
9707830
9707773
9697864
9505618
9748146
9745518
9698057
9675848
9666237
9743229
9742791
9724983
9743363
9513503
9743305
9742688
9733120
9718142
9683311
9741974
9721594
9743787
9743620
9743728
9743460
9729681
9745842
9745909
9743890
9723765
9743134
9723506
9717376
9748872
9748950
9727580
9674353
9749259
9746773
9732549
9747592
9746796
9744643
9745463
9749358
9749331
9749327
9749304
9749302
9748993
9748558
9743817
9741551
9740688
9739692
9706265
9695192
9653184
9665851
9556744
9749558
9749557
9749543
9749539
9749533
9749527
9749518
9749499
9749484
9749460
9749426
9749384
9749334
9746914
9744493
9743500
9738354
9733737
9697568
9749463
9749450
9749443
9749411
9749410
9749402
9749398
9749396
9749380
9749352
9749245
9749178
9748829
9743138
9712799
9677283
9687205
9619322
9594462
9549838
9746519
9744216
9743892
9749703
9749691
9749667
9749641
9749617
9749608
9749577
9749554
9749541
9749445
9749438
9749421
9720985
9717599
9716260
9710214
9699081
9749624
9749447
9503156
9672574
9703250
9703319
9703412
9544711
9702285
9671789
9671672
9720184
9650231
9726029
9654867
9731365
9732458
9637362
9610001
9548586
9732120
9722453
9725849
9670446
9696237
9695976
9695587
9694491
9730682
9582792
9730970
9736998
9673634
9755707
9751003
9750110
9633979
9711272
9749770
9749727
9749680
9749679
9745467
9743741
9743501
9542643
9737983
9539907
9749740
9681938
9749449
9746470
9725834
9524481
9631455
9608757
9698385
9688317
9755474
9755457
9755448
9755426
9755402
9755363
9755265
9753242
9752728
9737272
9731867
9755361
9755355
9755347
9755339
9755324
9755322
9755321
9755315
9755280
9755248
9755198
9755191
9750805
9750073
9742274
9718143
9702988
9687976
9553994
9755579
9755576
9755547
9755507
9755473
9755423
9755250
9755118
9749278
9737391
9735456
9735320
9721767
9715085
9699032
9641511
9592553
9703927
9705666
9755738
9755721
9755710
9755697
9755688
9755680
9755677
9755674
9755672
9755660
9755618
9755542
9755486
9755483
9755461
9755431
9755425
9755382
9752964
9747322
9743524
9727571
9726472
9722377
9722355
9719103
9654730
9754842
9754854
9752400
9500481
9755211
9755161
9749305
9748249
9753553
9750260
9738818
9691584
9751307
9749401
9469772
9755794
9688685
9754405
9653222
9632731
9753690
9749706
9582952
9695032
9747304
9742865
9746053
9726028
9749544
9738450
9666798
9740482
9568429
9303750
9750947
9746335
9743795
9704143
9654320
9573854
9384043
9649398
9749664
9749270
9749116
9749766
9762877
9683870
9490761
9606495
9722480
9614742
9713435
9268013
9579644
9726134
9725926
9715984
9715884
9715718
9715602
9710635
9707684
9686263
9670357
9664328
9654749
9651604
9639082
9632804
9627661
9627324
9614574
9583476
9581473
9484622
9391564
9627478
9702788
9701448
9627264
9626945
9606136
9300591
9631994
9702409
9757283
9693734
9688732
9704840
9702697
9688206
9715465
9714645
9763910
9682143
9657712
9635553
9623857
9549511
9671502
9646604
9639306
9634208
9527691
9630662
9589613
9684010
9705255
9547092
9707570
9732844
9581712
9664711
9639607
9625998
9580805
9525171
9664553
9468396
9710380
9688131
9667975
9633665
9609542
9669396
9605802
9583384
9573832
9553271
9715419
9478743
9725094
9560771
9495666
9661993
9628586
9609298
9662548
9702073
9688478
9665669
9626923
9744538
9639740
9731113
9618885
9561791
9784971
9787224
9787490
9787443
9787260
9730845
9730826
9661994
9723139
9688019
9589177
9698141
9657329
9651269
9704700
9754994
9592677
9651656
9646275
9631510
9654764
9701721
9670554
9736693
9715660
9658163
9628513
9628439
9566425
9556843
9715963
9602796
9715677
9675243
9698506
9668339
9639790
9721603
9675347
9773360
9675331
9675779
9670437
9660895
9776506
9781150
9633117
9728102
9732000
9777532
9588288
9774398
9777799
9676149
9626679
9675768
9771034
9601582
9756612
9743286
9703797
9661500
9653808
9577380
9635881
9715869
9715617
9698098
9654411
9726702
9697739
9697719
9697707
9697588
9683918
9662446
9774463
9629527
9620002
9598704
9593984
9571141
9548509
9528329
9513219
9754789
9732039
9731892
9731652
9731264
9730168
9722279
9715540
9715046
9714851
9714844
9710414
9710347
9710042
9710035
9709989
9705571
9699879
9697772
9695268
9682064
9677332
9675868
9672669
9668104
9667882
9666934
9665323
9660278
9701264
9704372
9686402
9373081
9697355
9781515
9791904
9777106
9656522
9636830
9731912
9792501
9742382
9787063
9732353
9692785
9736383
9789034
9688111
9768643
9737373
9737088
9737060
9736674
9731134
9730848
9728095
9727622
9727464
9721611
9721610
9721609
9718456
9714914
9674946
9654276
9637911
9623290
9737277
9787524
9737207
9793158
9793143
9793140
9793129
9793114
9793107
9793102
9781007
9793006
9772399
9787222
9792939
9792926
9792920
9792988
9792948
9793011
9793091
9776247
9555003
9780788
9780676
9793159
9780525
9787521
9787372
9787263
9787329
9787461
9787431
9792959
9792972
9786921
9787054
9787466
9793133
9776316
9787094
9787087
9793182
9787067
9784857
9792907
9787367
9780978
9777124
9793146
9793072
9787403
9745207
9786273
9793125
9793086
9787103
9787070
9793067
9793035
9787298
9792964
9787526
9787150
9787350
9785960
9792956
9782444
9793103
9786922
9783790
9792977
9787503
9793033
9793018
9793005
9787366
9793043
9786988
9787047
9793162
9787546
9793073
9787175
9793085
9769263
9736224
9786897
9793007
9786779
9787430
9793040
9793026
9792997
9787307
9793012
9787510
9760626
9787311
9787208
9787469
9564184
9697260
9694868
9603111
9697257
9696005
9567550
9489589
9698542
9690830
9698929
9698837
9698728
9698723
9698685
9689596
9659524
9615539
9573526
9698922
9698798
9434412
9673430
9682171
9660930
9693770
9698556
9698509
9688524
9683793
9698677
9698507
9698169
9666532
9639264
9605424
9698707
9698627
9691388
9673156
9662846
9607848
9573550
9692380
9698997
9487030
9660141
9660135
9720117
9608832
9715763
9744229
9743771
9721771
9606805
9744395
9744188
9641164
9488163
9658275
9735866
9737799
9608001
9714699
9646990
9710093
9743423
9744258
9707079
9734729
9689289
9584424
9739005
9749588
9727016
9749920
9749874
9749849
9749786
9749774
9749713
9749555
9748206
9742110
9738731
9737888
9724578
9721208
9570609
9702441
9676496
9620556
9514511
9690006
9738276
9738113
9726826
9714639
9732715
9679482
9485768
9731754
9732053
9732268
9731830
9725031
9616712
9732710
9732450
9692777
9731540
9731575
9731609
9731665
9711167
9737757
9737705
9737622
9735073
9729547
9670324
9480531
9756108
9756106
9756081
9756047
9756013
9756002
9756000
9755999
9755987
9755981
9755973
9755955
9755939
9755907
9755879
9755789
9755786
9755661
9755524
9752442
9751482
9751143
9749039
9748351
9748309
9748268
9705109
9662152
9660403
9557026
9756330
9756324
9756290
9756288
9756250
9756233
9756211
9756202
9756190
9756169
9756133
9756099
9756080
9755945
9755936
9755931
9755623
9754169
9750271
9750078
9748380
9744593
9743601
9708925
9702289
9700315
9655781
9756077
9756030
9756005
9755857
9755505
9755276
9753740
9753259
9756528
9756524
9756496
9756462
9756456
9756342
9742325
9737721
9756206
9755832
9756501
9712306
9712215
9694579
9669793
9665095
9507221
9506920
9750083
9750044
9750042
9750021
9750009
9750000
9749977
9749973
9749966
9749961
9749947
9749937
9749915
9749907
9749880
9749862
9749838
9749835
9749822
9749626
9747300
9746867
9744810
9742824
9738897
9738577
9616373
9568673
9749960
9749844
9749167
9748074
9585978
9709700
9687590
9686366
9750401
9750361
9750315
9750311
9750263
9750244
9750226
9750164
9750156
9750155
9750152
9750135
9750133
9750119
9750088
9750076
9750070
9750065
9750040
9749867
9749776
9748575
9748367
9747224
9746782
9745475
9743385
9732924
9731811
9684728
9681220
9678348
9669769
9704558
9640858
9530255
9750479
9750031
9749789
9750477
9750435
9750412
9750378
9750291
9750251
9750246
9750245
9750243
9750108
9750012
9746658
9750199
9601163
9756112
9737572
9698864
9698686
9691475
9682291
9644439
9601017
9573537
9502121
9463201
9430479
9620684
9639429
9755376
9750446
9749871
9750192
9754787
9754772
9750068
9574841
9746013
9678278
9753270
9755928
9755878
9755851
9755831
9755797
9755764
9755404
9747629
9744852
9738968
9694445
9682605
9731401
9729329
9723706
9749887
9754304
9721792
9711560
9711201
9750204
9750316
9750227
9750003
9746192
9737776
9750236
9743824
9688543
9738439
9682104
9597443
9755757
9756363
9706547
9571334
9755703
9694155
9642934
9716640
9688410
9657803
9643107
9630946
9626857
9559421
9513617
9655732
9645082
9631758
9567805
9763479
9710929
9600447
9579768
9769424
9581879
9710583
9689256
9665174
9532464
9699709
9694690
9688800
9660922
9622634
9693746
9693454
9690647
9670426
9620382
9685168
9667322
9709974
9663557
9445768
9781545
9781901
9711237
9710991
9580790
9492149
9787595
9787583
9787574
9730603
9737727
9754504
9682392
9787778
9787773
9787737
9788070
9788010
9787972
9787908
9787900
9786836
9603066
9602931
9602632
9574741
9574495
9571813
9571454
9570838
9580552
9688996
9716200
9663535
9722913
9689505
9755872
9722794
9704720
9694231
9694001
9689048
9676432
9588078
9671194
9670833
9631494
9733235
9716226
9703698
9694037
9728385
9704279
9655506
9412984
9714106
9692612
9722283
9723730
9780945
9676817
9637735
9587184
9669806
9716101
9691259
9562514
9751348
9768718
9766002
9746329
9672790
9781524
9732302
9711057
9710860
9706400
9697678
9694162
9688736
9732258
9716278
9704772
9682785
9736584
9704643
9645582
9642930
9636406
9634472
9623205
9622896
9563139
9756477
9732709
9732500
9732381
9732310
9731937
9731364
9730955
9730941
9730879
9722991
9722947
9722755
9722651
9716785
9716707
9716094
9712389
9710578
9710575
9709572
9708275
9707962
9705074
9704522
9704436
9698641
9698340
9698240
9694880
9687534
9682969
9682580
9682346
9679424
9670864
9665926
9658634
9750048
9732494
9718177
9682303
9472077
9731792
9685891
9621038
9787765
9788208
9788068
9728633
9769203
9735108
9787941
9792666
9707338
9519237
9737545
9738305
9738256
9738148
9738101
9738090
9737748
9736733
9733310
9728549
9728371
9721817
9706391
9695252
9684673
9678009
9672847
9672529
9609923
9616027
9787624
9792684
9787973
9787728
9787975
9793599
9788290
9787571
9793232
9793483
9793482
9793473
9793449
9793390
9793385
9793603
9793561
9793546
9793545
9793535
9787955
9788163
9793362
9793343
9784651
9788131
9788107
9651374
9787984
9793430
9793303
9793249
9785197
9788006
9787813
9787532
9734808
9780994
9787038
9788456
9793205
9788184
9793276
9787577
9793288
9782607
9788003
9793522
9793398
9788153
9793463
9788018
9774552
9793476
9793395
9788161
9787971
9793563
9793151
9788055
9793529
9787933
9787701
9793510
9793444
9787812
9781629
9787472
9788338
9784503
9793536
9779813
9787964
9787948
9788289
9787939
9787689
9788323
9793493
9788348
9787906
9787815
9787622
9744360
9793553
9793297
9793418
9788157
9793208
9787576
9793412
9787711
9787962
9787749
9793425
9793194
9788118
9788058
9787718
9737226
9793357
9788078
9787925
9787570
9793452
9793525
9793258
9792992
9793533
9788122
9677708
9697306
9697320
9697298
9697370
9697346
9661401
9696162
9651058
9693425
9429720
9614982
9570635
9699701
9698482
9699732
9699674
9699540
9699531
9636823
9698996
9533526
9691804
9690934
9689734
9689729
9687883
9699311
9699242
9699203
9699107
9698885
9698877
9693993
9698071
9700996
9655801
9655900
9661238
9661304
9711618
9685398
9705391
9699151
9728751
9682795
9728879
9728947
9728923
9728720
9714738
9744465
9734103
9734064
9732265
9655611
9738715
9744798
9743928
9719034
9745047
9691971
9740684
9744953
9687092
9727056
9748746
9588011
9732913
9746450
9749467
9749638
9744560
9638096
9668756
9596039
9710949
9656085
9623261
9718227
9738500
9729019
9689229
9567769
9733231
9733457
9714701
9731037
9756059
9756731
9756607
9756535
9756517
9756513
9756454
9756360
9756277
9732835
9731487
9695272
9756882
9756873
9756848
9756845
9756813
9756785
9756760
9756727
9756686
9756666
9756655
9756645
9756641
9756634
9756613
9756589
9756547
9756538
9756438
9756435
9756369
9756359
9756117
9754274
9752681
9714488
9708401
9502766
9757083
9757057
9757014
9757008
9756992
9756864
9756810
9756770
9756742
9756590
9756184
9747762
9737355
9726636
9750383
9707374
9677264
9750804
9750740
9750734
9750700
9750677
9750659
9750653
9750618
9750601
9750592
9750589
9750494
9750460
9750427
9750175
9747407
9745426
9743968
9750625
9750501
9750497
9750490
9750476
9750465
9750340
9748576
9568496
9489619
9693878
9678586
9625213
9618029
9751124
9751093
9751088
9751071
9751061
9751055
9751049
9751029
9750996
9750934
9750914
9750790
9750780
9750643
9750537
9742596
9737789
9730662
9713018
9757253
9757196
9757191
9757181
9757172
9757164
9757160
9757132
9757119
9757111
9757091
9757082
9757050
9757019
9756840
9756832
9756562
9756310
9754067
9750744
9750268
9747931
9746877
9737811
9734948
9727073
9706830
9701663
9699300
9694311
9687852
9687753
9687049
9686983
9597635
9756859
9756104
9699696
9671664
9637741
9733092
9757275
9756111
9675741
9632213
9500260
9699425
9699293
9699175
9699125
9699003
9698697
9670459
9631788
9615138
9699628
9699608
9699579
9699536
9699501
9699406
9695096
9687000
9675390
9657599
9685920
9704154
9685080
9572102
9567395
9465948
9754775
9754833
9749419
9749274
9751111
9746107
9655203
9742784
9742731
9750811
9750665
9750633
9750752
9750942
9750898
9750891
9750889
9750855
9750853
9750828
9750827
9750742
9750708
9750701
9750531
9750339
9739242
9733523
9728028
9724588
9626567
9696704
9751213
9751201
9751179
9751165
9751163
9751137
9751099
9751052
9751007
9750989
9750838
9750755
9750597
9750498
9747481
9741437
9738109
9702742
9696716
9649316
9750833
9750711
9752124
9751978
9746497
9661179
9756811
9756723
9566788
9705469
9661113
9660232
9650449
9508020
9568056
9756178
9727882
9732385
9703555
9738997
9738502
9774228
9713825
9693473
9689630
9678387
9665614
9661105
9650799
9626781
9623048
9621828
9552609
9506986
9572126
9702222
9544023
9660812
9715998
9757056
9627200
9750507
9616271
9750496
9764474
9689185
9693336
9671949
9631677
9716559
9450805
9618600
9693947
9639052
9743907
9508367
9689455
9631241
9716086
9689605
9663588
9630557
9732996
9708443
9686002
9738585
9706545
9641974
9736550
9706248
9723302
9698709
9690193
9733312
9699587
9711396
9695409
9717354
9591712
9617984
9716775
9602589
9702537
9723269
9710396
9660817
9656840
9756321
9661459
9665453
9595243
9577102
9649619
9720026
9629285
9629610
9533587
9632166
9632079
9655600
9665957
9655941
9637377
9744875
9593604
9529711
9731883
9716893
9717111
9716931
9673044
9649108
9643204
9637769
9637124
9634284
9627901
9624574
9606172
9764611
9750772
9750706
9750640
9750524
9733404
9733289
9732656
9732495
9732271
9730288
9727048
9723841
9723820
9723749
9723498
9723488
9723229
9717580
9717533
9716861
9711640
9711588
9711562
9709583
9705380
9703118
9702574
9690924
9683327
9683250
9677341
9677057
9663627
9660996
9656504
9782610
9782502
9728802
9706287
9539806
9711011
9708481
9683784
9540968
9672375
9733017
9720073
9710557
9788346
9787910
9494511
9788264
9788603
9744279
9788645
9788492
9706744
9767022
9788816
9788798
9785302
9788975
9655528
9768240
9738893
9738837
9738808
9738554
9738489
9737584
9736747
9736520
9735957
9734091
9717388
9700286
9699343
9664809
9664017
9660953
9647930
9629445
9625743
9616483
9616111
9681924
9648565
9738677
9793748
9515449
9788489
9793934
9794004
9793982
9793968
9694501
9788942
9793805
9793698
9793681
9788791
9788801
9788841
9788495
9788863
9788748
9788514
9793913
9793829
9794005
9788548
9782329
9793632
9794002
9788616
9788774
9793781
9788905
9788458
9788976
9794013
9788431
9788563
9788513
9793940
9775362
9788384
9793847
9788894
9788552
9788614
9788442
9788383
9788350
9793811
9788483
9788609
9782728
9793810
9793841
9788581
9793923
9788808
9793799
9788524
9788838
9793666
9788772
9793972
9793707
9793987
9788876
9788409
9788367
9788829
9786847
9793669
9793654
9788903
9788815
9788462
9787988
9788308
9793843
9793697
9787544
9778113
9788954
9788164
9788451
9788477
9776612
9793764
9788648
9788314
9788879
9788331
9642341
9644674
9679895
9655474
9671701
9663701
9697422
9672020
9647920
9693693
9692276
9687082
9513708
9665589
9666074
9690555
9616461
9684465
9700345
9700330
9691893
9690716
9700278
9699884
9699837
9699817
9688242
9648483
9591423
9700092
9700048
9642206
9699934
9699922
9699918
9699888
9699761
9698541
9691989
9687031
9700210
9700180
9699880
9698282
9690481
9594795
9538351
9646033
9678665
9590442
9643151
9700635
9700812
9701126
9698911
9699279
9657277
9571961
9539382
9563692
9539113
9658451
9614473
9682691
9695606
9700195
9700212
9698823
9705686
9728711
9729377
9729241
9729232
9610105
9694331
9663816
9732761
9743796
9739222
9717732
9696074
9688618
9745214
9745082
9745329
9745281
9745237
9745209
9745165
9745084
9704422
9745522
9745424
9745293
9745213
9739558
9704519
9723303
9722085
9521932
9739139
9692272
9743446
9742854
9743301
9740074
9736601
9638937
9745638
9745630
9745602
9739761
9656744
9743970
9700078
9748934
9743219
9747577
9734053
9518584
9749690
9749528
9700226
9544533
9668798
9701873
9701353
9679009
9723285
9735306
9710914
9564084
9712932
9735077
9735234
9734774
9733897
9733822
9733793
9733462
9623955
9628322
9677399
9617304
9741926
9688615
9733650
9733160
9730188
9730408
9731650
9710572
9755997
9709814
9756101
9756064
9751464
9750735
9756408
9756322
9756268
9756210
9756531
9752406
9756798
9740379
9491138
9737852
9757357
9757351
9757334
9757330
9757318
9757270
9757248
9755523
9745370
9736963
9736922
9715346
9676976
9757578
9757572
9757569
9757530
9757526
9757518
9757515
9757490
9757485
9757476
9757456
9757445
9757436
9757435
9757432
9757427
9757423
9757417
9757407
9757403
9757401
9757398
9757390
9757386
9757383
9757369
9757365
9757362
9757356
9757292
9757268
9757218
9757142
9757084
9757058
9756879
9756776
9756772
9756709
9756664
9755242
9754323
9754201
9745735
9745294
9736608
9696253
9681261
9659454
9634893
9757708
9757685
9757649
9757633
9757621
9757616
9757612
9757609
9757582
9757548
9757547
9757501
9757457
9757370
9756807
9756799
9744760
9720801
9717468
9531535
9757812
9757766
9757763
9757757
9757735
9757722
9757696
9757688
9757667
9757607
9757555
9757015
9756739
9755883
9730209
9707084
9649234
9741217
9656225
9575189
9677904
9689916
9689224
9683169
9538714
9681925
9740984
9755072
9710765
9755502
9750971
9755723
9748480
9748291
9749643
9752543
9752547
9752313
9752031
9738192
9753052
9606187
9671787
9751391
9755715
9656660
9753485
9752238
9751454
9751289
9751650
9751647
9751616
9751590
9751582
9751581
9751562
9751553
9751512
9751399
9751327
9751248
9750776
9748053
9747104
9745547
9744180
9737612
9736422
9654603
9751655
9751660
9751613
9751612
9751583
9751508
9751415
9749191
9751672
9751238
9751301
9751280
9751272
9751229
9751157
9750975
9750645
9748615
9733938
9751421
9751397
9751381
9751376
9751369
9751367
9751353
9751340
9751335
9751308
9751277
9751274
9751254
9751222
9751151
9751123
9750883
9728269
9726587
9686233
9672396
9649470
9751534
9751533
9751530
9751520
9751514
9751494
9751479
9751463
9751458
9751447
9751443
9751375
9751358
9751296
9751203
9751129
9749634
9740455
9685118
9645203
9751521
9751968
9749452
9745239
9617862
9593444
9554710
9757094
9750221
9558312
9716035
9682775
9640791
9723974
9718081
9717837
9717671
9695820
9695648
9690745
9689307
9664672
9632625
9627139
9626974
9616103
9615216
9604921
9603877
9421542
9691207
9039697
9706173
9642600
9371164
9751528
9575085
9659061
9644911
9680714
9717780
9770889
9694635
9731363
9678453
9690315
9715912
9764996
9757044
9700312
9576803
9657352
9724136
9665293
9664184
9616434
9537947
9658965
9656816
9651220
9624313
9605702
9637089
9629167
9657334
9700438
9642906
9516251
9380871
9782991
9782858
9780148
9656578
9479561
9783166
9680565
9783219
9783132
9773932
9706882
9700894
9687048
9591499
9702363
9699241
9694560
9663685
9503976
9581538
9724760
9721993
9590930
9710321
9721822
9658864
9677523
9660583
9657558
9712898
9645577
9681438
9681419
9425086
9704795
9692385
9691888
9617968
9692855
9708146
9515298
9651437
9677867
9676223
9731746
9694773
9541740
9733945
9685982
9547813
9697979
9732366
9732110
9724193
9681691
9727627
9637761
9637558
9633346
9594196
9527672
9485491
9751498
9733964
9733930
9733868
9733812
9733704
9733673
9733516
9733421
9733343
9732293
9724326
9724289
9722294
9722089
9717683
9715762
9711862
9711672
9710573
9710322
9701256
9700123
9700046
9697041
9694878
9685260
9666506
9666117
9660168
9638242
9675627
9782801
9706189
9706059
9531552
9452342
9711778
9789071
9731926
9786607
9747544
9646938
9788211
9685613
9789211
9789200
9789193
9789176
9789426
9704689
9737948
9735413
9613560
9675802
9638536
9728592
9734369
9788571
9654154
9789072
9788770
9788738
9789174
9760491
9739507
9739224
9739103
9739093
9738895
9738820
9738342
9738156
9736469
9553825
9537850
9507677
9501907
9726469
9725642
9724032
9717618
9716935
9714345
9705696
9665894
9664170
9657144
9633549
9630892
9626441
9624118
9620841
9789338
9789111
9739464
9789445
9789377
9789310
9733883
9624385
9776909
9794096
9794087
9740079
9674802
9794194
9794189
9794187
9794175
9794173
9794163
9794161
9794138
9794130
9794126
9794045
9789432
9777083
9744372
9787659
9794294
9794287
9794259
9794238
9794235
9782884
9794319
9794304
9794390
9789075
9794290
9789039
9789025
9789016
9794200
9794211
9709058
9789045
9794100
9789441
9789497
9794112
9794262
9789239
9789413
9794227
9789448
9789493
9786012
9789402
9789284
9789404
9789220
9794220
9792688
9789480
9793261
9789087
9789058
9785133
9794088
9794114
9787579
9789082
9789319
9789460
9787405
9789093
9789334
9789313
9789505
9789041
9794160
9789094
9788994
9794146
9793349
9789450
9789273
9787444
9787308
9789316
9794293
9794203
9789209
9789340
9786076
9789101
9789348
9794215
9792753
9787692
9789081
9794327
9789498
9789420
9794231
9782894
9789175
9789324
9794039
9794278
9789027
9789485
9789150
9789130
9789229
9789433
9789365
9789326
9789194
9788881
9789190
9794361
9787400
9789483
9794308
9789210
9676963
9681720
9697440
9695812
9694246
9696424
9694955
9696020
9694756
9611770
9684218
9678396
9649742
9628261
9698124
9409412
9677882
9558954
9700455
9700296
9700236
9690877
9567346
9700552
9700456
9695537
9690910
9684707
9636667
9626485
9617470
9700702
9700650
9700542
9627775
9540906
9628856
9539548
9539018
9700730
9700703
9700540
9683224
9682458
9685529
9617188
9699006
9647304
9700847
9700739
9700520
9698182
9684917
9599176
9544376
9694819
9696456
9696133
9693895
9675962
9666088
9661869
9558805
9700748
9689327
9649394
9644819
9518727
9657228
9657367
9583315
9660381
9658363
9441625
9695542
9623657
9518055
9604782
9713162
9698664
9700311
9651184
9698231
9471673
9728825
9729203
9729652
9729506
9686492
9729535
9729306
9688507
9743945
9744156
9651813
9722096
9734925
9747956
9747574
9699375
9730241
9665129
9376352
9739028
9745542
9739744
9723286
9739782
9415663
9415952
9743578
9738135
9742559
9722658
9735765
9725595
9744274
9746015
9745919
9745846
9745019
9744967
9724902
9746144
9746087
9745962
9746411
9746319
9746286
9249175
9221580
9221399
9746553
9721722
9102515
9692561
9746706
9740351
9745931
9748490
9735704
9573608
9747410
9700719
9416726
9747611
9747408
9648186
9749574
9749685
9699526
9702558
9703150
9703188
9596566
9552969
9655148
9596779
9596702
9651663
9700643
9651630
9651504
9698945
9599099
9545086
9544886
9690322
9673300
8895477
9415511
9721581
9698941
9611518
9734271
9734107
9684949
9674708
9674783
9734292
9735465
9211719
9726277
9715534
9722822
9694115
9729981
9729562
9729989
9608491
9752638
9751992
9750225
9756875
9756682
9749872
9742302
9523863
9745085
9744793
9741655
9750719
9750423
9749658
9749581
9650209
9757128
9755880
9757282
9757163
9658996
9757415
9658791
9757661
9749825
9752646
9757935
9757885
9757875
9757855
9757849
9757831
9757829
9757782
9756458
9752403
9752174
9751519
9747774
9740914
9667064
9699333
9720839
9757472
9757462
9747550
9745392
9745008
9758041
9757991
9757980
9757947
9757933
9757930
9757910
9757904
9696633
9596517
9758194
9758185
9758168
9758155
9758151
9758112
9758049
9758036
9758029
9757911
9757905
9757658
9757600
9757378
9757255
9756545
9756323
9756149
9755019
9751852
9751430
9751325
9750514
9758085
9758084
9758069
9758062
9758022
9757989
9757895
9757814
9757741
9757580
9757138
9756479
9744405
9699318
9672456
9688628
9679138
9673922
9699712
9749628
9731114
9755202
9752440
9752157
9743831
9755554
9755445
9751895
9755657
9751668
9747797
9751635
9740506
9574174
9744557
9744766
9743805
9701619
9612042
9755208
9615081
9752152
9751914
9557354
9584172
9658427
9744674
9751638
9751659
9751597
9751861
9751845
9751824
9751820
9751811
9751810
9751784
9751764
9751682
9751646
9751628
9751101
9750916
9742317
9718065
9712392
9709768
9697884
9685258
9469043
9751767
9751749
9751746
9751722
9751703
9751696
9751683
9751673
9751654
9751564
9743324
9719449
9639136
9752030
9752002
9751981
9751956
9751946
9751945
9751939
9751936
9751921
9751919
9751917
9751912
9751904
9751898
9751884
9751862
9751856
9751851
9751840
9751814
9751769
9750756
9747982
9744849
9724451
9699560
9750870
9750293
9751169
9740925
9751537
9752070
9751979
9751955
9740740
9684169
9667635
9752073
9752059
9752046
9752025
9752012
9751980
9751964
9750578
9748250
9748056
9747870
9747842
9744311
9740578
9710240
9690009
9678066
9752181
9752177
9752172
9752154
9752131
9752115
9405258
9632907
9758212
9699186
9691090
9525889
9656950
9758192
9758183
9758142
9700842
9690957
9751138
9746287
9656319
9655190
9623425
9604841
9580113
9671769
9748398
9758245
9712072
9723794
9723148
9721582
9591141
9723263
9718399
9712926
9712256
9711355
9695422
9688840
9672785
9667450
9646244
9639721
9636319
9626126
9623833
9598517
9598426
9496859
9701580
9335416
9333518
9679907
9720775
9690495
9482181
9560760
9677315
9656375
9655121
9654755
9640138
9516619
9489142
9359717
9560927
9608372
9710345
9583322
9685662
9672674
9668161
9548450
9537210
9724433
9713613
9665858
9571810
9639993
9537084
9732001
9624867
9587326
9633789
9752052
9692218
9752612
9759424
9480280
9718755
9709798
9656117
9655888
9655678
9645628
9640409
9457957
9741714
9729576
9734120
9734239
9712220
9702031
9682790
9601194
9622323
9695650
9751809
9706628
9704637
9656362
9694567
9665590
9752148
9672171
9592684
9585942
9601855
9636373
9704516
9632760
9587252
9553380
9622814
9682175
9555553
9632951
9686904
9711464
9667655
9605844
9633819
9633561
9603428
9547443
9713425
9695519
9704321
9701671
9617213
9725434
9603847
9696559
9655535
9661910
9679508
9662680
9662589
9627760
9777244
9739701
9771343
9777439
9666722
9743650
9718553
9706498
9587145
9586711
9666466
9657860
9722783
9712101
9594031
9783764
9783725
9783344
9724556
9692582
9642244
9642171
9640943
9637292
9637035
9635113
9627051
9535858
9535286
9533423
9482323
9459367
9757433
9751894
9734335
9734289
9734186
9733682
9732718
9729492
9724411
9723901
9723368
9718589
9718459
9717688
9717302
9715240
9713912
9712456
9712273
9711779
9710979
9710213
9709984
9707236
9700526
9698183
9694875
9685359
9682934
9682799
9682659
9681245
9680851
9679069
9678787
9677923
9676325
9668300
9666889
9666676
9662036
9654921
9672538
9586336
9783683
9783585
9783518
9779523
9735390
9738198
9789839
9751950
9789803
9742677
9789843
9789767
9789778
9789925
9789919
9789889
9790027
9789773
9722821
9789687
9684307
9789017
9764658
9739975
9739767
9739751
9739743
9739654
9739570
9739365
9735350
9492591
9428221
9734483
9734319
9734123
9733653
9731853
9726748
9718678
9715257
9714333
9713845
9707096
9702173
9691470
9690561
9689719
9689066
9688564
9686010
9683226
9679953
9657588
9644849
9637263
9740466
9721348
9472819
9674241
9789542
9783172
9789612
9789592
9789152
9772240
9789742
9789821
9789848
9789678
9746388
9746172
9794387
9789548
9789476
9794520
9794483
9794474
9794473
9794577
9794540
9794528
9794522
9793769
9794635
9794440
9789521
9789580
9789546
9719685
9794460
9794502
9789553
9794634
9794653
9794641
9789717
9789701
9781785
9789677
9794503
9789881
9786961
9789770
9789584
9789766
9794547
9789890
9781712
9794595
9789760
9789754
9789736
9790052
9790000
9789531
9780684
9789997
9794569
9794513
9789952
9789884
9789733
9789737
9789908
9789941
9789728
9789530
9786708
9794459
9789653
9789793
9789645
9789620
9783503
9783436
9789561
9794471
9790021
9789681
9783496
9787630
9789673
9789916
9794508
9789714
9789913
9789771
9783722
9794037
9789748
9789730
9789642
9777656
9789529
9585608
9691787
9694049
9682876
9699053
9479036
9530959
9693989
9700937
9700770
9683201
9682139
9681644
9661427
9621459
9701023
9700976
9700933
9700786
9700681
9698827
9677723
9657357
9633905
9621042
9632534
9568523
9701213
9701202
9701201
9701104
9701079
9700947
9683368
9678574
9671575
9671371
9644504
9643828
9640308
9600027
9701175
9700959
9700571
9652350
9651987
9701414
9701321
9701283
9698073
9647951
9546338
9701160
9725398
9724987
9673547
9593569
9586920
9701445
9685997
9616333
9728890
9729744
9729793
9729466
9729854
9729826
9729922
9729645
9729866
9671107
9700939
9700583
9699961
9651646
9748241
9748215
9738171
9661022
9583780
9678361
9742857
9713538
9587113
9746267
9746550
9746444
9746405
9746775
9746656
9746487
9746845
9746747
9746611
9719304
9651769
9700654
9746966
9727287
9726571
9746058
9704617
9749073
9748471
9748597
9652039
9745927
9744447
9749097
9746908
9691877
9468837
9712558
9702054
9617815
9696122
9648069
9626811
9561032
9734501
9734429
9732948
9619075
9734762
9734675
9733760
9726659
9741468
9740614
9731727
9556462
9731894
9709765
9705222
9730037
9727605
9631216
9752686
9752514
9752247
9752049
9662119
9752283
9752268
9752206
9751827
9752553
9752395
9730239
9690829
9755171
9682629
9749406
9746181
9742903
9553383
9652028
9746755
9752557
9752231
9704035
9689541
9752586
9745393
9758048
9752767
9752497
9752462
9752290
9703390
9699486
9615849
9751607
9744047
9515326
9752234
9743555
9609566
9755646
9752763
9752271
9673602
9628999
9752457
9752393
9752611
9752676
9752396
9725112
9752636
9752331
9753463
9752302
9576932
9752398
9752099
9745283
9661688
9723562
9561113
9752773
9752539
9750886
9749631
9741447
9738888
9752326
9751870
9752187
9738838
9713828
9693958
9752476
9465204
9713692
9699996
9706726
9751907
9750869
9747396
9742953
9731582
9752198
9752297
9703691
9672352
9715614
9701032
9643212
9758452
9758360
9758349
9758338
9758319
9758318
9758305
9758280
9758279
9758244
9758152
9758113
9758089
9757985
9757466
9752734
9751899
9749041
9700751
9758589
9758552
9758521
9758506
9758502
9758491
9758474
9758455
9758444
9758439
9758403
9756187
9750974
9748142
9745938
9732987
9732831
9710092
9682220
9629939
9758693
9758683
9758622
9758617
9758609
9758558
9758545
9758522
9758410
9758233
9757524
9755900
9753163
9752469
9751711
9751449
9745966
9745192
9743070
9741597
9758800
9758657
9713265
9714869
9690836
9682318
9667821
9584074
9473275
9758902
9758829
9758819
9758817
9758752
9758700
9758671
9758642
9758620
9758611
9758507
9758383
9758345
9757027
9755342
9753870
9747787
9743179
9735276
9718645
9649409
9758532
9758368
9414792
9753912
9752548
9658418
9762396
9684634
9601253
9737755
9740246
9683866
9719361
9719186
9719038
9719003
9718720
9718699
9714556
9711909
9709143
9698389
9693492
9681677
9667360
9667270
9651110
9616566
9526599
9462055
9411533
9367611
9284845
9668654
9706268
9713014
9626539
9626315
9333213
9660805
9725172
9667577
9689302
9651653
9710368
9670885
9677532
9621829
9617376
9617257
9538007
9537293
9633486
9621018
9624340
9621363
9556824
9395760
9764179
9711048
9690438
9683539
9649670
9613064
9713256
9598102
9765685
9779878
9679073
9684820
9706931
9731528
9722751
9713040
9683516
9752361
9740435
9734947
9734876
9734772
9734643
9734632
9734559
9734546
9734276
9732352
9730822
9728851
9725230
9718710
9715131
9713022
9712668
9712659
9711127
9710255
9706715
9705744
9701164
9685186
9685098
9684978
9678553
9678139
9667378
9667163
9650136
9635091
9618464
9615481
9565262
9680768
9638974
9666851
9633287
9668230
9678800
9700903
9700749
9667035
9719773
9713234
9771916
9771706
9729805
9716816
9771661
9712713
9623056
9615189
9683123
9597121
9723279
9684611
9684342
9638388
9634375
9623293
9611263
9461420
9722830
9701768
9713254
9713124
9654342
9669950
9661118
9648252
9776337
9731213
9777623
9752087
9718912
9718182
9677196
9672416
9721746
9721709
9656912
9724938
9662308
9627861
9696100
9783936
9775960
9680297
9673597
9772569
9684579
9605283
9604571
9608800
9725007
9684230
9721157
9721139
9730096
9738471
9610348
9739870
9675195
9655251
9686835
9771296
9740247
9740167
9739907
9738793
9735796
9735004
9734685
9726627
9718801
9710285
9707564
9707394
9707382
9691281
9691105
9690773
9685867
9661286
9596951
9589476
9567058
9531019
9437478
9713976
9672258
9691128
9684782
9790130
9790043
9741930
9790382
9790340
9790401
9633064
9726229
9790387
9790062
9790483
9790638
9784238
9752225
9789218
9787375
9790374
9790516
9794716
9794701
9794693
9794656
9783829
9790557
9794728
9794829
9794815
9794788
9787206
9794876
9794770
9794711
9790252
9780954
9778029
9779375
9790687
9790327
9790033
9794827
9794789
9794763
9790162
9789820
9794724
9790390
9788391
9790523
9794823
9790441
9790064
9790569
9794886
9794897
9790500
9790349
9774737
9790443
9790353
9790652
9773567
9790331
9790310
9794779
9790419
9790103
9790338
9790282
9790404
9794751
9790258
9786758
9790379
9790555
9790050
9764302
9794655
9680105
9563863
9487946
9696580
9694815
9696235
9696984
9589654
9664629
9686115
9632250
9699522
9539767
9700782
9691466
9698229
9609314
9657808
9701102
9685485
9701622
9701368
9701317
9701066
9700859
9666697
9664495
9665353
9478775
9625955
9621942
9658240
9662406
9723891
9723371
9640854
9713859
9663454
9704343
9728723
9728693
9423009
9541558
9541407
9468754
9469872
9692011
9691957
9662640
9728238
9728358
9728510
9333401
9729973
9728718
9741131
9741120
9380955
9741255
9741493
9735133
9701460
9746990
9746960
9749021
9748719
9747181
9746963
9609501
9527724
9747671
9747590
9747496
9737366
9747421
9746897
9746749
9745910
9654858
9747249
9598647
9723392
9701019
9749233
9743689
9691414
9658257
9363550
9702118
9701633
9701355
9701892
9701716
9689381
9684453
9667959
9646605
9702041
9701948
9701940
9701893
9701769
9701736
9701288
9695188
9683901
9677649
9677482
9663010
9657414
9646973
9633103
9735148
9605668
9577808
9644118
9616026
9735132
9732754
9732453
9481276
9732961
9732339
9731945
9731879
9699623
9551121
9731187
9717123
9753231
9701816
9753222
9753021
9752987
9752925
9750045
9755005
9752809
9756793
9753292
9753124
9751121
9750995
9739443
9658721
9611709
9753046
9752691
9719568
9753450
9556438
9753087
9758181
9753440
9752919
9698782
9658077
9648947
9490372
9753000
9746780
9490205
9753462
9753437
9753078
9691771
9515888
9753266
9753182
9752861
9752941
9752770
9754784
9754782
9754822
9754874
9754930
9753216
9753330
9752649
9739255
9729358
9753156
9752956
9673320
9753116
9752624
9751416
9666951
9639495
9620257
9588051
9753382
9753002
9737554
9691590
9672513
9655699
9736567
9736314
9732750
9728417
9753503
9753366
9753158
9753147
9753025
9748479
9753123
9709837
9753538
9753497
9753491
9753490
9753364
9753287
9753274
9753246
9753196
9753126
9752906
9750874
9747177
9746473
9746314
9746157
9746012
9752310
9752264
9753311
9689032
9752354
9751640
9751812
9751724
9751931
9751891
9751871
9751836
9747063
9728135
9692054
9751438
9752080
9672972
9757901
9747079
9758332
9752306
9758526
9758497
9758443
9757106
9756094
9754875
9759117
9759102
9759063
9758961
9758953
9758875
9758874
9758852
9758689
9758167
9757742
9757429
9756576
9756311
9756308
9753655
9751700
9750506
9748801
9748775
9747615
9712871
9620764
9595664
9527297
9534467
9319122
9759177
9759140
9759100
9758832
9758333
9753003
9759371
9759366
9759354
9759302
9759271
9759253
9759243
9759231
9759219
9759209
9759195
9759184
9759136
9759128
9759080
9758984
9758927
9758763
9758342
9757630
9757363
9756887
9756683
9756588
9756525
9753423
9753340
9752852
9752344
9741924
9740580
9740452
9735461
9721229
9720861
9678105
9579427
9543011
9759577
9759555
9759538
9759532
9759399
9759351
9759307
9759296
9759181
9759144
9759098
9757675
9755927
9733922
9675840
9506399
9514582
9686187
9685526
9634397
9649773
9501043
9586123
9725984
9725853
9725709
9719881
9715603
9713000
9709790
9693864
9692018
9691704
9690882
9687115
9667909
9664417
9662439
9639159
9638451
9583811
9567702
9461387
9455626
9226765
9617947
9679819
9722158
9667879
9643701
9769821
9718551
9537888
9450799
9713849
9650976
9639743
9729060
9667992
9714028
9546911
9635757
9713436
9719240
9766231
9766054
9725880
9649519
9584830
9715888
9713858
9361538
9748581
9705940
9680957
9697826
9773091
9753192
9735452
9735334
9735158
9735134
9726111
9725708
9721357
9717032
9713867
9713736
9713353
9709907
9704766
9704413
9702070
9701685
9701420
9700587
9699505
9699365
9687157
9686094
9685853
9685540
9685500
9683934
9680020
9677694
9673813
9671939
9667900
9667236
9662616
9652139
9640949
9620894
9539116
9511358
9481953
9713306
9577402
9333528
9438154
9720017
9667180
9652492
9642239
9628367
9628105
9611891
9611710
9561097
9701211
9508846
9446408
9666968
9633276
9663166
9657957
9708141
9691156
9652256
9691561
9614267
9685458
9702053
9768284
9574672
9741087
9720050
9691367
9532843
9691486
9676194
9662332
9665720
9635133
9628172
9712838
9606358
9677518
9710955
9659559
9778764
9752981
9758734
9704100
9703983
9689641
9679429
9657955
9634411
9633986
9618319
9752056
9717896
9679476
9735507
9780736
9734744
9679290
9784927
9784270
9685946
9735145
9734989
9650263
9659988
9735489
9679611
9520027
9631081
9421257
9777651
9766201
9790720
9759107
9645022
9790924
9790735
9791102
9791226
9763262
9678485
9691965
9642709
9791377
9791367
9791314
9791159
9790816
9740719
9737414
9721797
9719742
9719703
9718006
9707417
9691428
9691024
9689583
9689440
9682114
9677019
9671315
9666076
9651311
9631166
9621324
9791279
9791292
9790711
9790681
9790941
9712798
9657004
9788438
9772537
9790704
9597037
9792995
9793309
9790867
9791147
9790908
9791136
9791256
9746933
9745981
9731567
9731848
9787707
9790975
9790857
9794961
9794945
9786757
9786776
9795005
9795002
9795001
9794992
9795066
9791305
9795109
9795065
9790934
9791363
9791353
9791285
9772892
9790811
9791308
9790700
9790641
9791150
9795068
9791272
9791164
9791329
9791043
9790900
9791006
9791237
9791276
9791173
9791163
9791250
9791361
9790943
9790929
9790895
9794940
9790888
9791104
9790797
9790860
9791376
9795117
9795093
9795022
9790910
9790913
9790647
9791097
9790979
9790887
9791268
9790398
9791162
9790826
9778845
9790906
9786924
9791289
9791140
9772943
9790813
9652983
9697555
9694257
9696898
9697838
9679738
9621227
9679751
9634037
9600766
9699159
9580908
9701553
9679905
9698021
9590854
9504524
9408404
9659105
9675492
9726343
9702000
9692329
9692143
9692108
9692055
9718922
9747992
9747944
9745355
9735596
9739360
9748839
9686376
9745198
9747853
9747680
9747606
9743920
9675481
9702170
9700990
9702564
9699463
9628638
9538299
9702705
9702021
9698879
9698407
9697351
9702605
9702478
9701962
9700949
9700454
9698300
9686238
9670495
9654596
9645249
9673394
9680755
9674529
9156574
9735707
9735643
9725040
9616187
9725865
9553407
9740693
9741063
9732703
9646345
9729735
9730306
9731252
9755756
9753329
9710491
9703993
9755971
9755305
9743161
9755829
9702630
9746465
9750301
9733135
9728524
9756713
9639725
9743168
9732099
9753890
9752670
9735619
9753100
9582838
9752762
9712075
9754010
9571215
9753913
9753906
9753893
9753873
9753861
9753848
9753819
9753794
9753791
9753744
9753724
9753539
9753458
9753443
9753370
9752942
9752604
9748305
9748281
9747740
9742231
9733016
9730098
9699642
9685615
9655852
9753988
9753983
9753979
9753931
9753916
9753898
9753896
9753779
9753579
9751513
9748345
9746422
9754016
9754015
9754047
9754031
9754023
9753970
9753952
9753902
9753019
9750043
9731360
9723680
9719142
9543682
9728268
9753784
9753771
9753762
9753722
9753719
9753717
9753642
9753627
9753619
9753511
9753044
9752257
9751731
9692526
9687682
9657545
9748594
9754017
9753681
9753384
9751843
9728127
9699957
9753651
9753585
9753533
9753512
9753358
9749318
9745498
9744464
9742778
9742608
9742566
9741434
9736426
9753868
9750333
9708006
9754053
9754029
9753976
9753492
9750654
9653993
9754568
9754630
9751507
9751017
9503335
9751830
9578446
9685188
9718446
9756970
9756750
9752812
9554515
9753998
9758226
9753908
9753802
9753386
9652103
9561325
9755768
9752193
9618612
9756150
9753203
9751763
9751708
9759283
9685512
9677999
9758664
9724629
9759830
9759794
9759744
9759739
9759719
9759664
9759589
9759040
9758351
9744321
9740612
9726114
9605612
9759682
9759669
9759647
9759636
9759322
9758629
9758396
9719196
9718380
9759960
9759942
9759912
9759900
9759890
9759727
9750118
9741610
9734089
9682237
9637058
9760136
9760120
9760090
9760083
9760062
9760048
9760047
9760046
9760013
9760010
9759994
9759985
9759952
9759951
9759923
9759882
9759746
9759737
9759670
9759614
9758728
9758016
9757939
9757898
9756756
9755235
9754535
9754151
9737539
9716894
9692715
9690793
9678633
9664447
9487930
9620916
9720398
9691508
9668857
9656534
9641666
9641220
9634825
9628403
9617018
9421417
9720429
9665197
9547572
9602160
9385971
9582149
9478959
9737362
9632871
9737702
9537642
9537432
9537230
9723558
9702278
9307032
9306821
9713925
9735910
9687303
9739956
9736701
9603879
9736078
9735930
9735832
9735661
9735082
9734094
9726173
9725228
9721077
9720452
9712873
9712372
9711812
9711712
9703422
9702703
9702536
9702039
9696024
9693254
9691717
9686487
9686379
9680300
9668525
9667535
9661703
9657406
9646820
9645311
9625895
9599681
9457735
9435698
9402534
9352168
9698629
9714247
9467974
9652841
9478968
9720233
9646704
9680133
9670057
9667585
9645987
9628305
9620913
9720536
9692008
9658973
9677213
9704791
9694134
9768362
9768302
9720169
9670524
9769217
9768339
9726313
9571189
9720039
9611958
9757744
9712497
9704007
9667251
9773434
9668797
9753821
9774096
9609475
9708555
9676557
9658413
9652343
9649896
9645419
9602759
9512244
9335315
9335092
9440250
9707609
9668209
9615253
9785387
9774333
9713956
9702648
9702646
9517121
9785825
9720753
9663102
9661422
9737132
9735985
9658766
9606335
9735938
9727621
9737319
9791643
9772885
9668590
9791386
9791004
9640747
9740639
9730255
9720533
9720424
9720401
9719367
9716187
9696353
9691935
9683141
9680199
9655674
9467311
9783462
9791627
9791565
9791428
9791359
9789858
9791733
9791716
9791698
9791676
9791670
9778855
9612549
9791852
9791835
9791795
9791767
9791526
9769715
9790514
9687155
9791596
9792864
9791849
9793003
9640315
9785271
9791635
9791603
9791558
9791630
9791616
9791586
9791691
9791515
9795205
9795199
9795191
9795173
9791760
9791772
9795243
9795242
9795236
9795226
9791739
9791662
9795249
9791604
9795297
9795294
9795290
9795288
9795287
9795284
9795282
9795266
9795265
9795152
9791594
9791709
9791697
9791832
9791813
9791418
9791493
9791599
9791602
9791501
9791679
9795177
9795225
9791651
9791693
9795200
9791834
9791652
9795299
9795184
9791592
9791507
9795192
9791497
9791416
9791540
9791797
9791628
9791564
9791800
9795234
9795264
9791763
9791368
9761982
9791560
9795073
9791649
9697575
9551892
9688412
9614896
9699414
9701504
9594546
9702778
9727184
9706308
9678058
9748226
9747950
9671396
9748113
9748002
9704896
9671500
9275814
9671136
9748331
9702875
9684194
9748450
9702894
9669495
9658457
9702887
9701174
9655167
9696416
9486930
9564781
9702104
9686823
9572315
9702898
9702823
9695303
9695013
9501124
9702500
9626630
9735783
9742184
9737415
9730357
9720945
9730765
9730770
9730779
9730778
9730776
9730774
9730772
9730775
9731081
9731048
9731096
9725445
9752525
9756137
9756095
9755958
9755947
9755886
9750170
9748069
9747594
9714757
9757646
9757878
9707860
9754241
9746476
9753990
9754144
9754116
9754111
9754108
9754097
9754081
9754072
9754059
9753969
9752998
9752829
9747359
9736500
9736050
9543114
9752841
9745323
9744733
9707362
9703259
9660612
9603565
9603204
9593600
9547126
9754226
9754219
9754203
9754164
9754153
9754147
9754137
9754130
9754125
9754091
9754076
9717304
9752869
9750390
9754395
9754337
9754291
9754256
9751392
9731079
9567356
9754374
9754372
9754361
9754356
9754329
9754322
9754321
9754319
9754310
9754309
9754283
9754262
9754260
9754259
9753981
9752319
9748261
9754330
9754159
9754113
9754376
9754303
9754302
9754295
9754293
9754267
9754264
9754263
9754252
9754242
9754234
9754170
9754163
9752085
9754074
9680609
9752212
9750259
9745477
9760198
9760192
9760187
9760176
9760133
9760125
9760124
9760111
9760105
9760070
9760030
9760020
9759844
9757983
9757859
9731238
9726981
9665974
9607796
9760492
9760481
9760453
9760446
9760444
9760439
9760438
9760437
9760425
9760423
9760418
9760414
9760410
9760395
9760357
9760319
9760250
9760241
9760186
9759426
9754774
9753929
9752715
9739240
9733856
9723067
9705378
9699128
9697910
9687348
9668738
9490400
9760411
9760381
9760378
9760375
9760359
9760356
9760346
9760318
9760302
9760231
9760206
9760147
9760002
9759961
9758945
9758672
9757273
9755994
9748287
9722256
9683033
9670896
9639780
9760340
9760301
9760300
9760293
9760287
9760283
9760281
9760276
9760273
9760262
9760261
9760254
9760243
9760220
9760213
9760209
9760200
9760159
9760049
9759972
9759959
9759881
9759832
9759245
9759034
9758813
9758441
9757705
9755758
9755612
9755397
9755186
9754013
9753010
9748614
9744217
9733691
9693207
9692992
9679691
9674052
9651775
9688342
9760376
9723215
9704123
9726087
9721028
9696631
9740300
9718257
9711763
9759668
9758947
9744190
9759603
9752058
9741909
9726492
9720267
9718440
9713319
9686067
9668959
9601182
9541733
9500470
9706804
9722719
9692434
9720514
9708829
9720905
9692864
9633274
9664408
9657892
9753586
9647819
9753249
9741372
9729789
9728796
9728635
9728497
9728871
9728714
9727329
9753777
9742145
9741329
9740242
9739874
9736273
9736181
9736156
9735531
9730329
9730133
9729511
9729425
9729414
9729236
9729187
9729175
9729055
9729016
9728925
9728902
9728601
9728485
9728343
9726997
9726903
9726861
9726825
9726712
9726596
9726410
9726136
9724644
9724218
9722558
9721453
9721048
9720928
9720780
9718594
9714446
9714397
9712545
9709996
9708099
9707317
9706363
9703868
9703010
9702892
9702211
9701783
9701550
9700803
9699433
9696232
9695487
9692566
9691204
9686871
9684676
9684420
9683041
9682980
9674639
9674156
9673704
9673600
9672522
9672071
9671901
9668321
9668216
9663606
9662092
9654511
9652899
9651652
9650962
9649072
9647471
9643297
9640257
9639623
9634108
9631773
9630886
9621965
9600629
9600601
9597495
9594230
9513203
9463565
9457490
9438739
9422116
9407602
9767708
9767675
9692580
9767494
9668786
9567559
9658967
9488794
9714692
9708378
9742847
9613276
9607374
9707650
9720723
9639128
9672059
9434433
9742393
9475428
9740713
9647700
9703179
9706417
9777426
9709069
9708517
9692603
9655976
9612050
9708506
9721479
9732584
9760482
9758304
9727072
9720885
9732254
9734173
9723667
9791906
9791644
9791848
9792036
9791971
9648260
9760263
9791898
9791881
9742236
9742186
9742179
9742068
9741999
9741853
9702978
9679560
9602467
9779808
9741719
9758158
9792111
9793392
9792153
9792126
9791954
9791984
9777564
9791933
9792096
9792012
9791994
9791930
9791978
9791965
9791952
9791885
9791862
9795414
9795412
9795405
9795404
9795388
9795373
9795351
9795440
9795432
9795428
9791901
9795327
9792064
9792047
9792147
9791707
9792133
9795361
9791939
9795339
9795378
9795343
9795308
9792061
9791949
9795271
9792042
9795413
9792170
9697579
9697595
9586111
9696663
9697651
9697650
9641143
9641067
9532412
9702958
9684481
9748539
9707506
9708154
9748605
9748533
9748610
9748580
9629200
9749738
9703045
9701703
9683954
9665571
9548105
9697045
9713346
9734327
9730299
9730495
9703794
9667956
9757907
9755344
9753752
9745695
9754453
9754440
9754430
9754421
9754413
9754397
9754318
9744528
9741039
9693186
9642979
9754483
9754479
9754472
9754468
9754465
9754463
9754439
9754436
9754425
9754415
9754411
9754392
9754391
9754390
9754371
9754366
9753888
9748616
9748039
9754564
9754543
9754534
9754531
9754524
9754500
9754496
9754487
9754466
9754456
9754446
9754445
9754429
9754370
9754146
9754045
9748783
9724052
9687257
9657386
9641953
9641941
9641929
9754089
9754583
9754582
9754578
9754576
9754575
9754556
9754549
9754542
9754529
9754510
9754426
9742586
9754628
9754626
9754625
9754623
9754621
9754603
9754563
9754613
9754612
9752114
9643311
9760463
9760547
9760546
9760542
9760533
9760526
9760523
9760520
9760519
9760517
9760515
9760511
9760504
9760503
9760500
9760459
9756034
9755935
9751417
9748428
9739448
9739382
9736384
9727254
9708782
9706570
9706098
9698662
9696653
9680408
9663731
9660767
9653798
9596797
9760581
9760553
9760552
9760551
9760498
9760456
9760450
9760389
9757909
9755295
9754388
9723221
9711759
9708964
9708436
9707905
9698172
9698049
9696741
9690045
9688298
9680014
9584694
9760638
9760636
9760629
9760624
9760619
9760601
9760600
9760593
9760591
9760561
9760549
9760461
9760455
9749071
9729264
9693110
9659566
9502615
9760675
9760674
9760671
9760659
9760657
9760651
9760623
9760605
9760558
9760516
9760508
9760259
9756600
9748781
9712907
9681024
9732704
9721248
9709075
9648941
9647454
9652730
9691199
9417548
9767855
9736486
9727455
9721244
9721081
9721062
9714753
9709107
9706322
9702880
9702722
9702308
9693646
9693581
9692468
9692245
9691696
9682784
9674910
9657999
9655737
9655505
9647524
9634996
9727289
9613632
9714937
9722254
9714690
9665683
9785040
9786287
9786333
9681981
9792308
9792247
9792240
9792234
9792226
9792328
9792145
9762357
9742522
9742490
9742459
9742437
9741900
9736407
9727557
9727333
9710893
9687166
9680971
9672271
9652808
9792311
9792252
9792319
9792200
9792246
9792310
9792166
9792214
9792190
9792218
9792219
9792342
9792360
9792290
9795496
9795530
9795519
9795516
9792332
9795567
9795562
9795550
9795544
9795542
9795568
9795577
9795595
9792296
9792305
9792249
9792273
9792285
9792368
9792162
9792265
9792277
9792350
9792315
9791929
9795563
9795459
9792217
9792327
9792269
9795535
9789107
9795377
9795318
9694683
9697291
9697688
9698059
9683375
9698792
9625628
9709342
9662653
9662615
9641160
9641111
9740164
9746637
9748670
9748722
9748568
9748750
9748705
9703146
9748763
9748688
9744071
9563048
9664732
9749224
9699194
9656832
9568921
9703352
9702740
9630783
9730606
9730560
9755009
9752768
9749592
9701000
9750092
9757408
9757257
9757183
9757699
9757827
9754622
9757768
9758001
9757246
9758063
9757842
9570659
9754728
9754716
9754712
9754708
9754706
9754703
9727732
9754760
9754759
9754753
9754751
9754742
9754739
9754733
9754730
9754720
9754715
9754609
9742582
9754798
9754718
9752386
9754697
9753084
9754035
9754112
9509410
9754414
9754290
9754233
9752003
9709386
9709241
9754449
9754394
9754656
9754643
9754640
9754637
9754633
9754587
9730648
9754688
9754681
9754675
9754674
9754668
9754649
9754647
9754636
9754513
9748663
9709593
9576679
9751269
9751228
9758334
9758513
9758442
9758343
9758278
9758211
9752139
9433820
9625943
9758745
9758650
9758447
9741124
9760454
9760362
9759289
9731663
9758982
9668354
9591698
9760699
9760694
9760691
9760687
9760652
9760628
9758484
9750895
9605816
9497514
9760780
9760766
9760756
9760673
9754478
9748759
9730984
9760725
9760720
9760708
9760490
9754617
9751136
9748863
9742389
9760750
9760749
9760746
9760740
9760739
9760735
9760719
9760669
9748675
9742601
9238501
9756716
9757278
9707584
9721270
9752622
9709977
9709794
9695402
9653872
9631010
9621239
9620027
9611744
9695230
9720617
9727597
9727525
9727482
9725350
9639646
9689588
9660888
9708856
9681130
9786092
9767985
9736685
9736642
9736606
9736575
9717119
9714400
9703327
9702474
9701330
9694918
9694699
9694473
9693732
9687500
9687418
9661783
9657901
9648737
9607953
9550233
9531227
9767967
9714823
9718968
9708681
9661979
9661333
9730058
9679272
9691000
9774989
9674636
9761678
9761664
9761631
9767944
9744173
9657575
9731274
9786412
9782643
9782957
9792387
9792378
9792374
9792434
9792419
9792417
9792406
9670219
9792461
9792367
9792483
9792454
9792366
9693068
9792392
9742660
9742648
9742642
9742621
9742427
9741884
9741844
9741772
9741619
9739467
9732359
9730546
9688303
9688265
9641852
9629272
9434434
9792369
9742552
9792429
9792427
9792422
9792747
9792384
9792415
9795603
9746230
9795638
9795674
9795672
9745704
9795676
9792484
9795611
9795572
9792396
9789667
9792456
9792464
9792433
9792407
9792397
9792499
9793090
9792448
9792399
9795637
9645463
9668291
9515496
9698175
9701257
9536900
9709425
9640278
9528869
9740616
9742797
9748423
9748504
9685636
9660106
9673576
9704920
9596141
9703462
9554247
9656898
9613712
9703654
9699341
9685593
9685941
9550715
9701516
9701704
9701543
9734449
9733614
9670718
9726598
9565845
9731181
9653205
9756069
9699077
9756168
9755873
9756460
9756374
9655212
9750693
9757133
9757289
9757664
9757458
9734428
9679768
9606226
9704219
9700694
9636822
9496235
9601328
9591906
9704587
9755348
9740163
9688863
9755605
9751554
9555123
9754962
9665892
9755006
9604411
9353477
9550167
9751882
9750422
9683767
9706673
9683450
9632985
9759948
9760451
9760327
9742018
9757975
9704744
9760522
9760603
9758131
9760665
9760544
9650539
9760792
9742014
9756923
9760840
9760838
9760836
9760795
9759879
9759611
9742842
9693086
9760807
9760789
9760853
9759334
9760867
9760881
9760850
9760796
9760891
9760898
9755430
9755078
9760886
9760878
9760872
9757982
9757052
9755843
9760907
9760916
9717669
9759330
9744068
9472508
9759954
9774136
9523979
9538600
9605220
9598842
9630837
9770860
9770817
9770663
9672104
9671912
9667779
9651740
9672057
9544115
9605513
9662505
9600641
9691677
9654868
9697393
9656683
9787468
8839341
9708127
9730438
9707909
9687964
9661267
9638518
9638014
9624290
9673824
9648900
9655335
9654330
9632329
9610530
9768123
9664625
9682643
9673296
9639147
9604519
9681501
9537948
9586788
9676665
9708056
9643473
9520000
9775385
9479613
9730193
9709599
9780516
9780539
9780523
9728727
9712114
9638429
9596884
9520647
9624170
9690410
9573257
9677114
9733053
9730683
9787832
9736290
9792521
9727478
9479290
9792550
9792556
9792576
9586611
9792619
9709315
9792536
9649380
9792511
9726536
9736474
9657656
9788053
9734208
9717142
9712808
9571345
9722764
9721384
9601563
9729431
9794082
9648210
9742723
9767610
9608790
9713879
9543135
9706855
9786614
9741600
9794606
9792553
9792538
9743322
9742872
9742443
9721886
9720457
9711757
9704706
9704291
9792555
9795090
9783724
9791792
9795653
9795701
9795697
9792574
9795713
9792508
9795728
9780927
9792567
9792531
9780476
9792525
9795795
9795793
9795792
9795798
9795733
9795695
9789443
9792617
9548059
9503046
9665282
9453495
9701374
9703798
9709528
9684176
9707555
9734813
9739146
9739436
9739277
9739562
9477286
9742563
9736720
9742758
9743639
9692106
9749115
9644097
9703837
9651888
9649130
9700547
9611863
9610050
9670428
9691138
9689684
9688042
9642228
9633677
9553085
9703870
9703854
9703815
9703785
9703738
9699348
9698197
9666983
9614328
9667691
9705514
9543580
9705300
9737905
9737768
9742189
9659833
9731732
9719628
9712716
9472586
9735746
9565062
9750220
9756380
9675880
9742630
9640313
9615423
9699475
9657384
9566713
9575053
9594957
9706373
9648221
9755310
9755279
9755216
9755281
9754765
9754740
9707590
9586394
9584825
9755274
9755187
9752814
9747252
9752570
9753169
9751606
9751759
9749831
9747053
9758489
9759010
9758900
9717131
9759970
9760942
9760941
9760938
9760935
9760859
9758913
9760961
9760960
9760954
9760947
9751552
9751265
9750880
9702503
9742799
9760837
9760823
9760816
9742775
9760693
9760856
9536923
9760871
9754771
9760091
9754839
9740386
9774855
9701401
9686208
9665728
9656353
9650611
9638380
9506141
9671938
9039406
9700295
9597011
9747749
9744713
9714070
9710340
9654920
9654441
9612543
9614848
9598904
9620417
9780707
9704201
9688431
9786473
9687281
9732124
9581037
9655517
9728607
9611362
9642100
9427778
9681662
9594169
9770811
9525433
9703879
9780570
9721847
9642253
9637683
9573704
9564036
9675568
9689881
9672745
9779955
9779454
9741453
9785833
9733000
9681828
9754598
9792208
9717328
9655840
9269723
9792587
9704296
9791694
9731415
9699727
9736825
9774673
9593344
9786033
9729387
9737216
9730644
9696154
9743064
9774265
9743094
9742892
9740555
9740201
9731915
9691658
9645215
9608234
9792682
9791587
9795802
9795809
9795836
9795831
9795828
9794556
9586645
9574222
9670472
9667772
9645140
9694477
9689377
9673229
9682380
9684630
9652087
9572089
9534724
9562230
9709135
9607398
9572225
9713342
9735585
9670331
9720738
9743452
9749465
9681985
9627691
9704014
9689668
9678821
9678487
9678080
9677579
9677295
9673981
9700589
9696446
9686626
9602365
9704096
9704059
9704041
9703946
9702864
9702435
9701410
9699450
9698558
9678374
9656577
9642169
9611332
9586048
9636356
9634366
9621067
9617259
9704303
9704301
9704224
9698710
9693647
9689896
9666584
9661168
9661016
9465726
9704136
9690900
9674043
9652575
9605971
9704593
9683736
9697439
9680049
9657554
9574058
9698667
9604098
9579803
9668595
9605840
9716380
9708113
9664073
9667582
9731798
9719302
9725145
9707238
9592292
9735882
9735982
9725704
9719765
9737011
9736970
9737418
9672055
9754148
9756205
9752057
9723070
9748411
9749694
9757762
9747727
9758148
9707529
9707293
9671416
9704924
9704393
9698244
9682813
9704000
9690016
9706141
9679116
9675671
9654610
9649351
9631554
9657459
9632876
9644427
9704235
9654476
9704125
9755410
9755350
9751885
9752291
9755585
9755693
9528267
9707057
9709983
9758277
9580081
9595855
9760249
9759346
9756569
9752277
9626840
9760543
9760631
9666213
9760970
9760968
9760946
9760933
9760799
9755818
9760986
9760978
9760976
9760975
9760973
9760952
9761002
9760988
9760985
9760967
9756107
9761034
9761032
9761029
9761025
9761016
9761007
9756443
9619677
9760786
9679036
9760880
9737693
9679045
9757431
9691213
9670091
9665762
9664768
9664301
9645697
9608969
9600710
9573812
9573674
9544657
9473038
9519277
9778791
9750986
9722239
9703394
9726867
9535489
9712726
9652399
9615304
9510370
9686005
9571346
9590324
9515256
9668273
9671168
9624207
9573827
9644901
9681980
9625964
9688366
9754525
9665022
9760347
9767827
9667018
9704493
9615674
9630912
9501543
9631436
9631802
9671464
9615943
9444805
9780310
9735511
9780323
9780293
9653232
9780216
9730458
9715690
9622268
9735290
9687562
9675950
9591268
9715597
9710866
9786478
9786410
9738635
9730971
9722312
9658939
9609210
9692892
9742354
9721455
9727356
9742468
9550817
9792829
9546715
9794651
9743688
9743528
9743509
9743432
9743040
9739421
9737734
9737245
9737191
9737163
9736473
9730812
9723608
9721741
9712158
9693748
9677538
9673160
9658688
9650266
9638053
9625194
9601651
9489840
9793060
9793106
9792923
9795855
9795854
9795853
9795852
9795847
9600856
9690978
9521123
9682322
9698536
9577747
9632542
9629517
9577914
9577530
9704613
9560915
9693932
9704750
9704540
9707764
9740772
9738255
9685093
9704565
9704547
9704445
9704352
9704037
9703998
9702043
9643908
9627698
9568292
9704721
9704492
9703753
9701508
9701053
9682828
9676034
9674117
9612757
9457611
9704861
9704779
9704660
9704638
9703314
9699499
9702906
9705757
9704816
9704005
9536047
9731951
9737793
9741782
9732763
9732574
9732433
9721206
9732672
9732628
9732459
9715911
9732218
9704570
9730928
9737151
9732387
9682388
9624242
9756032
9755942
9755705
9723988
9756266
9756145
9756450
9756411
9737042
9749982
9617258
9750030
9750393
9688482
9666809
9704513
9603608
9666363
9662338
9638026
9601195
9598363
9539144
9705140
9704938
9704844
9704769
9704525
9702020
9622732
9615786
9595401
9550029
9705190
9705048
9705030
9704873
9478323
9733988
9755811
9665382
9736744
9722262
9758593
9523685
9760237
9750860
9761066
9761062
9761057
9761046
9761033
9760999
9760989
9708462
9703776
9703431
9703354
9761088
9761077
9761076
9761071
9761069
9761068
9761065
9761064
9761047
9761040
9750217
9710403
9703399
9674779
9761119
9761112
9761111
9761101
9761097
9761096
9761092
9761087
9761084
9761055
9737696
9761139
9761122
9761120
9761082
9756476
9760868
9760854
9463102
9713501
9763106
9670092
9769444
9769425
9567122
9668283
9665250
9752169
9608981
9577429
9574225
9652760
9586501
9760851
9554175
9586697
9586258
9580242
9595631
9724019
9662484
9577897
9617466
9676299
9638742
9637801
9670947
9705358
9726424
9697025
9680583
9781840
9682402
9685519
9737281
9786728
9740430
9678265
9730892
9730762
9715896
9763407
9650723
9704524
9793394
9773994
9793149
9770963
9793691
9743144
9793230
9744031
9693625
9636353
9794442
9744267
9743975
9743918
9743860
9743459
9737798
9728829
9720402
9704538
9694077
9688096
9676233
9673065
9662702
9604530
9536734
9515183
9788091
9769717
9785688
9793286
9791703
9789635
9795350
9791722
9791749
9792209
9792431
9786763
9571920
9621118
9507120
9689507
9653458
9705229
9698586
9737865
9738141
9584783
9686149
9652935
9509562
9687741
9705758
9704323
9674056
9711223
9738702
9720953
9698789
9737839
9732863
9726290
9719489
9714150
9669509
9713810
9647877
9546651
9733299
9665863
9651908
9631767
9682635
9732149
9735298
9756835
9756759
9756611
9756386
9733504
9727698
9723114
9677086
9754558
9508631
9722788
9513846
9733098
9730900
9655039
9542878
9757320
9756552
9705171
9662306
9699147
9699383
9705416
9705786
9702444
9538308
9705644
9705518
9705384
9705136
9704926
9704746
9704736
9702529
9698987
9691950
9682679
9593210
9514292
9705649
9705648
9705587
9703736
9678877
9619857
9430062
9694130
9704965
9701563
9696037
9651005
9526659
9705497
9705457
9705453
9705452
9705420
9705256
9702985
9700752
9687947
9705504
9723414
9526491
9744938
9337677
9705039
9757789
9757152
9756532
9637224
9752328
9744582
9672552
9744195
9761039
9761115
9761184
9761173
9761171
9761162
9761146
9761138
9761106
9761018
9761213
9761211
9761199
9761194
9761193
9761180
9761176
9758725
9732283
9675450
9761250
9761237
9761235
9761233
9761229
9761210
9635884
9529524
9761261
9761260
9761258
9761257
9761254
9761253
9635907
9686014
9661041
9762410
9776186
9641293
9547022
9764183
9770651
9770487
9707910
9613026
9770247
9768108
9764062
9645544
9722332
9566076
9515782
9636269
9570348
9695736
9558532
9628640
9717314
9668087
9728801
9693321
9629851
9729784
9723142
9716246
9632416
9731157
9731061
9717025
9709067
9692672
9782210
9687438
9782565
9499724
9793635
9499557
9645014
9793933
9793779
9793668
9744359
9793667
9681208
9744535
9644114
9794367
9782595
9794488
9731022
9687046
9744868
9744740
9742787
9742726
9738921
9738748
9723531
9716447
9694677
9622431
9616854
9611359
9568672
9789633
9790302
9791765
9795460
9793651
9791618
9576779
9647962
9506250
9689878
9677485
9699870
9699266
9688837
9653057
9684133
9628364
9577936
9546778
9617670
9685773
9638852
8698522
9705650
9612982
9704947
9747020
9738451
9617324
9685141
9739325
9681761
9289113
9703978
9651953
9704325
9704535
9704751
9655472
9599793
9693394
9676910
9701426
9702038
9509373
9675953
9691369
9729865
9691588
9733690
9733200
9726573
9733895
9736979
9621968
9713044
9428392
9695775
9673120
9711819
9752095
9632926
9757434
9681310
9659346
9576047
9757617
9757536
9757503
9757352
9754605
9752414
9734554
9659484
9757677
9756474
9742610
9757848
9757730
9756902
9727063
9670311
9707603
9707578
9700294
9708422
9570798
9679985
9706460
9706303
9706293
9706202
9706157
9705742
9692501
9692471
9692546
9649536
9706344
9706149
9686782
9705493
9705239
9632662
9706273
9704776
9695106
9681900
9638532
9705197
9691912
9705036
9701941
9701209
9678569
9655495
9705931
9705798
9705673
9705629
9705081
9705033
9691605
9655929
9683025
9680692
9677479
9632268
9475747
9705000
9610153
9752884
9750450
9691979
9751467
9751445
9761298
9761276
9760662
9754082
9663492
9663474
9761318
9761311
9761309
9761342
9761338
9761328
9761326
9761297
9760809
9761284
9761218
9756843
9756751
9756694
9740317
9758648
9711796
9760876
9761295
9761291
9761222
9754632
9343071
9752044
9759554
9758199
9757108
9600378
9645851
9709050
9671265
9566382
9640094
9638486
9575436
9650411
9543227
9756041
9723343
9668342
9624293
9690142
9661831
9746789
9562417
9631642
9655410
9571831
9743653
9705060
9381731
9704549
9709450
9728927
9674223
9652201
9633407
9771026
9637749
9729286
9700310
9711082
9689139
9678098
9739289
9721856
9622115
9716425
9710177
9745599
9611719
9733499
9724048
9723357
9683857
9676983
9711698
9694725
9667832
9739550
9522463
9738552
9700384
9794165
9794068
9777795
9792475
9794225
9794078
9794007
9793481
9715173
9727911
9647523
9789253
9794545
9674360
9794052
9745574
9745494
9745324
9745278
9744974
9743112
9739271
9738391
9738057
9737895
9733662
9731835
9724360
9721814
9710664
9693595
9664300
9638698
9629559
9627253
9616328
9794741
9792667
9792806
9700487
9651278
9581428
9606032
9602165
9654537
9470773
9470719
9470628
9470534
9652505
9420742
9689726
9706335
9706743
9399947
9702571
9702311
9700802
9699538
9699359
9706167
9648351
9706683
9700936
9700686
9700484
9700387
9700282
9700161
9700032
9699702
9705867
9382779
9729878
9705018
9746160
9690515
9717201
9735230
9707844
9721820
9739771
9739910
9696149
9746874
9730651
9675675
9705516
9627909
9703898
9704471
9704179
9703216
9704649
9704798
9697530
9703459
9590414
9708813
9707458
9729783
9711118
9734800
9725310
9734036
9696229
9685291
9581962
9719317
9717983
9640044
9734436
9731789
9724986
9729699
9706572
9682400
9728205
9736055
9615377
9739241
9740298
9726082
9731980
9716961
9723019
9732723
9736987
9707705
9713680
9728463
9737351
9750575
9628518
9628079
9626693
9628597
9628449
9625932
9754777
9757914
9654473
9757984
9757793
9707171
9707624
9668203
9706523
9592885
9707577
9705134
9703971
9637256
9701263
9699145
9704297
9699461
9689999
9680193
9679659
9705521
9680006
9679059
9705953
9705865
9688696
9677117
9648836
9706854
9706755
9699204
9698719
9655728
9630754
9706651
9706361
9705595
9667997
9548428
9705097
9538079
9705159
9699659
9706076
9694412
9705558
9671609
9690709
9734375
9672556
9674284
9684760
9723113
9682501
9739722
9739597
9627113
9761360
9761355
9761354
9761320
9757858
9761381
9761367
9761350
9761356
9761408
9761398
9760913
9730939
9757776
9755909
9746868
9734883
9758904
9758347
9760441
9760374
9760649
9668207
9759634
9758731
9740336
9755504
9759885
9766281
9675655
9702027
9723027
9305231
9574301
9628106
9572227
9719200
9699743
9720528
9706578
9672488
9703952
9491084
9481610
9641034
9760247
9672280
9642538
9719980
9647015
9580190
9681026
9706802
9732722
9722238
9657987
9457873
9763926
9728225
9697950
9718400
9695660
9587250
9670712
9704184
9667539
9665484
9671920
9655524
9672082
9645362
9637150
9633005
9628487
9672393
9666621
9666541
9719897
9719167
9700661
9718625
9694865
9657482
9553388
9553249
9705402
9698844
9670044
9700368
9666724
9647727
9483455
9660654
9603239
9497503
9720412
9503444
9694110
9685358
9703964
9550984
9689642
9576919
9421926
9696914
9727823
9662133
9576649
9734143
9734025
9690838
9712421
9731396
9699141
9407843
9583065
9743645
9741138
9418664
9698514
9598976
9739903
9689428
9670693
9648521
9657665
9756037
9741230
9656281
9739185
9792068
9792815
9708955
9696010
9794351
9740944
9794493
9698212
9552808
9734399
9515770
9745988
9745752
9745340
9745156
9740446
9739988
9739804
9739475
9737047
9733823
9725253
9712133
9695191
9692683
9673282
9670224
9655290
9643570
9552924
9552570
9551735
9543186
9543103
9543043
9542972
9542503
9512463
9795321
9794431
9794475
9794398
9791784
9789073
9751350
9672964
9695668
9580481
9554024
9612286
9670170
9706935
9719756
9672924
9704300
9713036
9707045
9740734
9740463
9689804
9740173
9579006
9740645
9740661
9638642
9404899
9634353
9691699
9702014
9703245
9651525
9704341
9706204
9651562
9712750
9645911
9641198
9735016
9734310
9723637
9717011
9713885
9734504
9734534
9714399
9724230
9719864
9734480
9735008
9740176
9740211
9558864
9741902
9535673
9725717
9737083
9712194
9737405
9727937
9724449
9605578
9690482
9637541
9707185
9706984
9706961
9705551
9522426
9705697
9707521
9707275
9706796
9706480
9702638
9686641
9706970
9706629
9705573
9631936
9575257
9707068
9707049
9706946
9706932
9706858
9706524
9703820
9684349
9707198
9707064
9707012
9706988
9694367
9691384
9654693
9707056
9704010
9706300
9706557
9699578
9630918
9704922
9749625
9754998
9755023
9719747
9761432
9761420
9761418
9722021
9761445
9761444
9761436
9761430
9761457
9761442
9725202
9687994
9758295
9756795
9738648
9706761
9747998
9706630
9760061
9759006
9758950
9752772
9737005
9758603
9597921
9623094
9594118
9591782
9197232
9315300
9315260
9728160
9409574
9408174
9546712
9509508
9620952
9784427
9763523
9731512
9712807
9677736
9687798
9570324
9649066
9358668
9390417
9765998
9771853
9681929
9729807
9725199
9672524
9670549
9701223
9672629
9672557
9665399
9673021
9634537
9639393
9601324
9756755
9678013
9679473
9735344
9673681
9671971
9696453
9731437
9739987
9740223
9620963
9735006
9636208
9753978
9721236
9747932
9582668
9719363
9706722
9734010
9733957
9733915
9733876
9746699
9794737
9731219
9631982
9575247
9736108
9746027
9745418
9768522
9789509
9791808
9794682
9689537
9794676
9780896
9792670
9688114
9719863
9689632
9689359
9689014
9735302
9739658
9739919
9740220
9741040
9740949
9740384
9490568
9741362
9446642
9745992
9735201
9703987
9704283
9704731
9706607
9513689
9708085
9707819
9684670
9736409
9697272
9735311
9735563
9735457
9735180
9735137
9369018
9720327
9735287
9735153
9737620
9738427
9741267
9650072
9706596
9657796
9706658
9726060
9737269
9577911
9707391
9571820
9707796
9707069
9706635
9704875
9700652
9689848
9685266
9680409
9672666
9707983
9707878
9707851
9706416
9705498
9673287
9642793
9639229
9634246
9626459
9620646
9552555
9708047
9708000
9707964
9707938
9707739
9707430
9707392
9707371
9707219
9706606
9705112
9704928
9702510
9691051
9688212
9687069
9686976
9686754
9708201
9708173
9708062
9520067
9482132
9706927
9624673
9704615
9603140
9572003
9707519
9707471
9707027
9703760
9670942
9657413
9654595
9706489
9705324
9621309
9524869
9706024
9620816
9569916
9686012
9735490
9709824
9761435
9761468
9761469
9761456
9758480
9761506
9759001
9608998
9595833
9595877
9759582
9595885
9685502
9416347
9729168
9741062
9736459
9784926
9719801
9632102
9637018
9636877
9274506
9772542
9711849
9484471
9667862
9483438
9712388
9698220
9652078
9771302
9473200
9693848
9705847
9489613
9462299
9738235
9668133
9725378
9718022
9717898
9715156
9677784
9729277
9739162
9729882
9720090
9719854
9740851
9715482
9691430
9650404
9783918
9709138
9709105
9709044
9709002
9708933
9708883
9708812
9690989
9789870
9634735
9732635
9722989
9713733
9760128
9552589
9693390
9794954
9786013
9684329
9676931
9742971
9791332
9696052
9693650
9795084
9686699
9591032
9702344
9716758
9689248
9689430
9689292
9688930
9708686
9735869
9740742
9725582
9098632
9740744
9708308
9650194
9704263
9706852
9708215
9656088
9655399
9731644
9704537
9714714
9615055
9691943
9667625
9734110
9733347
9733136
9735089
9661566
9738409
9496607
9599645
9625541
9741274
9705290
9707790
9702214
9694329
9707847
9707776
9708252
9708170
9707802
9705840
9455269
9708589
9708571
9708507
9695907
9670227
9708432
9708408
9708336
9708193
9707933
9706800
9704526
9704410
9682183
9657698
9657331
9452604
9438954
9708613
9708548
9705100
9704780
9701750
9689177
9688724
9687806
9673988
9612207
9537574
9706062
9605502
9589766
9708753
9702501
9537377
9753803
9746263
9753453
9339466
9667505
9760899
9761507
9761525
9761542
9761535
9761532
9761556
9761544
9444799
9742579
9756698
9760815
9759749
9759774
9757835
9724833
9748620
9734712
9760012
9759964
9759933
9758997
9702678
9773071
9729708
9667081
9670852
9518813
9472689
9348732
9594631
9693270
9692249
9719107
9674012
9707704
9682302
9674943
9613744
9676761
9668703
9738180
9689508
9770772
9771146
9659089
9700283
9779441
9731155
9741795
9741612
9741342
9740487
9678814
9590716
9680427
9714363
9714245
9718493
9741538
9720584
9610738
9577761
9745940
9674785
9739091
9723523
9758807
9714048
9713959
9730679
9794630
9794395
9795232
9743039
9741155
9791826
9795158
9789109
9691106
9708946
9689193
9614262
9709004
9690419
9655591
9535924
9707688
9708088
9708606
9726306
9522839
9702983
9685442
9736004
9723597
9704665
9700734
9652989
9702975
9708664
9708638
9708524
9705734
9705302
9537500
9537300
9524503
9655953
9734905
9761509
9761548
9758704
9761568
9761147
9760730
9761590
9761587
9761585
9761582
9761578
9761575
9761602
9761599
9761584
9761571
9746944
9760296
9760098
9760434
9754019
9729993
9681906
9589061
9727070
9620214
9626125
9727940
9714460
9701369
9701343
9686722
9678488
9673073
9671968
9664914
9661210
9658829
9637647
9634076
9618786
9705839
9696212
9741962
9632834
9650076
9773586
9686917
9595948
9730052
9779809
9773669
9721723
9633479
9731987
9708452
9613216
9786145
9724708
9795227
9795356
9795429
9795337
9795452
9708625
9711553
9753417
9779776
9748121
9709275
9709261
9709171
9709092
9709070
9708256
9708836
9614111
9535312
9462610
9689119
9739946
9726716
9737159
9737377
9723818
9742401
9612912
9540850
9754403
9761567
9761612
9761611
9761607
9761601
9761573
9761640
9761635
9761632
9761629
9759693
9761661
9761653
9761648
9761658
9761656
9761645
9761644
9761642
9761636
9761616
9761613
9761593
9728089
9760499
9760564
9760397
9760370
9696793
9595311
9760684
9760663
9754764
9692957
9730787
9654799
9581897
9774018
9773992
9761674
9773953
9703264
9792007
9739696
9740019
9728843
9703956
9795571
9736697
9735592
9734258
9707691
9737577
9670318
9657829
9659783
9700738
9508056
9507553
9732705
9681694
9757889
9757934
9698861
9669009
9685691
9705245
9685135
9754755
9735959
9735566
9761684
9761643
9761614
9761702
9761697
9761695
9761689
9761671
9761710
9761701
9761698
9761691
9684102
9736840
9758464
9730974
9709314
9760783
9760812
9726120
9729188
9670572
9632484
9696886
9702610
9589139
9774125
9375696
9742306
9742012
9739983
9700289
9536979
9742672
9753667
9675812
9267361
9714238
9709724
9665214
9709417
9707622
9704253
9710004
9688867
9744514
9608142
9477400
9740510
9725311
9520416
9742729
9742742
9742916
9743349
9739993
9748654
9655672
9711843
9690927
9688145
9676585
9653601
9711590
9618188
9699363
9672514
9711510
9742032
9217877
9410056
9706836
9755226
9745454
9649558
9664985
9761397
9761726
9761743
9761732
9727977
9761752
9743015
9760925
9569504
9653104
9761099
9760902
9761283
9710263
9710119
9676185
9706851
9705268
9664961
9723773
9668888
9630977
9778098
9730687
9770232
9575964
9726096
9725915
9593926
9717434
9616485
9541361
9595648
9706081
9402447
9706298
9749267
9721024
9777940
9731284
9552520
9692562
9775370
9780386
9780362
9780404
9634473
9791076
9792698
9740441
9694361
9682490
9572888
9639486
9638808
9614372
9534018
9736966
9715774
9700448
9783160
9737017
9614675
9754756
9641768
9623002
9584306
9786714
9795197
9785858
9529673
9709222
9686508
9712767
9792498
9662765
9667214
9594171
9709378
9706553
9698276
9694051
9706985
9706880
9706773
9706681
9631582
9626007
9614086
9707153
9700950
9678590
9637011
9585169
9705532
9705248
9703861
9591731
9566790
9710045
9484102
9641526
9708487
9699965
9698479
9688757
9677752
9676324
9608564
9591818
9563937
9709805
9708178
9665613
9689212
9731914
9739670
9720610
9726860
9604508
9743043
9743117
9735573
9741049
9746849
9747046
9692474
9743127
9640572
9673687
9709960
9663510
9712196
9657748
9683060
9702329
9714349
9658080
9637370
9701805
9722008
9725159
9737041
9749909
9746585
9745484
9756988
9706759
9704363
9751195
9750452
9751725
9747180
9660195
9647742
9749031
9761552
9761722
9761739
9761735
9728023
9726358
9761759
9761762
9759051
9242057
9712813
9680112
9753892
9751889
9761777
9757077
9761794
9752397
9759161
9754526
9761017
9604142
9642830
9625897
9671865
9774646
9706428
9637835
9755129
9736080
9696188
9786869
9756707
9638202
9671286
9649357
9633492
9646058
9704031
9675724
9585649
9604049
9731569
9649246
9791855
9670853
9618099
9792672
9561513
9711673
9723132
9794118
9739704
9716992
9630454
9547021
9502738
9664571
9672246
9710453
9710140
9709598
9634985
9709701
9652653
9710374
9710269
9710171
9710108
9708648
9707745
9705088
9700890
9674461
9654812
9710372
9710346
9702221
9700629
9563142
9684731
9709976
9709958
9709942
9709909
9709858
9710040
9710023
9710012
9698118
9686745
9628887
9710217
9710130
9710044
9710034
9705371
9702934
9688538
9667856
9667332
9665392
9691612
9741293
9693929
9743285
9743461
9735613
9691457
9743155
9743681
9657214
9665470
9671753
9670987
9620233
9500542
9439391
9635263
9699316
9714890
9712612
9446888
9706513
9710789
9711113
9615113
9617753
9729755
9597426
9698412
9737420
9737228
9729237
9728504
9720317
9737299
9686128
9665218
9691915
9673049
9761753
9757392
9623813
9673000
9662335
9731399
9761839
9761836
9761829
9761728
9757198
9738847
9761856
9761847
9761843
9761841
9749994
9723452
9761802
9761797
9756844
9715344
9761813
9761810
9761809
9761808
9761807
9749652
9760996
9729143
9761020
9761026
9750407
9680464
9760158
9760857
9760833
9706107
9667284
9671263
9626732
9672067
9706990
9544958
9699490
9743531
9542512
9781208
9721734
9680616
9662684
9693096
9642788
9662627
9662246
9681805
9604781
9519411
9633622
9509032
9630647
9605230
9528507
9570117
9715566
9682839
9504392
9407023
9642598
9487565
9456670
9633680
9612102
9631469
9630926
9615066
9496610
9648748
9640894
9759713
9583175
9730813
9676755
9675961
9671463
9642910
9605865
9605548
9519899
9435741
9671217
9683835
9680570
9785897
9786041
9577249
9695740
9666123
9686174
9725844
9729909
9737684
9671113
9688446
9673195
9664341
9640195
9634286
9671842
9711326
9717428
9679309
9793096
9790307
9795466
9760330
9787480
9682006
9450402
9617232
9710848
9710709
9710565
9670827
9642525
9710516
9710487
9710463
9710360
9710182
9710120
9709954
9709943
9706458
9705428
9677235
9664144
9645190
9606553
9710610
9710266
9709835
9709773
9704872
9672937
9703931
9744256
9743941
9739275
9710641
9743799
9535621
9718047
9748811
9575444
9609209
9471263
9711010
9710425
9711626
9710943
9716158
9710541
9710363
9710785
9710679
9710551
9710503
9710777
9631535
9711036
9711006
9710954
9710733
9706806
9672187
9711093
9709052
9700390
9672774
9593260
9710605
9707797
9719617
9710901
9708322
9725295
9719366
9717868
9567562
9566832
9729810
9723590
9732417
9732297
9682321
9755285
9737785
9686901
9739838
9700977
9736106
9629376
9737706
9691651
9710509
9689285
9663578
9741578
9761874
9761864
9760865
9761903
9761894
9761889
9761880
9761877
9761926
9761920
9761919
9761915
9761905
9761899
9761896
9761870
9761866
9761944
9761935
9761929
9761928
9761834
9760640
9755510
9751224
9748448
9710808
9707778
9758951
9722616
9512381
9756026
9710926
9710603
9644080
9562109
9643162
9654531
9728657
9682739
9676254
9655629
9775679
9641193
9774983
9682584
9677324
9667763
9623923
9618246
9491128
9585749
9731605
9785785
9601967
9757669
9713208
9711129
9722864
9707787
9705374
9696482
9684151
9655779
9656704
9738367
9742331
9793380
9740436
9688021
9795593
9677589
9693335
9687781
9697937
9684386
9679875
9679060
9673863
9424593
9654982
9654146
9657411
9657167
9615706
9688012
9706509
9711164
9706346
9702438
9704360
9690761
9710697
9700479
9701375
9650671
9707316
9710525
9720079
9655073
9503880
9745330
9744722
9739069
9738569
9725318
9738789
9740702
9426921
9737670
9598599
9691193
9745815
9746398
9748840
9707178
9748828
9738673
9699974
9706433
9704919
9710454
9711367
9716987
9711384
9711151
9705910
9692433
9711306
9711249
9711190
9710900
9707663
9704571
9695835
9688232
9661323
9651185
9644011
9592254
9711481
9711215
9710507
9710097
9707969
9705317
9690048
9670796
9711536
9711479
9711424
9710947
9709619
9702967
9701606
9688830
9686480
9686314
9631954
9734251
9728807
9714496
9708001
9738803
9738595
9720653
9738870
9651416
9724784
9677466
9744409
9739018
9750449
9756947
9729496
9691050
9752368
9713120
9706178
9705851
9477380
9719351
9756546
9761986
9761979
9761976
9761972
9761939
9761925
9762017
9762011
9761999
9761971
9761969
9761908
9736081
9762044
9762039
9762034
9762029
9762027
9762023
9762020
9762016
9761956
9762070
9762069
9762051
9762049
9762047
9762045
9762035
9762024
9761900
9681046
9761197
9761236
9742434
9761272
9761262
9661378
9630615
9637998
9749507
9628553
9628522
9693423
9652688
9652193
9466515
9464796
9611810
9671569
9677222
9711840
9697441
9737752
9702593
9660377
9732815
9562090
9461222
9671198
9654611
9612554
9611732
9652219
9683266
9612262
9727795
9589643
9749093
9723390
9676600
9629084
9676609
9669117
9757995
9689407
9663666
9656921
9650588
9602167
9674236
9642895
9668075
9673798
9667674
9665386
9720810
9714946
9707854
9710198
9670815
9708054
9660072
9651507
9667686
9666763
9605223
9739182
9647218
9657549
9707672
9739073
9731199
9711413
9577379
9726432
9685535
9710319
9629481
9741219
9711173
9713826
9737490
9734392
9748851
9745343
9747668
9555038
9652404
9711699
9711518
9691556
9680433
9711606
9701722
9621776
9712197
9712087
9710162
9709712
9682167
9610850
9711978
9711899
9711892
9705434
9704536
9697941
9672545
9706574
9691042
9711986
9712694
9683088
9713995
9711945
9699484
9711440
9708399
9710673
9704993
9710165
9711551
9712990
9706631
9706998
9599983
9734105
9740172
9661683
9752888
9684767
9695069
9759781
9761598
9758571
9762085
9762071
9762120
9762109
9762100
9762125
9762124
9762110
9762094
9762061
9741088
9640221
9404532
9666485
9707708
9692711
9410687
9673446
9677822
9670627
9646441
9777170
9665104
9676645
9683991
9642530
9684554
9671356
9668690
9748942
9712951
9694643
9666126
9663726
9663640
9640343
9634320
9609356
9586859
9424402
9706233
9679242
9640025
9501795
9789168
9737161
9562579
9676726
9673221
9788860
9613629
9743691
9782992
9539480
9568907
9687109
9698347
9671618
9794389
9735767
9788202
9600228
9637229
9583452
9666834
9628183
9712167
9711680
9644308
9706274
9706164
9644289
9637701
9704050
9702701
9712504
9712382
9711123
9705835
9709887
9709843
9710320
9709877
9710084
9608641
9682644
9679994
9712423
9739025
9738579
9721515
9721448
9734488
9719314
9729186
9724448
9739950
9739776
9740054
9709997
9495394
9712489
9739612
9720375
9741244
9745820
9558860
9740876
9704878
9746653
9746458
9713432
9663442
9739740
9741065
9712784
9711185
9675007
9711726
9712317
9712282
9712069
9702291
9698314
9666745
9467861
9712337
9712329
9710962
9708349
9700988
9679312
9667923
9638431
9628167
9614641
9563900
9714259
9713087
9712968
9712452
9712428
9712397
9711630
9710787
9708910
9660521
9657205
9610751
9593796
9657824
9656211
9606308
9712556
9660411
9675605
9710566
9710975
9711287
9711234
9712894
9672175
9422754
9710426
9711773
9711515
9708740
9741406
9731775
9737535
9749771
9667929
9658088
9707398
9705582
9670794
9706868
9706746
9708217
9712354
9712262
9698201
9743398
9751808
9761317
9680437
9757981
9759064
9762077
9762145
9762157
9762167
9762095
9700250
9681776
9542577
9642833
9722061
9738782
9676856
9670597
9617120
9672088
9671839
9671437
9671309
9670280
9637655
9665634
9576356
9692426
9671180
9609571
9743071
9719452
9720281
9739721
9762150
9743742
9703623
9710155
9712277
9452828
9626369
9473143
9776652
9776340
9645380
9600085
9566550
9706595
9541562
9746208
9574724
9657840
9486198
9763959
9353846
9777366
9742526
9605251
9604933
9589453
9745918
9745771
9711106
9707738
9707668
9696370
9696213
9679628
9678340
9676788
9675543
9674320
9669851
9666599
9650939
9648497
9622902
9598681
9592697
9576168
9570247
9542265
9524628
9522035
9400886
9763112
9625312
9555656
9564969
9658909
9449436
9678693
9746065
9596266
9565002
9708442
9575913
9789694
9718165
9789852
9686907
9732908
9690721
9664796
9712400
9689188
9794648
9589947
9559415
9662930
9793175
9664801
9647260
9695432
9712965
9711545
9585709
9713066
9684892
9713113
9713067
9713049
9713035
9712940
9712893
9712743
9705408
9700233
9696705
9690037
9679115
9685190
9699284
9699219
9710170
9609626
9696140
9713191
9741797
9744612
9579263
9735449
9740728
9743177
9743162
9746354
9740103
9690916
9746834
9746767
9746932
9738133
9705818
9709833
9711527
9699492
9707986
9634808
9712419
9699371
9677167
9712688
9712656
9712563
9712369
9700669
9685523
9683101
9642466
9640738
9625344
9554469
9712888
9712839
9712801
9712777
9712740
9712453
9694818
9676107
9648585
9712974
9712788
9712638
9712604
9712528
9698062
9686855
9684708
9667591
9646071
9718976
9731312
9731304
9731367
9731355
9731379
9731332
9715858
9513740
9740235
9727261
9726797
9683021
9740560
9718704
9756648
9707553
9686952
9749409
9694280
9761441
9573254
9761711
9761720
9758663
9758385
9645888
9700851
9732346
9762033
9761996
9762181
9762144
9607587
9604595
9762212
9753397
9538464
9729905
9778163
9774068
9771934
9679288
9674502
9541300
9700879
9483134
9739316
9684344
9771665
9490885
9675999
9704344
9704003
9474057
9645039
9732820
9772144
9611791
9662651
9710383
9699043
9679375
9677892
9651022
9645508
9643591
9637331
9633689
9633547
9633316
9611766
9608481
9520821
9725646
9720432
9673377
9643608
9745857
9745707
9726374
9746324
9790227
9793167
9718890
9746951
9794686
9784400
9693257
9675288
9537268
9710386
9708828
9713766
9704180
9713491
9713013
9678053
9713173
9699567
9699065
9684326
9709631
9433668
9712729
9712719
9713410
9713109
9710046
9626995
9560976
9701965
9747140
9711004
9739578
9710855
9738142
9726965
9668223
9660671
9741214
9741116
9740885
9713459
9704969
9725377
9493851
9517956
9747075
9746888
9747092
9747134
9744708
9688290
9747308
9685448
9747178
9585085
9713408
9713391
9700366
9698434
9614713
9672447
9672238
9713696
9713600
9713542
9713505
9713482
9713123
9712744
9712519
9710450
9713737
9713729
9713689
9713664
9713590
9713525
9713441
9713374
9713338
9713304
9713193
9713011
9713822
9686090
9634602
9711643
9707695
9711333
9711177
9691697
9711617
9711871
9719530
9721540
9713587
9738478
9740935
9446905
9742187
9599543
9707634
9761501
9761518
9761481
9762098
9762216
9761804
9743881
9670678
9486049
9778610
9624854
9708090
9707117
9621301
9719763
9633831
9675558
9618815
9553129
9679286
9632498
9611559
9556874
9686081
9635901
9681129
9597714
9680558
9679379
9668025
9725505
9679782
9679718
9679494
9673258
9662851
9661024
9654794
9651610
9650753
9636201
9570820
9551597
9719754
9598532
9723575
9717218
9716797
9658279
9656769
9744416
9743296
9676686
9494325
9654456
9714013
9714127
9713945
9714012
9714006
9713985
9713971
9712091
9711863
9706439
9705484
9689293
9671378
9521552
9521098
9477169
9714257
9714182
9712030
9711660
9705553
9685083
9581232
9675463
9694388
9605730
9692187
9714093
9713818
9744277
9744120
9744599
9744506
9744776
9745013
9744847
9747910
9743395
9745127
9744994
9745363
9745243
9745171
9738622
9724508
9708616
9740554
9737328
9724672
9743308
9743737
9743618
9743533
9743827
9744036
9743994
9745656
9741497
9747917
9710028
9747542
9747091
9658477
9656259
9747717
9713714
9702297
9713823
9712983
9711793
9698616
9672233
9630900
9618254
9714303
9512272
9713934
9725648
9741589
9741312
9740722
9740720
9742146
9741777
9684356
9695360
9708547
9708186
9525121
9745035
9702244
9761464
9760632
9727785
9759967
9562787
9762240
9762257
9762256
9762026
9762274
9762266
9762262
9759991
9759833
9655195
9628281
9456066
9550266
9520952
9691900
9738385
9771768
9617950
9772103
9725149
9748802
9685654
9774483
9684112
9680463
9679688
9678427
9676978
9675941
9644296
9609222
9544874
9496143
9724042
9467891
9741525
9731249
9624594
9777984
9701780
9747490
9758751
9693261
9693263
9693256
9790474
9795190
9668549
9714003
9713909
9748186
9748183
9731520
9742205
9746366
9714463
9714077
9701852
9685231
9714335
9714331
9707493
9712733
9694470
9630299
9540939
9446993
9709445
9702406
9696246
9623827
9673108
9719145
9742200
9691863
9715423
9761576
9760178
9762204
9761580
9760696
9760679
9760602
9762291
9762284
9762278
9761617
9762319
9762311
9762294
9762334
9762329
9762328
9762327
9762323
9762322
9762299
9761185
9760086
9623654
9759652
9692759
9725551
9673586
9670121
9726913
9772521
9677569
9730029
9680233
9600726
9660186
9736011
9748022
9706579
9742991
9714666
9714662
9768842
9680757
9646871
9714717
9710169
9732614
9744986
9748611
9709300
9680983
9699059
9461324
9714783
9714711
9703562
9714658
9714388
9522159
9714650
9714721
9730474
9727426
9724501
9725652
9745647
9742394
9761622
9677005
9677772
9762312
9762343
9762339
9762331
9762364
9762362
9762360
9647684
9762384
9762375
9762368
9762398
9762390
9762389
9762385
9762383
9711994
9711638
9728878
9735301
9734986
9721151
9692882
9673025
9754641
9688390
9729737
9724298
9707833
9644891
9569840
9554994
9678490
9569883
9474191
9517563
9431422
9714921
9714236
9709827
9744002
9739463
9684822
9714826
9742564
9676111
9638403
9544181
9748861
9748849
9748871
9748876
9748892
9637259
9703714
9713493
9714634
9714220
9714876
9526189
9642067
9712775
9731291
9723306
9714749
9719577
9678481
9761712
9762244
9733510
9761881
9762042
9762041
9762412
9762406
9762379
9762425
9762419
9762414
9762402
9762395
9762361
9761904
9761849
9762435
9762429
9762447
9762422
9747384
9629106
9747472
8693853
9576295
9618318
9711166
9620093
9750250
9711711
9711068
9702950
9679339
9594024
9733731
9601647
9601567
9754375
9794859
9676321
9643290
9720194
9638914
9616910
9721306
9718120
9666602
9712829
9702319
9713054
9715238
9718118
9715385
9744260
9740825
9608876
9742682
9729394
9687201
9689006
9674350
9747664
9747261
9714736
9714471
9714955
9647284
9635936
9614926
9666423
9664400
9656814
9657239
9716966
9707099
9710409
9708321
9711775
9650517
9627309
9712790
9689943
9567045
9479174
9608058
9730942
9663286
9751778
9737385
9747386
9551288
9751368
9575459
9751680
9762553
9518088
9762601
9762596
9762576
9753451
9749436
9703855
9691988
9761793
9761855
9761886
9750475
9762153
9762400
9762446
9762436
9762462
9762460
9730680
9762117
9730494
9570530
9761240
9564998
9380585
9670051
9546930
9692966
9452867
9512296
9783280
9714792
9489863
9423083
9676808
9676698
9728507
9641212
9648557
9688323
9503544
9775624
9713924
9617588
9582209
9681528
9618610
9703387
9742671
9713340
9683454
9793860
9687766
9573596
9794542
9740569
9760668
9565330
9717551
9670062
9720929
9672366
9713394
9652526
9552449
9679178
9709840
9702531
9656971
9655834
9530917
9715292
9715254
9715149
9709999
9703805
9689144
9649505
9637103
9541240
9715371
9715275
9713200
9706719
9521292
9715376
9551666
9525739
9707952
9710489
9694267
9620988
9737079
9734861
9722471
9722048
9743784
9646097
9746431
9664536
9715612
9749600
9690064
9712151
9712067
9593563
9630467
9711966
9562222
9710690
9715348
9430039
9389887
9698458
9757210
9707842
9707402
9708263
9706239
9637108
9706103
9762624
9762616
9762615
9762613
9744241
9742324
9722098
9762685
9762672
9762579
9762411
9761705
9758714
9570337
9569999
9762752
9762738
9762686
9762465
9762349
9761190
9757295
9757038
9732239
9711443
9676385
9654860
9652558
9761767
9762857
9762797
9762763
9759581
9752484
9750754
9747650
9662727
9520071
9761876
9762043
9664802
9762822
9762803
9715226
9350033
9721749
9519091
9728626
9762794
9762635
9762587
9746569
9762662
9550896
9758246
9767037
9765305
8425446
9531752
9678560
9780581
9781766
9507301
9729004
9762488
9713273
9630270
9644500
9595042
9592883
9544104
9681563
9676957
9780722
9786029
9615371
9706550
9687738
9733680
9755113
9655558
9566044
9795116
9686632
9682080
9670344
9637081
9670960
9658235
9715843
9714969
9688521
9548237
9714477
9655185
9700731
9703793
9712432
9666919
9658032
9715516
9568325
9481989
9713412
9711900
9698421
9491896
9554462
9715975
9715876
9715667
9693877
9672408
9658945
9715264
9704359
9654823
9570912
9715474
9715280
9707089
9677217
9667359
9644425
9639272
9547094
9482050
9715668
9696093
9677099
9718156
9694023
9711085
9681713
9645976
9704527
9693925
9707299
9670558
9708605
9715440
9624167
9740393
9743254
9743190
9605289
9686650
9738398
9731483
9705128
9651016
9722649
9686089
9571650
9748870
9605035
9714267
9749315
9603640
9711170
9714664
9714032
9715746
9614258
9715514
9685279
9661386
9691955
9683818
9715616
9716060
9696450
9604972
9633160
9685222
9599011
9676083
9718732
9715467
9497158
9674000
9660272
9662918
9715673
9714186
9691687
9690872
9700393
9741688
9712310
9699317
9745032
9743088
9509785
9714967
9714835
9680295
9513521
9665804
9743017
9729418
9717978
9706337
9526601
9490663
9699643
9595564
9594977
9759448
9761831
9761795
9761853
9761858
9760592
9748449
9762453
9681712
9654312
9610183
9762955
9762912
9762906
9762888
9762811
9762677
9762477
9744564
9716095
9705476
9685062
9672542
9744330
9735904
9735114
9735064
9716854
9708976
9708930
9763021
9762969
9762916
9697725
9762848
9762496
9758105
9763192
9763146
9763117
9763103
9763094
9763092
9763073
9762404
9762217
9755556
9595542
9604059
9663610
9556397
9742532
9737967
9724689
9719253
9581220
9544975
9470495
9738277
9692028
9691109
9610937
9547241
9755499
9731767
9559746
9745451
9432929
9690939
9449678
9566828
9763294
9763252
9763248
9763241
9763221
9763215
9763210
9763181
9763164
9763010
9762420
9761458
9761434
9758257
9754882
9516055
9660422
9649947
9357228
9516050
9715000
9560380
9589028
9671287
9581043
9481766
9553624
9732587
9702157
9686783
9575041
9780573
9779179
9622847
9594186
9652671
9247984
9708249
9673767
9559877
9686548
9710128
9704403
9676381
9672626
9592819
9553959
9649053
9642826
9636467
9626160
9573448
9547279
9541969
9702628
9670790
9658530
9652164
9701776
9587936
9442728
9757299
9521422
9776810
9639182
9665847
9599608
9509379
9545409
9514022
9787130
9632797
9743412
9714442
9713222
9707805
9693863
9693365
9681440
9675431
9674283
9650349
9649354
9648833
9645083
9643781
9553661
9483061
9416368
9658785
9682123
9692033
9692225
9679491
9561819
9716196
9716444
9721221
9722958
9633654
9658653
9656153
9716018
9705323
9701239
9716354
9702332
9707500
9743998
9734775
9734390
9744295
9744159
9743955
9719394
9660436
9744452
9731824
9723766
9712780
9646040
9635998
9706472
9744038
9743816
9715003
9716450
9716145
9716136
9713282
9666956
9665150
9653005
9610587
9608572
9537206
9533469
9716539
9716490
9716338
9716186
9714554
9712640
9706653
9705981
9704407
9702079
9619180
9716703
9716591
9713315
9699745
9696492
9676644
9666954
9640956
9626745
9607877
9502290
9715929
9669712
9715588
9672111
9667494
9638180
9624150
9608206
9716169
9463767
9703924
9568139
9700009
9710672
9710989
9719125
9719808
9702698
9715914
9375686
9746905
9750303
9743206
9740821
9688218
9750455
9657592
9702353
9622938
9730658
9749206
9750161
9744381
9715671
9761861
9749234
9761878
9761893
9761936
9762490
9588982
9703072
9763110
9763661
9763335
9711283
9633035
9763925
9763922
9763904
9763902
9763872
9763848
9763843
9763836
9763813
9763803
9763770
9763768
9763764
9763736
9763731
9763728
9763616
9763331
9761117
9758712
9757394
9756643
9752235
9750464
9748762
9745822
9743189
9703195
9701210
9700417
9763981
9763885
9740783
9614844
9671954
9763481
9763434
9763433
9763431
9763427
9763402
9763375
9763313
9760772
9756057
9753953
9725284
9763603
9763558
9763553
9763480
9763461
9763448
9762778
9756193
9755803
9755519
9754447
9753391
9752244
9763608
9763607
9763756
9763739
9763733
9763719
9763684
9763663
9763649
9763646
9763615
9763609
9763540
9763539
9744577
9742938
9742656
9739001
9752449
9762996
9762965
9762837
9679899
9738565
9648906
9615073
9721417
9700528
9550152
9660175
9684671
9761871
9706500
9715710
9708107
9675967
9608366
9627382
9665491
9708394
9676102
9727752
9658487
9644438
9781257
9766160
9646363
9604344
9649201
9643300
9582323
9570923
9682470
9729760
9649129
9717588
9688530
9682792
9678680
9677572
9605369
9573973
9531262
9616837
9671423
9420447
9648923
9682759
9634300
9654728
9645920
9667293
9709532
9690880
9648206
9713871
9713638
9670440
9717610
9714087
9723297
9702139
9744453
9739584
9744524
9717910
9699240
9734563
9744531
9713880
9744922
9737934
9745074
9742134
9745594
9516653
9738494
9744772
9749415
9715901
9679669
9637865
9716896
9716839
9716750
9716620
9716615
9716608
9715987
9706562
9485095
9717046
9717039
9717019
9716764
9712752
9658574
9584064
9717177
9716719
9714447
9706913
9700848
9699524
9699246
9688179
9685224
9655831
9651405
9644411
9717347
9717344
9717340
9716913
9699265
9688896
9672026
9671662
9666627
9643304
9575129
9717180
9687387
9671241
9669185
9653811
9686037
9690800
9522344
9717037
9716988
9716809
9716831
9487476
9650613
9734922
9717512
9688776
9716965
9749094
9743871
9743927
9677935
9665327
9740320
9714719
8955595
9750932
9751386
9762697
9681374
9757245
9752791
9761897
9762014
9762001
9762052
9762040
9654328
9628046
9615882
9715367
9750878
9743054
9717760
9764136
9764112
9764078
9764074
9763948
9763890
9763878
9762983
9757603
9764282
9764264
9764234
9764212
9764208
9764191
9764182
9764157
9764153
9764146
9764061
9764044
9764015
9763703
9762810
9761015
9760306
9758038
9757846
9753133
9750602
9749173
9745274
9689323
9756769
9748807
9764249
9764223
9764114
9764065
9764064
9764063
9764000
9763994
9763949
9763571
9764487
9764424
9764411
9764408
9764406
9764403
9764373
9764370
9764368
9764367
9764327
9764319
9764315
9764298
9764655
9764636
9764601
9764587
9764569
9764555
9764553
9710986
9704718
9697051
9764546
9764543
9764528
9764479
9764476
9764458
9764378
9764277
9764272
9764248
9764031
9763543
9757886
9716432
9715574
9678537
9678358
9549859
9505442
9763048
9747413
9751043
9603502
9527051
9661491
9649200
9689558
9422258
9611251
9650346
9649963
9763510
9645733
9645599
9645512
9764133
9538384
9622783
9681207
9442188
9633494
9395277
9778197
9682773
9637678
9624314
9615599
9565958
9563729
9558933
9535757
9488421
9732341
9683421
9680625
9679143
9678842
9654410
9665789
9711182
9711231
9733853
9764253
9564109
9793200
9547066
9794594
9722024
9717158
9711594
9711028
9708881
9689348
9683269
9668887
9620692
9572623
9793367
9671063
9605501
9654386
9715485
9719721
9714839
9679506
9718059
9685985
9713571
9604087
9699412
9688137
9648654
9652521
9587680
9697915
9713433
9715336
9591027
9628088
9598476
9705579
9717931
9717883
9717168
9716889
9716696
9713298
9706588
9693698
9546136
9718052
9716778
9716275
9691982
9581462
9717799
9717660
9717643
9717632
9717615
9717223
9716787
9708797
9676616
9654505
9651152
9646005
9717864
9717789
9717719
9715072
9703916
9671546
9633882
9702032
9700868
9510303
9695678
9666875
9715191
9718964
9718088
9601956
9468862
9603364
9723102
9708540
9745464
9683401
9729350
9745456
9745371
9722790
9717246
9567763
9696387
9674068
9717921
9729967
9716547
9667308
9640570
9745658
9745643
9580226
9748831
9740248
9735451
9744164
9733322
9599819
9713860
9711860
9688392
9688343
9667023
9657666
9654986
9717002
9633900
9704856
9717658
9717528
9717412
9716111
9708772
9677778
9663706
9653804
9710722
9664497
9680885
9666641
9719150
9665703
9717917
9715517
9719581
9711382
9708205
9715570
9719460
9171678
9673402
9690791
9670267
9667008
9688040
9509351
9750102
9751247
9750600
9751178
9715874
9747439
9754990
9762634
9758769
9758557
9717464
9716479
9658475
9721445
9762113
9762234
9762252
9650894
9630492
9764753
9764579
9763893
9763332
9746526
9763830
9732986
9689869
9764246
9764169
9764038
9759420
9753473
9721984
9764854
9764830
9764808
9764790
9764777
9764774
9764743
9764736
9764558
9764536
9764506
9764497
9764388
9759943
9759642
9753359
9703288
9764928
9764923
9764903
9764895
9764892
9764883
9764841
9764824
9764804
9764799
9764780
9764773
9764771
9764732
9764671
9764665
9764650
9764440
9763781
9759397
9725900
9618271
9570032
9544594
9764094
9763253
9660932
9635026
9584405
9756453
9737165
9681240
9663223
9765087
9765062
9765044
9765022
9764104
9760479
9764951
9764941
9764930
9764922
9764885
9764978
9765008
9765004
9765001
9752653
9763621
9765154
9765125
9765117
9765111
9765103
9765090
9765083
9765078
9765063
9765030
9764974
9764875
9764635
9764077
9743011
9675856
9663761
9765157
9765101
9765045
9763625
9760661
9764896
9715375
9415028
9783128
9652892
9622507
9768173
9076423
9671713
9652352
9662606
9688249
9681710
9606837
9564682
9643772
9483635
9673334
9570981
9733973
9727890
9691064
9685434
9712532
9656178
9410905
9644781
9638110
9636525
9631544
9631329
9620363
9598065
9571914
9547863
9532286
9525014
9728440
9728323
9726580
9699889
9683950
9683284
9682900
9681835
9666623
9713141
9686013
9733896
9676757
9669534
9789195
9735318
9713224
9789171
9687440
9738424
9789390
9541578
9624742
9688335
9689626
9733723
9688200
9666029
9664120
9654484
9650764
9431696
9712905
9672237
9413029
9682005
9589847
9664255
9650665
9718683
9714290
9718577
9718680
9710384
9702422
9707582
9684967
9713030
9705950
9666667
9664102
9715779
9706280
9694687
9684417
9718010
9589493
9704502
9649047
9637671
9718420
9718205
9716595
9712630
8993596
8993338
9615779
9718648
9718561
9718501
9718434
9718240
9718145
9717940
9716290
9707400
9679112
9655602
9642369
9636336
9512261
9718259
9710098
9714332
9679182
9743464
9564659
9690422
9671165
9743153
9732775
9745789
9738615
9705926
9646980
9746057
9745950
9742196
9741845
9720581
9746255
9674155
9745987
9745033
9746271
9740525
9721975
9748988
9743822
9748541
9636929
9746895
9745878
9747541
9745696
9738518
9748387
9749764
9598644
9676319
9698701
9713499
9704388
9714776
9700858
9548557
9716492
9665407
9571116
9709985
9700586
9717569
9704893
9704624
9710447
9592879
9713752
9692360
9719349
9719963
9719426
9715587
9701680
9718305
9718568
9716388
9689556
9686878
9713835
9486283
9690391
9655441
9737063
9746229
9682975
9749526
9751924
9749268
9746649
9484223
9484239
9751887
9750364
9726038
9713461
9758130
9752928
9725687
9762568
9755743
9755390
9749941
9726211
9735897
9438929
9694437
9746188
9615378
9583243
9575503
9756586
9461646
9454614
9454337
9246779
9751986
9494902
9745353
9672857
9631846
9751806
9763686
9763841
9763537
9746654
9712038
9685255
9746632
9736836
9764391
9705543
9576610
9763162
9745211
9666663
9653751
9628675
9762766
9517883
9745399
9765230
9765216
9765201
9765187
9765165
9765160
9765089
9765082
9764839
9764472
9763863
9765366
9765316
9765274
9765262
9765261
9765221
9765185
9765115
9765032
9764969
9764612
9764098
9763982
9762919
9759294
9753313
9765019
9764970
9764938
9764937
9556066
9653928
9614536
9765495
9765405
9765379
9765362
9765329
9765304
9765260
9763735
9763447
9763030
9762871
9762768
9762675
9756183
9739144
9642590
9753051
9732190
9728832
9721050
9765532
9765481
9765444
9765438
9765146
9765129
9765027
9764967
9764902
9764806
9763267
9763027
9684617
9665624
9616384
9765560
9765175
9715439
9481443
9645254
9671388
9715698
9732152
9610306
9765269
9763931
9724396
9430157
9564189
9741273
9673419
9525846
9524160
9651287
9515698
9648927
9512644
9455154
9647560
9605152
9751719
9734051
9755694
9776605
9713144
9729050
9639889
9653295
9642786
9589607
9713165
9678521
9678297
9676166
9611148
9558908
9651146
9651083
9648949
9628029
9621315
9617990
9593404
9590273
9587168
9580008
9558673
9547660
9537597
9523770
9519410
9731504
9731138
9712462
9706395
9686286
9685733
9684456
9684364
9683174
9682566
9679979
9676553
9675641
9667409
9664679
9654781
9737663
9572684
9558787
9651459
9741466
9670696
9782876
9737147
9698740
9648486
9576330
9479249
9571965
9719070
9734435
9667309
9740375
9719443
9713707
9712433
9701643
9691731
9656059
9622738
9618423
9593716
9551277
9503972
9673104
9657164
9682927
9695834
9691291
9652068
9651844
9651395
9506857
9667306
9725469
9718880
9717429
9693670
9715881
9715743
9716747
9716571
9716812
9717548
9715491
9638533
9718700
9718665
9718607
9718414
9708896
9718818
9718751
9718747
9708567
9708330
9692337
9718986
9718969
9718816
9718743
9718676
9718600
9716132
9697932
9695725
9623506
9719276
9725146
9746928
9688312
9666831
9608552
9611421
9740532
9732383
9746298
9740750
9701758
9673501
9708079
9699122
9667351
9740202
9669725
9702132
9580312
9746597
9727749
9746753
9746643
9749249
9714513
9716422
9716592
9515276
9498696
9712662
9688781
9719350
9719201
9719120
9718486
9718427
9712338
9709892
9708792
9707432
9705346
9718362
9653029
9720063
9718651
9657686
9720298
9720217
9720029
9719738
9715322
9656653
9719267
9637794
9710309
9717357
9749858
8893736
9752282
8896763
9707139
9718793
9752628
9751045
9738326
9750696
9731033
9749709
9749799
9718788
9713608
9748317
9753414
9744802
9732098
9554363
9762708
9700002
9758612
9762325
9503973
9498208
9462497
9461409
9539706
9721842
9605884
9560406
9657749
9689033
9661250
9621515
9704473
9751199
9764784
9763682
9743662
9735819
9752156
9745899
9739340
9763291
9680313
9459681
9752370
9750035
9732217
9730127
9730015
9729898
9766030
9766001
9765986
9765972
9765826
9765797
9765774
9765759
9765748
9765353
9714521
9707861
9701262
9522414
9766267
9766196
9766198
9766167
9766143
9766135
9766096
9765750
9765743
9764664
9764420
9764206
9763897
9763225
9747049
9730230
9676814
9593929
9764589
9765174
9760616
9765106
9765351
9688072
9685579
9681116
9660343
9765684
9765681
9765673
9765652
9765638
9765629
9765626
9765593
9765547
9765540
9765496
9765457
9764998
9764459
9758056
9748063
9703284
9648752
9642757
9765925
9765898
9765887
9765799
9765740
9765738
9765723
9765701
9765640
9765600
9765597
9765360
9764913
9764729
9755637
9752483
9738930
9732184
9683848
9680012
9718237
9784334
9782304
9765777
9543956
9732452
9715799
9685054
9684741
9683542
9682567
9678928
9662612
9630673
9621847
9620645
9619152
9614016
9608891
9593520
9536634
9381092
9684864
9765913
9616546
9764539
9725181
9699233
9777875
9313626
9733572
9765664
9685575
9633796
9712715
9663721
9663715
9765195
9611278
9684860
9725205
9784151
9718887
9676867
9662818
9673273
9415802
9719552
9719252
9720013
9719129
9639138
9714171
9715210
9719732
9718241
9618072
9714375
9718466
9714151
9713677
9718891
9646022
9719611
9717484
9745886
9718631
9737560
9620397
9743752
9740461
9452167
9744090
9695878
9695646
9746428
9694556
9746957
9740643
9747552
9747201
9719458
9711661
9649539
9740766
9630930
9745184
9363727
9713310
9714659
9715650
9641295
9716629
9716564
9631161
9477099
9717190
9488022
9669726
9690166
9719118
9719114
9718999
9688702
9668145
9719486
9719445
9719375
9718168
9701711
9632017
9444152
9719817
9719520
9720038
9719909
9719780
9719757
9719706
9719646
9719450
9719250
9718451
9715758
9713448
9706943
9699000
9719418
9719358
9719354
9719025
9718146
9716804
9700606
9653010
9701138
9657210
9656774
9643764
9640423
9605233
9719944
9719938
9719791
9719565
9718725
9716612
9716417
9716330
9713910
9707621
9719535
9301416
9703148
9719153
9719856
9746756
9582090
9705530
9752903
9753327
9753427
9753272
9751361
9753171
9710474
9738597
9738540
9716941
9759340
9758936
9691569
9690317
9699457
9667129
9454929
9454781
9454692
9454452
9725891
9549471
9704121
9598080
9647656
9763315
9717416
9760057
9764565
9764840
9764629
9764470
9765954
9717036
9713727
9692158
9683351
9376406
9766324
9766312
9766301
9766298
9766278
9766222
9766195
9766193
9766129
9766123
9766075
9766044
9765556
9764310
9747732
9745741
9765178
9765228
9765538
9765335
9762487
9759632
9720218
9765161
9577917
9784558
9638667
9735099
9701290
9685583
9685219
9682245
9670327
9663628
9652422
9652107
9639114
9628285
9623082
9602850
9582407
9580979
9553585
9494829
9427421
9766744
9766745
9710870
9640438
9766782
9734333
9766804
9765767
9766428
9766408
9766315
9766308
9766277
9766106
9766073
9759114
9758970
9758713
9758530
9744026
9697888
9676909
9639352
9638020
9766674
9766593
9766575
9766572
9766480
9766432
9766412
9766369
9766247
9765784
9765315
9764268
9764210
9758471
9757345
9756167
9745070
9640758
9624442
9665695
9766749
9766726
9766684
9766659
9766627
9766448
9766447
9765512
9765396
9750281
9723407
9661412
9524474
9775473
9642122
9335489
9679301
9764190
9733229
9621581
9709558
9692544
9715239
9752275
9691555
9658542
9679495
9782326
9725858
9790680
9639907
9674267
9628529
9503573
9571134
9719850
9624641
9476602
9476515
9476431
9476318
9475781
9475668
9475567
9566284
9566237
9747267
9745440
9742570
9677448
9650432
9748135
9539325
9704250
9597679
9557164
9748680
9748718
9713050
9747489
9324749
9635111
9581079
9705537
9703490
9631114
9720253
9720215
9720176
9720044
9719522
9653311
9637084
9574928
9714082
9695520
9692914
9652740
9720549
9720480
9720428
9719543
9718450
9715964
9709017
9625952
9720661
9720625
9720620
9720539
9720374
9719074
9718677
9712956
9712359
9711218
9694963
9626609
9719968
9720664
9720372
9716589
9720299
9720330
9676897
9750392
9726835
9716441
9587961
9761530
9719966
9762268
9737970
9574136
9732736
9698769
9489009
9471600
9605335
9763456
9587623
9759531
9766110
9749433
9633086
9686522
9578031
9735117
9732759
9732539
9710942
9707127
9706956
9702718
9702557
9686728
9686437
9685730
9684714
9683527
9680060
9668153
9633435
9542443
9538312
9531916
9480018
9454867
9452824
9395530
9619091
9563197
9767277
9767271
9767267
9767208
9767139
9767137
9767124
9767118
9767058
9767047
9766948
9766913
9766738
9761799
9760829
9760793
9760754
9758114
9755636
9753224
9631007
9618449
9692169
9720695
9676336
9766836
9766811
9766759
9766517
9766390
9766176
9677363
9767027
9767007
9766998
9766974
9766908
9766876
9766848
9766747
9766555
9766497
9764823
9762008
9757037
9756434
9747159
9734233
9599998
9576639
9761133
9756735
9767186
9767155
9767108
9767094
9767025
9766781
9766673
9764720
9764291
9766528
9629639
9583166
9483012
9511950
9720288
9584026
9746560
9719731
9708087
9785644
9754230
9658769
9791667
9742684
9741685
9772911
9690136
9689058
9724922
9674526
9719447
9714358
9720999
9720421
9703483
9720950
9748233
9720903
9732904
9673131
9709040
9719810
9720463
9720585
9714218
9699376
9694550
9680235
9476848
9720644
9720597
9720352
9714387
9714323
9714180
9653154
9747619
9570055
9748156
9747512
9760653
9762298
9762288
9761983
9762315
9762314
9762303
9762338
9723977
9536181
9764583
9765746
9672277
9730146
9729741
9726090
9726088
9722374
9720137
9707443
9703744
9701923
9698519
9698191
9693892
9689700
9689333
9685018
9674968
9674125
9673584
9673575
9673247
9673169
9673092
9672872
9672297
9672213
9672183
9671988
9670806
9669877
9669056
9668035
9668023
9667938
9667314
9667142
9666642
9663590
9662705
9662593
9658706
9655935
9654052
9652554
9644714
9642987
9642641
9642032
9640934
9640519
9639561
9639406
9638785
9638215
9637337
9637303
9634526
9633577
9627107
9626639
9623810
9614827
9613343
9606904
9590595
9589220
9587860
9586400
9574275
9568852
9565813
9559283
9556331
9541839
9535840
9525626
9513402
9507826
9469820
9454004
9452707
9386684
9377920
9362258
9747565
9767696
9767676
9767642
9767640
9767636
9767634
9767627
9767625
9767571
9766892
9765128
9763711
9758320
9757430
9753456
9746952
9731308
9725417
9722985
9714983
9663387
9599810
9591681
9767584
9767578
9767563
9767560
9767552
9767543
9767529
9767518
9767510
9767506
9767503
9767502
9767499
9767488
9767478
9766459
9762206
9762193
9767406
9767388
9767376
9767347
9767338
9767335
9767252
9767237
9767175
9767082
9766973
9765983
9764815
9756379
9767507
9767444
9767423
9767416
9767405
9767215
9767181
9761484
9761447
9760771
9750006
9745493
9745261
9634934
9767234
9766858
9654888
9773821
9672377
9679808
9606579
9785888
9739237
9739230
9729650
9785954
9784434
9776677
9671728
9786006
9678675
9569067
9767160
9730006
9707583
9791907
9791950
9690665
9592646
9728952
9761700
9673368
9720129
9694140
9721166
9709405
9693853
9680380
9680146
9712305
9715669
9715918
9673631
9738713
9635463
9748564
9746626
9746312
9714641
9632371
9567297
9567235
9567184
9567125
9566995
9720877
9720451
9594853
9762074
9505885
9505814
9762352
9762351
9762373
9762367
9762392
9762405
9748549
9696366
9664787
9557111
9710682
9767723
9767702
9767681
9767680
9767659
9761823
9755533
9749391
9746418
9716776
9695196
9767800
9767794
9767785
9767777
9767775
9767768
9767767
9767753
9767469
9764973
9747229
9767861
9767859
9767856
9767848
9767847
9767833
9767825
9767817
9767816
9767715
9767712
9767701
9736389
9582185
9767923
9767907
9767901
9767896
9767894
9767885
9767882
9767873
9767854
9767812
9767764
9767537
9764950
9762086
9748527
9664859
9767580
9767638
9767541
9763846
9754085
9753923
9767219
9736718
9765679
9748473
9739893
9795509
9721336
9721322
9721308
9721032
9704955
9721335
9649144
9712353
9746468
9736128
9748731
9748112
9704833
9716211
9720426
9416049
9410740
9719352
9718387
9728997
9754678
9715277
9722851
9761685
9723600
9715192
9761884
9760682
9540572
9758110
9664674
9764864
9764750
9766180
9763941
9765650
9786439
9731856
9699027
9698806
9647900
9645447
9767682
9727012
9727948
9767943
9767942
9767939
9767933
9767932
9767930
9767773
9746128
9680765
9768011
9768009
9768006
9768004
9767999
9767993
9767974
9767916
9745461
9700185
9768046
9768036
9768035
9768026
9768025
9768015
9768012
9768005
9767998
9767992
9767931
9767497
9749549
9749104
9749028
9729499
9657708
9607257
9767138
9345165
9269574
9768068
9768058
9768049
9768042
9768018
9767910
9749351
9731105
9768074
9767776
9767738
9762683
9690866
9766418
9765985
9748443
6702408
9677744
9660107
9688386
9694129
9721513
9640691
9523642
9718174
9655360
9630726
9492401
9722675
9707729
9542438
9703850
9721444
9721502
9721585
9721498
9693806
9721656
9721707
9680817
9575638
9722965
9722210
9716005
9597178
9699529
9727799
9722004
9538354
9664828
9642533
9723399
9723176
9729516
9596264
9742853
9747730
9737828
9747952
9685299
9685342
9623251
9620996
9719471
9720146
9619386
9730017
9669826
9756078
9730843
9647042
9756846
9633488
9754929
9753815
9753915
9753318
9750655
9762561
9761534
9762904
9690944
9763945
9501238
9749154
9764270
9618055
9764523
9732716
9763203
9763346
9757759
9765873
9766249
9764907
9765183
9764371
9758106
9760280
9687809
9722865
9671872
9614720
9622614
9728190
9784567
9767725
9767759
9767934
9767819
9767647
9767508
9648620
9761386
9767242
9764618
9768069
9726076
9768151
9768148
9768136
9768126
9768116
9768106
9768104
9768102
9768084
9768037
9768146
9768145
9768141
9768131
9768182
9768166
9768165
9768163
9768162
9768161
9768192
9768189
9768187
9768184
9768183
9635742
9768291
9722178
9684289
9648172
9768297
9768347
9768336
9768299
9767433
9739900
9655124
9755266
9738304
9730180
9772291
9766548
9766346
9767086
9766564
9691847
9692304
9692262
9721411
9721351
9692284
9721786
9721451
9673215
9721312
9753498
9761760
9792025
9761161
9562100
9744678
9740517
9668298
9612248
9687350
9724570
9571527
9555641
9502333
9658678
9604863
9604787
9725638
9621544
9713220
9710017
9639267
9535665
9721918
9721778
9721761
9710179
9710020
9643177
9721983
9721952
9712514
9708491
9701946
9685881
9660619
9718369
9721394
9675831
9721557
9719306
9654589
9603645
9721765
9718840
9715624
9672049
9686350
9698143
9701313
9715206
9723476
9563773
9458395
9716311
9727743
9723054
9715454
9680742
9718225
9716647
9576673
9718203
9720418
9688807
9681544
9593790
9721973
9735723
9747198
9739700
9739370
9747374
9720479
9750871
9749101
9737608
9726920
9755125
9755101
9754004
9749935
9749547
9744282
9696203
9583354
9755254
9754182
9761692
9756055
9768404
9768052
9698432
9642397
9638602
9728863
9766755
9765575
9753683
9690010
9743031
9765901
9762841
9765480
9765791
9765696
9765657
9735157
9765707
9616908
9614065
9685285
9768442
9510539
9690700
9680816
9638597
9492607
9459259
9767487
9605786
9768479
9768422
9768400
9768385
9730045
9682192
9768601
9768587
9768580
9768578
9768553
9768532
9768523
9768504
9768483
9768454
9768450
9768436
9768410
9767878
9766283
9762304
9743347
9731534
9731129
9723971
9757212
9732262
9768047
9768105
9768048
9768125
9768121
9768115
9768081
9768152
9767408
9752028
9742291
9768370
9768348
9765554
9768407
9768393
9768390
9768365
9766436
9749607
9622919
9550812
9678352
9764126
9766931
9766797
9728804
9726507
9725944
9768371
9673266
9716692
9719899
9722185
9736935
9731583
9714402
9691205
9663529
9643389
9603134
9602499
9741543
9571375
9602448
9662956
9676211
9675762
9528068
9688322
9679084
9670208
9670145
9628258
9666071
9646038
9725454
9701327
9723167
9722263
9665735
9665639
9722395
9722260
9722197
9722095
9721794
9720229
9714313
9712709
9712446
9604450
9722087
9722025
9718991
9718343
9545329
9488920
9449556
9722075
9682783
9678949
9645072
9531146
9634089
9720658
9715747
9714436
9711227
9711137
9676175
9707906
9699989
9676403
9619090
9727160
9560398
9686078
9688981
9632128
9589839
9697195
9718564
9718866
9642296
9724862
9711175
9699381
9698452
9723443
9722176
9733086
9743839
9734678
9741368
9749337
9743047
9579483
9737731
9735600
9749559
9749551
9705253
9701782
9749731
9604329
9540275
9699689
9652971
9573529
9704940
9719412
9705266
9719601
9720685
9721503
9677799
9722515
9583706
9722115
9733742
9686122
9689694
9749609
9695776
9755327
9752495
9642669
9599567
9755400
9545836
9623617
9749515
9674906
9651265
9699090
9762850
9760216
9712731
9672419
9741025
9750714
9717348
9578635
9768761
9728584
9724085
9769068
9769007
9768942
9768924
9768910
9768905
9768874
9768868
9768848
9768831
9768821
9768784
9768783
9768738
9768732
9768697
9768581
9768556
9768539
9766910
9766354
9765145
9759619
9761736
9725629
9572112
9764676
9731941
9658612
9552701
9769213
9769191
9769163
9769143
9769130
9769109
9769107
9769084
9769075
9769066
9769059
9769054
9769037
9769022
9768979
9768755
9766622
9764752
9762007
9759939
9758943
9758576
9757797
9769490
9744537
9602471
9762478
9762868
9766023
9765571
9695324
9780015
9586735
9020494
9536538
9730693
9688043
9787404
9767887
9767820
9606512
9600579
9740136
9768717
9768692
9768678
9768657
9768650
9768624
9768614
9767842
9768144
9768185
9768188
9768837
9768827
9768819
9768800
9768794
9768785
9768740
9768679
9768660
9768653
9768632
9768609
9768512
9767615
9767603
9722493
9693940
9674697
9766496
9763235
9754102
9688427
9781321
9380432
9695873
9713396
9721054
9695745
9703635
9713807
9627786
9578214
9702045
9769343
9657464
9666817
9665686
9540387
9680987
9610015
9531815
9551104
9528638
9725004
9723424
9715792
9688149
9688126
9687060
9686218
9682200
9680065
9679699
9670897
9670771
9659530
9659052
9651568
9620527
9611345
9616064
9725746
9661297
9785276
9592328
9755745
9677011
9668639
9722935
9722955
9651301
9722586
9722507
9722462
9722387
9722246
9719872
9695810
9695617
9637296
9722501
9713235
9713233
9681050
9681574
9586444
9718836
9659548
9721355
9723144
9722996
9722973
9722920
9722743
9722696
9722608
9722510
9721500
9721247
9721027
9710704
9645550
9631424
9629413
9701829
9722286
9722116
9720853
9695465
9690685
9687090
9680259
9643486
9637425
9631402
9624817
9616833
9612191
9599089
9592831
9719849
9668059
9720404
9722809
9722429
9546623
9723037
9722895
9722803
9702125
9744255
9743967
9722716
9749782
9743718
9739439
9665121
9721854
9661792
9716442
9710988
9722885
9753854
9615215
9755979
9575348
9756388
9740224
9738587
9734246
9732485
9746956
9742297
9741882
9739034
9718842
9750380
9750336
9750239
9749978
9738364
9740086
9721590
9721523
9750376
9755669
9704658
9749876
9732195
9769395
9769359
9769326
9769311
9769272
9769256
9769252
9769240
9769224
9769202
9769153
9769031
9768828
9765464
9761392
9757641
9756591
9752701
9744018
9742514
9714593
9714072
9673039
9769546
9769488
9769487
9769474
9769391
9769390
9769353
9769335
9769330
9769325
9769278
9769270
9769269
9769195
9769020
9768884
9768646
9768059
9761028
9755112
9737143
9720863
9719399
9705198
9656465
9527924
9769785
9769723
9769703
9769693
9769689
9769657
9769616
9769606
9769576
9769573
9769515
9769463
9769413
9769363
9769281
9769245
9768992
9747546
9763732
9699352
9683178
9610542
9606798
9526985
9674386
9608703
9763963
9763793
9769902
9769876
9769858
9769851
9769816
9769808
9769743
9769718
9769635
9769621
9769585
9769501
9769500
9769420
9769327
9766605
9766077
9755293
9769859
9750007
9747955
9728511
9727385
9723631
9693954
9632345
9631592
9769528
9735858
9660746
9610607
9733476
9726865
9726425
9691640
9663483
9661376
9661243
9554366
9769909
9755962
9723186
9763512
9763410
9763310
9763572
9760577
9759679
9590870
9763468
9670725
9659339
9713469
9737695
9767718
9514456
9777712
9773839
9659631
9657894
9767000
9764625
9767326
9757929
9660007
9768706
9769867
9769594
9637412
9730925
9757000
9636426
9635934
9717605
9685585
9781808
9769503
9717901
9676731
9723025
9676291
9679222
9787826
9787760
9659902
9660921
9676380
9588877
9579875
9531409
9716517
9716115
9715684
9704838
9689079
9687135
9687021
9686646
9642120
9633734
9630940
9627108
9621112
9620904
9617135
9609333
9693584
9740587
9739899
9743774
9728405
9676155
9666028
9677444
9689168
9689379
9655432
9707730
9723848
9723819
9723806
9723762
9723728
9723697
9722686
9720042
9718141
9717694
9715992
9682847
9651012
9545575
9723543
9719974
9677699
9626633
9724335
9723598
9710706
9707556
9719961
9703636
9498842
9702096
9724595
9708097
9706698
9723262
9723127
9722890
9722853
9720565
9712522
9711045
9710292
9707703
9698247
9650019
9629458
9627123
9627045
9626914
9723508
9723446
9723268
9722610
9708482
9707567
9704026
9699963
9689904
9723319
9723178
9722970
9722882
9722824
9722676
9632161
9595227
9539091
9444473
9715613
9595163
9744714
9731435
9740669
9649522
9683339
9683153
9755164
9705343
9756445
9658551
9650320
9714853
9750554
9750103
9749821
9744658
9742041
9738991
9736219
9736118
9735913
9711859
9750951
9735706
9610764
9723501
9753146
9750965
9750843
9750777
9750624
9750140
9746549
9722613
9672345
9759022
9761933
9750957
9770190
9764363
9763886
9769486
9763999
9750545
9764279
9764156
9756365
9751103
9702443
9620812
9613511
9488242
9770098
9770062
9770047
9770008
9769958
9769855
9769752
9769415
9769273
9748419
9741531
9736643
9732504
9726012
9702631
9770703
9770677
9770653
9770631
9770623
9770618
9770585
9770581
9770579
9770542
9770504
9770458
9770444
9770412
9770348
9770346
9770227
9770101
9770100
9769927
9769411
9767274
9766857
9760690
9759455
9756629
9667259
9546867
9695486
9770077
9769880
9656631
9770419
9770351
9770323
9770312
9770270
9770259
9770255
9770249
9770243
9770228
9770191
9770183
9770162
9770157
9770151
9770125
9770122
9770099
9770096
9770076
9770055
9770011
9769993
9769918
9769866
9764345
9737919
9681421
9615271
9770535
9770523
9770482
9770450
9770431
9770430
9770426
9770411
9770407
9770360
9770329
9770301
9770295
9770284
9770124
9770115
9769960
9769370
9768039
9732261
9682859
9668312
9750240
9715271
9764492
9705150
9630460
9767052
9655436
9714819
9646003
9768344
9764395
9665336
9694943
9770325
9633564
9769954
9782675
9729724
9459021
9646899
9587119
9787936
9582418
9788441
9550674
9788564
9788866
9788724
9738880
9734836
9705919
9705641
9705225
9703918
9689042
9688812
9688712
9679944
9679777
9671233
9626100
9622711
9612036
9600209
9513832
9365611
9734283
9689521
9699209
9728688
9793686
9477081
9677323
9657844
9695234
9620261
9725720
9724198
9725444
9723615
9686739
9723913
9723883
9722135
9719377
9690798
9680378
9675706
9637453
9724379
9724291
9717772
9712193
9691424
9661171
9631437
9724146
9723949
9715193
9713556
9703457
9446055
9724105
9724037
9715573
9715392
9669019
9667496
9666189
9626476
9624925
9722780
9721398
9725179
9679806
9658665
9722375
9710111
9722600
9715472
9722111
9716037
9710625
9691773
9665524
9645377
9710159
9628602
9684132
9726033
9727729
9725178
9726975
9718085
9713775
9695640
9695270
9674348
9684446
9568428
9707029
9718611
9718942
9724624
9710256
9722563
9724664
9740337
9724196
9744319
9686228
9685640
9600887
9600523
9509792
9682117
9047144
9723790
9723968
9721696
9756098
9746403
9739926
9730186
9756195
9741415
9756638
9757584
9757336
9757808
9718636
9749416
9634747
9751653
9745539
9750072
9746545
9720359
9716682
9676047
9751486
9751285
9737510
9605820
9749294
9734843
9759157
9758315
9757944
9543196
9762514
9759165
9751206
9749005
9757532
9755956
9759391
9689912
9651461
9669353
9766551
9767079
9766507
9699931
9678437
9656595
9770871
9770851
9770839
9770826
9770821
9770792
9770781
9770776
9770771
9770754
9770694
9770666
9770634
9770593
9770574
9770460
9769496
9769422
9769282
9769137
9768823
9767957
9767041
9764477
9763811
9653518
9770953
9770946
9770888
9770853
9770813
9770806
9770667
9770648
9770633
9770611
9770551
9770449
9767937
9742237
9733893
9697349
9582180
9770357
9769765
9771024
9770998
9770961
9770960
9770918
9770898
9770880
9770719
9770683
9770010
9768038
9766799
9766443
9761704
9736395
9732937
9613326
9756511
9764733
9751506
9758920
9765168
9762795
9761945
9752258
9765177
9719207
9687967
9679509
9735593
9607833
9766919
9766944
9766381
9768082
9761781
9761779
9761778
9761786
9761783
9761776
9768195
9768186
9768177
9768171
9753178
9768300
9616621
9767072
9548209
9701419
9740594
9771130
9771098
9771080
9771072
9771049
9771047
9771041
9771003
9770991
9770941
9770732
9770219
9768719
9761679
9723338
9713742
9618291
9772906
9738456
9695923
9709911
9646160
9612827
9383061
9691756
9574526
9654756
9631135
9701365
9598951
9727130
9788840
9789159
9738020
9536807
9733466
9730240
9726327
9725212
9724709
9711508
9707126
9699528
9689808
9688645
9686732
9683807
9679511
9679124
9671178
9660915
9658929
9651609
9645765
9622053
9743442
9789293
9789268
9786434
9724290
9789423
9789285
9786462
9712821
9699423
9729113
9726124
9597460
9642838
9678815
9678550
9678603
9697895
9693485
9656548
9656535
9656528
9656562
9656555
9724548
9711007
9661163
9712291
9723784
9723012
9713991
9656841
9654451
9724764
9719089
9714728
9677007
9725342
9722120
9722737
9722431
9466572
8676842
9518798
9703814
9721377
9718381
9721816
9712294
9722068
9719927
9705020
9695690
9653014
9713086
9712851
9623211
9726984
9724265
9709719
9518252
9724572
9724567
9718112
9715545
9700521
9700442
9538198
9536847
9514997
9724794
9724792
9724789
9724716
9724713
9723509
9723350
9720289
9715951
9711399
9704355
9655578
9654767
9724788
9724696
9724682
9724281
9723722
9713125
9604881
9617378
9724806
9710257
9717560
9710222
9729684
9724679
9721948
9721858
9648332
9633020
9300011
9578370
9449005
9472898
9616141
9664642
9714539
9485029
9724814
9724808
9724705
9672392
9716294
9724656
9726352
9725701
9126785
9755453
9737476
9750023
9750054
9739788
9758210
9752946
9758055
9698666
9745408
9752912
9709973
9753548
9753649
9494604
9675514
9753703
9752577
9735589
9735173
9702177
9751342
9677920
9751545
9580554
9752011
9752112
9272230
9271112
9741515
9758544
9741379
9708167
9666928
9583626
9751745
9682640
9656948
9711999
9757335
9767419
9615395
9747284
9770045
9643288
9769323
9770510
9492858
9770189
9768455
9766794
9765431
9765703
9769551
9662138
9753166
9765244
9766048
9723774
9706342
9765220
9746414
9597084
9611992
9765283
9742821
9725988
9725933
9767620
9573713
9550044
9768465
9755481
9768492
9623487
9677517
9765967
9764990
9746115
9720207
9671641
9766694
9758066
9764343
9541313
9593265
9771272
9771268
9771237
9771215
9771167
9771147
9771136
9771108
9771067
9771050
9770891
9769521
9768951
9758457
9717259
9706320
9697119
9697116
9690132
9771603
9771571
9771523
9771520
9771481
9771473
9771406
9771206
9770948
9765914
9765581
9762715
9754645
9743458
9731602
9728794
9724083
9723641
9716877
9771333
9771311
9771310
9771303
9771279
9771263
9771255
9771249
9771242
9771227
9771224
9771200
9771186
9771128
9771008
9771001
9770221
9765147
9756822
9746074
9731242
9731017
9727792
9771466
9771393
9771386
9771384
9771376
9771361
9771356
9771335
9771317
9771297
9771233
9771230
9771022
9771011
9770911
9769286
9768772
9767455
9765787
9758579
9736528
9735522
9733365
9727566
9683020
9666558
9771638
9653869
9723449
9675767
9733527
9736964
9419614
9225441
9735227
9724511
9724139
9673585
9732891
9717337
9722538
9620891
9761463
9669990
9771199
9728451
9740475
9586477
9761492
9734420
9645838
9608719
9739341
9726445
9695543
9660346
9620057
9761208
9535753
9688656
9771601
9739871
9739760
9736977
9735544
9570416
9552780
9509434
9474092
9418755
9411087
9724932
9724876
9724722
9724207
9722612
9690437
9689291
9689237
9689187
9688541
9688355
9686729
9683292
9683112
9681770
9674075
9672593
9665790
9655739
9652701
9650257
9630724
9623696
9623686
9618292
9616023
9612253
9612062
9610860
9609910
9607717
9602244
9636572
9524172
9789647
9789556
9721713
9674753
9723629
9745140
9733705
9729469
9694012
9672480
9624461
9643244
9626169
9599825
9686070
9581343
9725618
9725578
9725528
9725299
9724907
9725855
9725600
9725569
9725283
9708471
9723880
9724401
9724389
9725423
9725367
9725088
9725087
9724976
9722473
9720446
9712281
9705056
9701186
9725227
9725211
9725161
9725138
9725070
9725066
9725048
9724854
9724750
9724012
9723916
9722943
9722628
9710074
9710060
9707239
9706571
9701812
9701151
9657461
9645296
9645112
9684721
9656973
9688772
9662481
9651803
9649405
9725486
9725476
9725274
9725210
9725155
9724799
9724732
9724579
9724413
9722259
9716021
9715872
9715431
9711547
9708639
9704931
9718372
9716664
9670528
9645194
9596974
9725129
9725590
9619252
9707490
9722901
9668069
9717835
9717723
9709810
9652459
9646558
9724958
9724813
9724224
9723554
9704223
9702242
9698573
9740486
9706067
9716421
9718652
9718997
9724897
9734723
9756448
9710271
9732823
9752765
9752392
9752323
9752456
9730222
9752738
9747143
9746371
9743654
9735632
9725492
9667222
9758195
9750540
9758846
9758839
9722086
9757001
9662523
9686519
9762030
9752330
9772221
9756166
9769964
9744033
9770701
9707223
9770971
9720006
9758616
9681865
9765939
9725352
9753748
9707294
9765580
9759684
9759496
9721717
9654676
9715014
9697664
9487443
9486738
9767184
9738957
9752644
9768416
9701980
9765667
9594495
9771909
9771871
9771858
9771821
9771817
9771805
9771800
9771741
9771719
9771660
9770601
9769344
9768648
9768083
9766777
9766197
9766014
9763505
9759965
9758587
9757060
9756781
9749261
9562836
9561795
9665561
9654534
9609269
9772085
9772040
9772036
9772029
9771966
9771941
9771935
9771842
9771841
9771375
9766634
9761515
9760931
9757504
9741388
9715080
9691567
9678189
9772272
9771868
9681799
9771740
9771708
9771702
9771602
9771564
9770280
9769058
9768559
9765788
9750903
9740922
9728860
9772156
9772123
9772122
9772093
9772050
9771889
9771664
9771437
9771321
9771287
9770981
9770561
9769553
9762787
9762220
9757561
9718679
9772142
9771766
9630396
9772020
9729751
9624666
9673212
9651911
9722243
9700840
9672330
9664697
9766683
9771149
9768655
9771331
9772198
9764235
9763454
9645796
9635473
9680421
9614930
9672856
9666965
9658486
9670007
9488818
9487962
9740577
9740261
9734619
9725140
9719130
9708095
9691098
9688629
9687775
9685964
9684335
9678322
9627830
9570317
9791525
9728393
9719949
9643264
9661894
9765293
9765241
9667192
9765349
9790001
9789986
9782111
9643819
9790412
9790311
9783599
9662598
9786596
9700188
9600324
9514992
9725829
9590244
9676988
9680071
9679767
9689436
9651709
9725722
9725503
9725465
9724777
9706499
9705274
9688974
9686304
9671562
9726050
9725781
9725740
9725623
9725478
9725186
9725144
9716004
9710433
9698791
9673528
9645721
9543778
9537788
9505081
9723845
9722322
9710202
9695414
9726104
9726027
9725947
9725867
9725750
9725612
9726334
9726326
9725906
9725710
9725694
9723388
9656349
9443792
9715852
9713524
9695097
9685836
9677469
9723825
9722981
9721925
9478963
9722463
9722204
9718877
9714922
9632421
9725345
9725203
9717677
9723638
9723140
9597150
9523740
9636649
9729938
9747335
9724053
9646876
9736145
9701848
9720027
9718640
9726210
9685346
9726457
9735513
9737258
9750787
9753609
9467931
9753309
9753179
9707821
9456745
9456493
9456416
9456297
9456191
9456025
9455257
9753110
9753336
9753089
9752544
9752394
9675755
9753519
9752965
9736184
9735553
9728328
9749666
9748606
9698390
9672001
9671651
9671470
9671756
9753335
9748246
9759094
9758918
9759445
9725535
8980587
9762229
9762235
9724936
9759108
9772698
9736073
9639566
9441966
9772627
9771583
9771559
9770530
9591111
9750157
9639246
9740631
9764488
9706790
9766451
9769755
9770410
9766458
9703986
9766352
9759137
9638222
9719027
9786547
9767579
9735804
9768405
9771704
9497215
9772575
9772536
9772480
9772439
9772412
9772352
9772343
9772313
9772307
9772066
9772023
9771739
9771319
9771150
9759447
9748298
9742235
9714114
9724873
9771952
9772428
9772355
9772320
9772182
9772154
9772077
9766754
9760257
9753356
9748607
9695253
9772833
9772812
9772806
9772770
9772702
9772676
9772604
9772563
9772556
9772414
9772309
9772285
9772250
9772245
9772152
9772013
9771608
9766899
9759506
9752623
9729149
9680225
9624906
9772879
9772868
9772540
9673461
9772912
9772909
9772886
9772860
9772851
9772814
9772766
9772704
9772696
9772657
9772441
9771843
9771632
9766882
9765139
9763869
9756023
9743397
9736231
9732581
9681961
9772924
9772667
9772629
9772074
9769449
9766795
9763085
9762873
9650315
9766646
9766734
9766686
9763279
9759871
9771079
9771460
9772482
9717532
9679692
9591455
9365199
9772929
9725547
9698348
8880424
9741351
9790868
9790611
9791018
9791273
9739459
9691772
9645434
9771779
9737689
9737548
9737361
9701253
9691763
9691724
9690835
9687831
9684312
9658568
9657757
9650196
9650178
9640012
9639392
9605827
9599753
9475662
9418724
9519711
9772371
9765170
9564077
9699599
9621826
9692078
9679867
9724363
9725703
9702138
9703990
9721974
9722806
9714050
9717306
9726209
9726505
9726839
9724521
9726648
9726851
9726807
9726565
9726426
9726311
9726250
9711196
9710688
9704401
9704131
9703193
9702859
9694372
9640382
9470301
9645803
9726763
9726406
9710358
9703161
9719345
9718064
9726754
9726502
9722718
9695521
9680018
9716986
9720049
9686870
9726317
9747810
9726610
9568278
9726441
9646714
9757033
9753034
9753897
9752477
9753767
9747948
9754024
9753933
9609644
9727782
9720898
9751108
9671858
9761521
9672221
9672099
9760088
9759889
9755625
9762243
9759671
9759641
9708749
9675489
9773208
9763805
9768889
9769725
9770203
9656727
9582503
9731346
9458403
9753502
9787048
9668704
9710581
9597436
9767318
9767223
9767182
9766977
9655225
9771877
9772113
9748739
9772234
9686562
9772596
9773259
9773246
9773234
9773179
9773155
9773123
9773114
9773044
9773027
9772956
9772839
9772788
9771978
9770141
9769942
9768724
9768439
9761242
9760435
9737688
9674365
9741808
9773133
9772988
9772979
9771953
9771292
9770226
9769588
9759594
9725250
9773385
9773374
9773369
9773325
9773317
9773316
9773314
9773296
9773273
9773261
9773252
9773218
9773189
9773162
9773060
9772691
9772148
9770066
9759383
9752320
9751829
9744534
9724790
9719355
9766720
9756550
9766672
9766957
9766883
9766814
9771096
9768428
9759935
9497867
9773480
9773460
9773459
9773402
9773356
9773345
9773222
9772986
9772975
9772786
9772499
9771605
9768337
9765995
9752088
9738817
9773526
9773433
9773387
9773303
9726470
9602332
9466140
9678410
9713521
9620153
9717594
9696244
9735125
9741259
9740797
9727142
9725912
9698935
9696850
9692155
9691978
9685418
9608270
9581544
9558107
9521525
9683216
9589089
9639854
9729206
9488709
9725568
9727236
9724113
9699726
9727344
9724203
9723779
9723606
9720547
9708361
9698734
9590749
9727025
9726994
9726963
9726894
9726630
9725148
9725133
9724891
9723559
9695404
9727134
9727052
9726900
9726390
9726240
9725636
9724283
9723942
9714129
9713568
9713434
9708612
9568712
9539390
9720779
9639291
9737466
9687002
9754014
9754373
9648005
9748352
9761606
9760409
9759546
9567585
9669667
9760311
9675916
9769462
9726541
9767561
9767304
9767698
9767582
9767550
9767651
9762246
9767352
9767523
9767461
9767340
9768567
9768452
9772453
9772722
9770267
9771455
9773565
9773534
9773515
9773489
9772939
9770501
9767418
9760630
9741984
9738041
9729353
9647375
9773651
9773637
9773636
9773626
9773610
9773603
9773596
9773594
9773584
9773389
9773282
9769889
9763643
9751517
9747713
9747585
9711430
9773733
9773729
9773725
9773714
9773689
9773685
9773681
9773675
9773674
9773673
9773653
9773635
9773601
9773260
9772411
9772306
9767476
9763127
9751320
9750172
9745053
9731014
9773806
9773793
9773770
9773763
9773761
9773760
9773752
9773750
9773737
9773710
9773708
9773557
9771354
9767925
9707217
9741523
9739674
9773765
9772436
9644384
9674391
9782059
9725831
9742108
9704339
9699564
9692754
9690514
9673175
9635533
9710734
9760153
9681023
9722386
9721148
9620878
9500819
9727366
9727351
9727280
9712516
9710933
9708439
9708296
9708134
9707955
9703722
9703470
9727286
9725966
9727382
9565252
9727492
9727393
9721339
9675922
9613939
9718221
9628650
9716220
9736402
9718428
9708416
9745916
9754467
9731931
9754474
9651467
9754569
9749925
9725157
9687326
9495569
9751734
9760613
9600715
9770509
9652340
9767756
9767743
9695569
9767784
9767772
9767879
9767877
9767645
9762249
9724013
9723911
9697925
9768170
9719828
9773877
9773868
9773832
9773827
9773812
9773810
9773804
9773798
9773797
9773792
9773767
9773749
9773736
9773607
9773448
9765883
9578978
9774040
9774035
9774034
9774031
9774025
9774024
9774021
9774013
9774009
9774002
9773998
9773986
9773983
9773941
9773818
9773298
9767980
9763916
9761152
9704056
9659885
9773972
9773962
9773954
9773926
9773925
9773891
9773873
9773871
9773823
9772054
9767841
9765314
9757193
9756244
9773937
9773921
9773920
9773892
9773886
9773885
9773870
9773869
9773861
9773854
9773850
9773847
9773742
9771411
9771282
9767791
9744246
9726068
9725938
9713378
9792172
9693003
9692973
9684128
9769483
9773866
9795475
9795537
9634337
9629998
9725586
9724147
9725369
9725106
9698642
9721385
9721756
9721378
9707195
9561632
9727529
9727610
9740796
9739784
9748697
9648753
9751054
9760697
9774176
9774163
9774162
9774160
9774154
9774146
9774145
9774137
9774126
9774116
9770035
9768204
9768174
9749864
9774077
9736928
9766508
9766435
9769076
9767169
9685314
9769071
9770894
9758348
9763518
9465885
9767948
9747375
9767979
9715011
9768023
9768020
9768014
9767928
9742870
9751328
9768066
9754571
9697963
9768167
9771837
9771819
9748432
9772189
9772526
9766743
9766386
9770950
9770938
9772257
9774022
9773999
9773981
9773959
9774072
9774060
9774053
9774052
9774000
9773996
9773960
9773855
9768065
9695098
9774070
9773978
9770959
9765693
9762788
9755809
9749034
9748780
9742252
9741276
9722633
9689825
9640663
9635758
9774135
9774111
9774100
9774079
9774073
9767409
9744382
9630144
9684989
9706134
9734232
9655856
9619988
9692228
9675397
9681988
8722182
8717029
9686785
9721486
9465782
9722154
9725491
9711541
9723258
9716046
9621568
9728928
9729299
9729171
9540969
9729747
9728185
9563182
9614501
9723174
9722975
9753866
9703908
9744297
9549195
9630225
9774235
9774216
9774211
9774200
9774174
9774156
9774205
9774182
9774252
9774245
9774288
9774282
9774255
9774253
9774276
9774273
9771070
9762015
9774298
9774297
9778016
9769338
9769193
9769562
9768593
9736959
9770639
9770799
9770768
9770764
9568710
9519123
9769063
9770039
9763053
9452124
9713642
9768358
9639832
9772581
9770441
9640120
9773509
9773431
9773813
9773722
9566266
9777227
9751321
9774326
9774312
9772004
9774332
9774342
9774338
9774367
9774366
9774365
9774363
9709651
9653997
9774405
9774409
9774443
9774423
9751775
9713580
9682209
9773851
9773878
9774049
9765239
9774310
9774306
9759778
9710289
9772082
9535393
9774456
9694126
9586074
9692232
9585344
9599930
9794523
9693600
9668936
9610480
9608119
9675838
9324529
9739806
9626144
9607327
9607280
9588563
9724355
9591118
9722366
9727777
9726592
9725515
9727876
9727878
9715689
9681529
9655435
9727926
9719906
9694328
9592666
9463153
9725362
9682826
9728004
9497216
9726320
9728014
9727984
9727988
9726245
9728070
9730247
9727947
9642887
9594056
9751332
9751388
9747400
9726535
9732627
9636720
9758350
9496384
9750174
9582419
9582310
9774657
9774620
9774601
9774593
9774583
9774540
9774508
9774479
9772448
9772423
9770107
9755214
9732212
9724754
9715899
9692890
9676620
9675644
9774219
9774218
9774212
9774180
9774173
9774251
9774243
9774283
9723095
9774280
9774278
9774302
9774300
9774294
9775194
9775034
9614465
9770022
9717060
9770814
9629546
9774502
9754099
9714889
9768510
9656500
9651755
9768501
9709511
9768312
9768373
9769650
9772845
9769665
9773028
9772944
9772549
9773494
9776431
9773503
9682831
9642859
9774461
9774459
9774433
9774396
9774501
9774500
9774486
9774484
9774428
9774425
9770974
9768433
9768355
9758088
9758070
9733732
9733670
9733619
9731910
9722282
9704043
9652005
9747659
9709223
9768368
9739908
9739148
9774544
9774524
9774522
9774499
9774490
9774480
9773249
9722152
9770903
9681579
9703847
9629494
9719951
9691761
9654151
9742964
9693440
9625944
9506756
9476895
9602893
9604227
9676526
9670457
9670349
9670288
9692678
9718060
9725422
9633029
9690357
9688547
9721928
9525363
9726650
9726449
9722441
9728015
9715097
9463001
9728221
9728161
9728047
9727270
9717745
9713251
9693713
9689155
9683581
9633076
9608839
9728116
9728104
9728276
9728263
9728173
9728154
9588319
9707451
9679569
9722798
9728330
9728301
9721788
9688519
9688424
9677860
9677632
9617207
9728332
9728046
9730956
9701595
9728239
9663238
9676783
9729991
9682546
9652050
9711509
9745206
9535809
9755436
9747850
9735421
9755620
9598663
9728679
9627899
9755591
9741313
9737883
9774578
9774431
9774769
9774757
9774748
9774736
9774735
9774706
9774688
9774659
9774648
9774236
9732296
9722938
9722212
9715320
9693579
9706760
9774839
9774833
9774816
9774790
9774787
9774455
9774207
9768890
9768809
9765793
9763089
9754945
9730465
9724406
9774224
9774121
9774229
9768149
9656572
9587574
9775015
9774979
9774973
9774948
9774912
9774906
9774899
9774884
9774805
9774800
9774739
9773657
9772772
9772188
9765363
9743902
9727989
9772208
9769093
9716594
9584045
9755640
9769961
9768263
9730940
9770645
9770049
9768213
9768201
9583399
9762853
9650988
9724816
9661482
9606457
9758408
9751961
9769514
9682751
9686026
9682888
9756578
9756028
9768976
9758239
9705096
9773382
9774319
9761421
9629192
9773933
9769905
9774065
9770756
9774108
9730290
9747752
9775167
9775144
9775065
9775060
9775040
9775037
9775010
9774972
9774968
9774966
9774944
9774924
9774852
9774755
9773090
9770127
9769008
9766778
9728634
9724447
9653752
9653545
9508649
9636786
9630459
9775001
9715396
9774975
9774765
9749645
9589245
9544258
9654569
9603255
9793837
9546465
9702322
9616061
9579899
9627279
9664764
9664959
9705398
9694406
9690425
9651530
9566053
9500995
9648921
9537863
9740714
9738089
9734220
9679280
9676100
9657940
9651285
9615569
9615346
9546754
9532805
9496059
8888999
9672425
9677584
9682561
9645295
9643262
9726165
9723123
9723619
9729373
9728745
9728665
9728610
9685703
9580787
9575722
9728399
9728189
9721230
9719937
9592800
9720438
9728520
9728236
9723220
9722978
9598621
9704782
9728597
9728552
9728492
9726429
9725806
9721977
9720052
9665759
9728424
9694378
9730080
9573344
9739500
9708652
9574514
9756181
9753984
9752273
9744478
9750509
9749553
9756519
9756404
9756352
9731845
9722577
9712986
9746252
9697473
9759575
9756286
9774561
9774233
9657902
9657741
9768991
9729532
9769495
9769349
9696602
9676347
9664594
9769477
9752236
9716084
9749550
9572894
9699787
9666497
9769445
9756084
9617672
9755812
9675303
9771738
9720866
9714595
9697881
9771250
9747191
9747042
9746859
9741005
9691122
9691012
9690684
9689252
9774467
9752179
9775671
9775664
9775642
9775641
9775618
9775616
9775599
9775563
9775553
9775544
9775512
9775485
9775222
9775210
9775207
9774987
9774144
9773487
9773353
9770828
9756314
9756270
9755896
9715605
9702504
9775831
9775822
9775796
9775779
9775761
9775757
9775735
9775699
9775696
9775585
9775577
9775505
9775412
9775275
9775066
9775003
9770377
9755406
9753972
9716870
9716019
9672961
9648636
9743491
9775897
9773038
9740197
9730585
9710601
9508392
9775325
9775285
9775249
9775237
9775138
9775094
9775092
9775075
9775071
9775054
9774465
9771109
9770418
9767323
9763134
9749959
9744248
9711952
9686946
9660841
9634525
9775551
9775480
9775475
9775420
9775415
9775401
9775348
9775344
9775342
9775331
9775264
9775244
9775215
9774670
9766499
9765716
9764507
9762827
9757807
9775382
9643199
9780357
9775112
9700716
9781183
9600368
9757605
9688824
9793324
9755564
9587352
9694338
9709028
9728683
9694312
9686947
9663670
9657841
9654826
9646207
9706201
9794076
9694523
9723460
9723369
9728797
9728915
9728874
9728861
9728767
9728738
9728602
9725936
9728428
9717163
9703169
9642424
9728980
9728943
9720914
9573974
9729565
9726570
9726787
9598932
9728791
9725759
9744704
9707712
9603553
9729160
9728048
9752175
9756924
9756774
9756766
9756669
9756654
9756626
9756042
9750788
9741633
9739820
9732069
9726658
9711983
9757131
9757059
9753678
9757294
9757208
9757187
9756671
9739175
9729816
9714841
9757340
9757314
9757265
9683596
9756942
9757791
9720005
9746930
9757016
9756871
9774304
9767018
9766006
9776269
9776245
9776231
9776230
9776206
9776168
9776157
9776120
9776111
9776101
9776055
9776002
9775940
9775884
9775862
9775297
9775229
9774355
9771801
9768739
9764987
9757159
9748795
9747819
9744837
9734587
9728197
9724306
9721815
9721662
9711513
9707512
9695052
9776441
9776419
9776406
9776403
9776371
9776368
9776359
9776358
9776333
9776324
9776203
9776098
9776081
9775534
9775294
9769337
9764045
9776466
9731940
9712897
9663513
9659480
9600155
9769119
9769990
9739451
9769771
9729218
9770281
9609782
9758870
9763984
9613219
9770649
9771526
9765301
9688146
9704531
9765956
9754171
9677173
9615568
9776029
9776025
9776010
9776007
9775985
9775956
9775943
9775937
9775931
9775920
9775917
9775896
9775888
9775829
9775805
9775797
9775748
9775623
9774582
9773971
9773897
9773845
9767372
9766832
9775212
9750211
9721365
9716304
9693711
9654317
9774330
9774277
9772445
9770766
9770352
9761666
9760797
9751210
9744786
9743786
9776623
9776620
9776589
9776564
9776558
9776542
9776463
9776448
9776400
9776394
9776345
9776150
9776046
9775494
9677132
9764150
9365643
9756906
9756720
9755189
9760304
9613965
9620861
9793640
9769630
9662070
9648149
9744937
9744801
9743981
9731021
9701120
9693898
9673033
9549632
9437963
9708019
9719506
9712949
9448579
9725196
9724217
9706953
9652381
9646768
9727919
9727960
9727998
9728187
9715286
9728137
9728061
9726373
9662279
9645979
9678779
9679531
9672587
9672038
9729104
9728846
9684795
9728379
9725713
9729230
9648843
9729430
9729363
9653878
9729461
9728291
9716420
9711704
9739198
9588270
9729172
9649149
9729215
9729191
9677207
9659320
9482379
9746561
9660564
9757562
9757517
9757443
9748106
9757681
9751379
9678688
9677610
9677273
9666054
9757779
9757733
9757729
9753831
9746159
9679056
9671415
9527684
9641923
9744055
9733024
9759537
9724602
9724151
9721679
9755087
9721978
9572521
9580337
9772630
9774856
9774783
9774676
9774267
9776854
9776850
9776790
9776784
9776758
9776757
9776736
9776735
9776734
9776713
9776705
9776698
9776682
9776618
9776592
9776573
9776514
9776513
9776509
9774322
9774307
9766473
9762483
9762479
9762475
9762471
9762466
9762463
9753377
9728339
9723985
9677130
9547631
9776947
9776927
9776908
9776895
9776893
9776888
9776869
9776868
9776832
9776798
9776679
9776574
9776526
9776471
9776407
9776326
9776317
9771894
9770356
9769737
9767613
9766664
9752716
9715781
9632762
9623051
9617075
9588292
9777077
9777064
9777044
9777026
9777019
9777015
9777011
9777009
9776991
9776984
9776983
9776959
9776920
9776670
9776633
9776538
9776493
9766512
9777202
9777177
9777164
9777159
9777152
9777132
9777116
9777110
9777101
9777096
9777089
9777086
9777048
9777040
9777000
9776912
9776885
9776782
9776549
9776028
9774335
9763895
9763591
9757986
9752627
9713722
9621417
9776671
9757444
9770755
9770779
9752288
9559681
9751095
9615749
9678311
9765136
9771075
9615857
9615114
9756414
9767221
9766887
9764834
9769985
9729619
9776684
9775008
9774444
9768398
9770153
9774528
9774475
9776685
9775652
9774949
9774877
9775102
9775045
9762457
9776615
9616662
9508087
9509170
9792892
9741479
9794254
9563512
9732989
9725255
9724404
9722646
9712049
9690087
9669493
9650423
9761142
9678499
9617629
9590002
9683295
9682432
9665980
9715940
9727657
9727683
9684406
9724351
9723183
9696318
9680501
9700400
9699409
9641576
9729155
9729626
9729199
9647895
9729521
9726901
9629505
9580656
9729478
9729407
9724496
9490656
9482472
9729683
9729651
9622504
9729590
9646783
9628476
9724358
9728369
9695847
9728589
9728957
9679023
9676639
9676289
9695887
9722248
9722110
9687970
9729925
9729713
9723058
9722869
9722019
9683055
9730156
9730068
9690615
9683353
9747365
9695987
9721070
9702042
9701726
9702811
9753080
9669468
9758057
9756609
9639701
9177971
9755645
9751990
9676409
9755166
9476208
9475927
9690305
9758221
9751546
9757913
9758263
9698894
9756376
9762819
9762730
9720579
9770170
9773974
9762482
9737553
9776857
9776799
9769498
9765527
9778779
9769388
9755877
9756898
9765523
9765500
9767188
9715066
9696275
9737951
9769779
9707552
9716982
9771676
9771516
9769554
9771218
9763809
9765687
9771208
9771407
9771265
9771074
9756346
9670310
9773766
9777280
9777256
9777248
9777226
9777212
9777199
9777190
9777182
9777169
9777168
9777134
9777038
9776937
9776721
9776496
9774334
9773743
9655291
9675638
9659992
9560620
9777455
9777416
9777414
9777411
9777382
9777371
9777367
9777351
9777340
9777337
9777328
9777317
9777300
9777283
9777266
9777245
9777242
9777156
9777095
9776364
9774889
9771728
9770108
9753061
9752594
9745792
9744829
9777543
9777542
9777498
9777472
9777436
9777378
9777370
9777293
9777290
9777259
9777217
9776948
9776941
9776903
9776641
9776588
9776194
9773046
9765876
9764858
9753995
9751226
9677021
9661471
9661048
9655938
9777627
9777570
9777559
9777495
9777493
9777490
9777403
9777386
9775766
9693991
9588406
9775591
9772584
9766820
9531811
9772223
9774623
9757953
9757202
9756074
9693418
9722295
9776845
9764421
9684483
9655768
9622887
9726051
9660942
9701227
9755515
9794507
9738034
9745731
9744925
9740333
9733130
9729400
9728470
9724510
9722884
9721892
9703821
9689338
9686414
9678610
9677407
9660884
9655842
9524995
9496391
9712436
9671576
9667082
9686236
9646209
9725598
9722565
9724939
9728799
9728798
9729712
9729710
9729672
9729356
9729291
9726923
9708226
9729746
9729549
9716971
9729231
9729042
9648530
9688425
9633580
9696330
9665948
9692083
9752162
9746846
9651014
9604959
9274176
9758355
9717095
9758596
9757505
9752657
9758636
9753361
9743723
9736085
9734777
9758786
9753320
9758944
9758826
9757236
9752866
9745991
9735088
9774632
9680524
9717194
9774727
9776751
9722014
9776280
9770000
9778144
9778136
9778128
9778122
9778081
9778058
9778047
9778034
9777992
9777955
9777916
9777904
9777877
9777859
9777816
9777789
9777757
9776899
9733539
9723327
9723293
9672980
9652553
9778362
9778359
9778346
9778221
9778170
9778162
9778159
9778103
9778075
9777475
9776127
9774715
9762028
9723418
9723367
9723203
9685013
9736851
9777633
9623439
9683653
9643349
9735216
9673871
9722216
9766021
9765691
9722076
9722987
9708077
9765918
9765779
9734781
9775825
9676799
9605496
9766165
9764933
9758566
9771940
9738100
9772010
9762289
9732382
9777759
9774114
9777928
9777892
9777762
9777691
9777600
9777517
9777166
9777061
9775965
9775067
9765976
9749865
9636212
9777829
9777826
9777821
9777738
9777650
9777594
9771549
9763460
9754341
9751732
9670063
9591134
9589692
9767106
9775323
9770606
9776554
9777662
9688395
9675402
9642612
9602672
9695741
9704755
9517049
9691345
9716619
9684963
9692859
9794654
9794861
9648524
9701652
9597866
9725333
9666337
9541861
9608486
9539077
9486973
9685568
9713328
9679311
9729948
9730024
9729986
9707269
9730102
9724756
9735429
9756705
9708093
9435094
9735838
9457856
9729996
9759131
9759056
9753409
9574854
9755783
9729564
9759189
9759356
9759312
9759229
9759201
9758863
9748194
9659748
9759528
9759468
9759417
9759278
9759274
9662580
9730092
9756963
9759579
9749140
9405181
9771253
9774819
9776659
9776585
9776801
9776686
9773330
9776911
9652564
9778569
9778551
9778539
9778474
9778455
9778406
9778387
9778353
9778158
9778095
9777671
9777500
9774150
9771685
9769966
9750305
9748723
9778736
9778721
9778693
9778626
9778622
9778575
9778360
9778311
9777856
9777306
9771598
9766911
9765491
9756175
9715878
9683654
9778876
9778866
9778832
9778826
9778825
9778820
9778792
9778790
9778783
9778744
9778738
9778730
9778561
9778537
9778524
9778517
9778497
9778176
9772761
9726170
9725698
9698004
9687202
9571516
9767781
9769893
9713627
9772452
9771653
9751370
9772318
9772211
9758209
9772642
9772576
9772905
9610842
9722834
9766753
9772465
9772896
9661162
9574486
9777003
9669454
9773408
9772752
9773918
9777704
9604041
9720449
9686787
9774213
9702040
9771013
9778954
9790645
9251345
9202764
9661351
9709668
9765280
9778751
9593279
9759437
9793976
9728214
9664439
9745598
9745238
9693811
9794660
9759993
9795082
9701734
9581572
9686749
9690117
9729722
9728196
9616885
9726497
9728899
9730121
9692260
9725711
9726700
9730103
9729404
9730272
9730238
9727095
9746039
9753633
9692592
9759602
9756146
9734155
9679903
9752145
9747107
9757523
9752346
9746122
9666922
9665112
9774257
9771690
9774204
9774728
9772305
9686401
9683743
9778489
9769029
9777509
9766394
9702240
9745244
9586003
9547903
9421539
9760106
9650451
9361570
9773168
9772756
9706708
9773034
9772819
9772402
9738958
9766800
9698161
9682617
9682314
9767012
9616722
9765612
9739099
9773477
9773318
9773518
9773517
9603385
9773778
9777141
9479413
9457698
9777310
9752479
9587588
9776929
9696062
9730802
9776357
9778929
9729477
9576901
9730062
9719282
9778869
9772475
9768349
9779316
9795149
9693380
9682038
9687011
9730350
9713002
9730433
9619574
9619527
9520468
9730395
9692648
9757632
9740943
9503176
9754049
9760431
9760407
9760336
9597315
9760266
9760227
9597491
9752806
9597162
9653441
9776616
9672470
9778173
9720193
9767286
9760248
9773628
9773598
9736644
9678246
9773350
9777920
9795375
9633191
9722706
9687322
9722762
9728243
9648316
9711486
9687602
9687586
9730539
9562497
9760203
9760531
9757527
9597849
9597701
9638075
9760643
9759411
9743433
9777724
9773919
9776410
9741494
9766616
9768140
9774006
9773904
9773809
9728830
9774033
9774029
9780048
9777771
9780016
9795512
9715608
9715915
9728919
9728857
9704972
9683882
9729413
9728188
9730605
9730624
9730617
9730615
9729324
9673616
9558780
9734214
9696158
9731444
9756941
9774187
9774171
9774153
9774151
9774191
9776160
9775928
9769810
9760761
9760641
9697139
9770818
9771235
9774388
9774403
9774413
9774089
9742819
9774143
9774138
9774124
9774113
9774104
9774101
9774091
9774075
9664734
9776414
9771095
9773735
9773682
9773788
9780110
9794831
9617806
9603354
9660082
9664870
9656881
9670768
9614282
9727901
9729312
9742931
9732304
9731404
9664756
9736342
9726589
9736679
9735902
9688542
9734430
9728539
9682091
9732817
9657343
9731716
9630509
9731501
9731493
9686502
9731025
9731140
9731353
9731344
9731407
9756783
9741355
9761592
9758600
9633969
9774240
9774946
9776993
9776923
9776177
9775830
9762183
9778055
9778544
9631463
9431042
9734484
9733306
9764932
9764828
9765284
9765199
9782941
9252780
9782609
9784940
9784682
9779881
9784465
9784403
9779815
9774920
9772375
9784920
9776499
9781219
9477276
9768737
9741166
9683108
9784371
9777549
9754266
9720504
9648596
9786511
9653611
9786536
9751923
9786456
9786449
9786468
9762265
9786576
9771286
9786609
9783252
9786658
9774882
9767258
9697372
9673145
9331335
9766921
9768235
9522399
9780663
9772276
9780774
9757161
9694441
9693856
9777223
9777457
9774348
9774353
9774351
9774360
9768406
9774453
9774437
9774427
9636113
9608417
9607318
9775439
9760405
9775974
9700973
9775265
9711982
9750275
9780413
9733542
9735956
9780449
9780128
9779875
9779698
9780496
9780155
9779391
9705295
9608085
9780512
9777053
9653177
9780531
9780529
9780215
9780097
9779614
9779301
9777512
9774269
9759842
9721790
9780582
9780566
9780553
9780551
9780541
9780246
9780221
9780196
9780180
9780176
9780162
9780159
9780113
9780038
9779711
9702745
9702517
9780560
9780302
9780096
9778300
9767203
9675668
9506566
9776422
9769652
9701552
9653521
9780283
9780330
9780326
9780315
9780353
9780211
9780343
9780374
9780406
9780396
9780383
9780382
9780118
9703643
9649267
9781407
9779718
9781865
9781400
9780526
9783645
9784928
9777262
9772408
9785755
9778190
9723876
9786168
9785945
9781715
9720763
9782154
9783390
9783369
9783358
9774281
9742678
9607561
9601062
9786357
9780298
9775280
9786213
9704418
9786389
9767949
9505499
9692138
9705189
9792465
9691340
9789732
9674491
9779986
9560859
9491133
9721878
9563641
9721793
9727398
9677422
9729448
9724901
9721819
9741136
9575061
9732349
9719964
9718670
9718280
9745593
9594107
9661001
9736729
9736735
9713150
9719210
9731713
9731580
9532019
9728471
9702048
9687856
9732176
9725981
9650161
9637135
9731797
9731895
9710879
9731525
9621169
9725236
9582562
9582527
9728289
9726402
9731423
9731690
9726718
9725914
9706688
9734387
9728256
9747593
9735200
9708509
9755525
9680622
9716936
9762646
9759004
9754077
9761985
9758190
9721165
9713831
9770119
9763588
9763465
9745193
9713530
9687796
9777592
9769010
9732510
9759593
9733927
9641474
9782759
9782678
9654911
9784491
9784319
9779149
9546986
9786718
9761811
9786765
9786753
9786723
9779692
9640942
9583113
9740897
9740464
9786822
9786808
9786802
9786801
9786795
9786790
9786781
9786772
9786769
9786767
9785978
9782236
9786877
9786868
9786854
9786839
9786815
9786793
9786744
9785584
9735195
9702388
9549648
9622032
9780271
9779765
9767457
9777913
9768985
9786559
9786556
9786574
9760433
9786617
9786632
9786643
9598138
9786944
9786909
9786892
9786889
9786882
9786508
9786315
9779903
9762431
9751935
9746276
9510266
9766888
9749779
9749314
9594623
9766588
9733794
9780793
9780781
9780770
9780768
9780765
9780755
9780754
9780740
9780658
9780636
9779973
9779832
9779828
9779816
9779572
9779491
9779104
9779087
9777670
9777546
9773365
9772876
9764380
9756794
9755804
9754338
9749222
9748030
9718605
9709690
9780836
9780776
9780733
9780654
9780317
9779753
9776372
9775238
9611235
9780827
9780775
9780070
9772900
9777014
9698154
9650836
9776539
9770982
9770568
9715178
9733168
9774339
9774357
9774504
9774496
9773843
9662962
9774517
9775460
9775406
9775190
9775647
9775963
9775676
9774711
9779672
9774293
9780450
9780448
9780459
9780466
9780469
9780468
9650141
9641014
9628133
9778877
9640028
9780489
9713147
9780487
9780209
9780085
9768726
9780615
9780598
9780595
9780592
9780160
9780122
9779715
9779677
9779320
9774606
9768176
9767917
9767587
9763828
9780650
9780648
9780644
9780587
9780214
9780151
9779754
9779745
9779656
9776073
9773358
9767881
9681603
9779964
9779838
9778992
9777518
9776818
9776184
9771920
9771553
9768923
9768577
9763977
9760656
9755147
9752935
9727167
9705075
9679600
9780718
9780710
9780702
9780691
9780683
9780682
9780678
9780677
9780477
9780198
9780190
9780320
9780349
9780312
9780373
9780355
9780318
9780203
9754646
9739829
9650389
9642109
9742381
9779990
9782057
9745423
9782619
9718057
9614248
9614120
9609810
9478802
9774535
9785571
9766080
9763627
9786166
9775236
9777395
9760590
9779670
9777140
9783427
9780119
9767892
9790989
9610040
9742844
9755629
9780753
9780359
9728411
9619213
9618320
9635130
9421868
9626957
9691813
9691601
9691494
9691304
9689816
9649324
9686792
9725622
9692508
9681941
9680033
9713297
9681587
9725978
9728007
9666844
9715934
9717810
9705446
9707405
9735174
9693386
9543086
9689460
9683012
9691114
9675894
9603025
9730625
9639700
9735642
9704512
9620614
9490488
9636850
9713579
9708228
9733734
9733692
9630089
9722430
9732935
9731783
9577858
9660386
9639011
9732668
9733078
9731973
9718412
9716299
9704937
9704770
9692134
9635600
9598201
9668820
9648999
9578079
9732163
9725256
9625426
9596937
9712708
9707136
9731771
9722699
9714008
9694461
9705918
9647172
9730405
9730002
9729998
9730825
9679723
9676394
9730863
9730565
9717203
9730789
9516869
9713095
9679949
9531277
9696222
9732028
9731842
9708996
9595791
9760521
9694533
9762989
9762589
9774753
9752764
9742666
9774181
9774941
9774801
9774708
9774628
9774284
9748217
9626193
9775151
9776743
9639251
9667457
9778277
9731964
9695559
9649115
9502096
9604094
9769991
9769760
9770470
9770943
9763222
9755731
9752593
9404273
9761549
9765902
9763282
9623428
9600828
9738986
9764075
9769135
9781809
9782919
9780924
9787297
9787295
9787289
9787287
9787240
9787188
9787163
9787091
9786945
9785014
9781971
9779254
9773881
9767665
9584473
9715469
9574731
9787440
9787398
9787387
9787299
9787271
9787234
9787116
9786400
9786146
9777109
9758854
9758535
9757461
9742992
9737546
9787059
9787046
9787041
9787035
9787034
9787024
9787021
9786989
9786968
9786798
9776627
9775173
9772945
9615038
9572293
9787183
9787170
9787159
9787154
9787151
9787149
9787127
9787120
9787108
9787104
9787065
9787058
9787028
9786982
9768925
9768622
9765843
9763801
9757942
9755969
9755508
9706453
9784019
9786535
9772710
9780472
9786640
9786641
9725957
9787056
9541734
9568604
9670450
9637284
9770598
9764093
9657773
9660264
9772422
9766898
9770192
9736152
9553314
9513078
9780756
9770791
9633750
9614009
9585871
9780901
9780866
9780864
9780856
9780855
9780847
9780844
9780843
9780823
9779898
9779581
9779427
9778566
9778303
9775520
9771171
9765392
9764410
9744966
9736706
9674099
9781064
9781058
9781055
9781046
9781014
9780992
9780965
9780951
9780946
9780943
9780937
9780935
9780925
9780735
9780147
9780027
9780002
9779995
9778817
9776725
9776050
9764145
9762497
9759585
9781194
9781135
9781120
9781107
9781090
9781072
9781050
9781047
9781039
9781021
9780734
9780228
9779886
9779541
9779370
9779346
9778980
9778638
9777677
9745814
9722035
9689024
9532559
9598040
9548552
9781337
9781287
9781266
9781246
9781196
9781190
9781187
9781138
9781056
9780973
9780210
9780205
9780177
9779450
9779069
9777432
9777103
9775096
9772524
9771491
9768996
9768777
9760315
9752210
9740416
9738810
9737835
9728475
9697935
9694127
9682687
9671097
9665982
9548258
9524063
9310320
9654165
9775183
9774950
9774368
9774364
9774414
9759216
9740458
9638183
9775328
9772132
9648437
9754088
9775084
9658011
9775201
9775025
9716644
9531138
9751360
9633468
9609363
9776436
9747277
9779998
9780458
9780453
9774369
9774356
9774370
9780584
9743312
9775633
9780653
9780251
9780381
9781387
9781385
9781381
9781327
9781252
9781218
9780869
9780297
9780193
9743283
9736829
9648111
9579326
9781248
9779223
9756165
9781354
9781113
9780011
9725297
9550910
9780934
9772433
9781226
9779148
9713950
9631128
9605300
9569723
9513988
9776827
9759814
9741815
9739568
9626689
9716983
9674270
9587974
9527664
9762902
9780882
9774675
9676981
9761694
9780273
9773546
9530389
9779306
9767247
9763032
9781094
9767769
9532132
9779583
9765590
9678935
9787413
9779568
9785380
9556802
9720745
9787061
9780846
9688459
9670286
9679690
9648640
9694097
9361330
9795688
9690287
9544832
9458067
9722544
9722778
9720668
9743958
9744288
9684071
9696260
9692946
9716117
9716718
9736275
9679195
9732685
9732475
9736173
9732477
9726808
9732416
9570692
9732651
9672628
9719311
9732266
9737856
9738203
9617033
9732445
9732377
9732090
9726614
9716043
9715553
9706920
9667656
9552428
9719076
9717117
9598658
9541069
9637152
9635009
9632038
9725788
9716365
9711922
9711315
9694298
9732278
9732235
9732229
9732214
9732127
9729374
9728518
9732286
9732106
9705419
9638188
9670466
9643537
9601846
9598499
9521321
9726859
9725177
9725098
9718581
9710163
9730260
9730868
9604759
9731292
9728793
9689901
9730929
9733232
9711811
9751303
9751164
9751374
9627539
9546159
9751401
9679393
9716271
9660372
9774081
9773989
9734070
9774754
9777896
9775719
9637007
9769360
9763934
9710388
9763395
9769484
9758591
9769654
9769587
9748332
9655471
9742056
9770293
9750019
9739834
9763561
9735896
9734893
9759319
9781367
9781662
9782005
9775898
9706963
9647826
9781903
9781429
9770556
9781992
9781019
9775823
9772252
9786916
9774148
9787036
9750184
9749166
9748278
9732576
9620663
9596551
9787588
9787568
9787527
9787475
9787407
9787373
9787261
9786954
9782100
9781985
9781045
9781784
9778496
9763214
9762386
9758761
9736753
9718779
9685144
9671166
9627610
9624345
9624115
9562328
9764116
9759358
9748359
9617143
9787688
9787680
9787679
9787674
9787649
9787610
9787580
9787511
9787491
9787473
9787252
9781830
9780129
9778147
9773404
9787998
9787992
9787951
9787919
9787904
9787868
9787822
9787756
9787752
9787719
9787665
9787592
9787590
9787453
9787441
9787229
9786424
9784187
9781869
9779730
9776875
9776041
9719421
9704597
9769624
9684700
9766317
9743863
9589178
9551510
9756011
9683946
9775694
9732375
9775637
9775304
9611728
9775667
9775444
9710528
9621676
9775780
9775258
9775169
9744519
9730492
9660405
9775217
9774958
9768143
9780238
9780364
9781487
9781334
9781139
9779926
9778966
9778308
9777871
9775358
9769070
9767448
9754946
9751080
9728159
9717341
9649523
9643667
9501001
9751854
9664843
9633198
9781664
9781643
9781618
9781613
9781574
9781568
9781502
9781500
9781499
9781483
9781421
9781405
9781340
9781232
9781066
9780270
9780092
9780062
9779999
9779867
9779518
9778937
9775783
9772817
9772632
9772342
9769378
9764050
9728002
9537538
9781721
9781714
9781689
9781614
9781609
9781538
9781498
9781153
9780168
9780079
9780045
9780028
9779868
9779243
9778906
9777178
9776524
9770675
9767076
9757175
9702825
9700666
9615694
9576870
9781993
9781937
9781918
9781884
9781879
9781877
9781836
9781832
9781831
9781792
9781771
9781753
9781659
9781642
9780602
9780204
9780200
9780187
9780026
9779957
9779939
9777028
9776170
9775875
9775542
9775014
9781861
9781820
9781463
9780261
9765169
9740626
9738908
9698994
9781518
9778830
9335899
9716026
9682604
9550053
9781844
9780222
9780009
9778282
9781928
9780258
9780226
9714334
9788189
9788123
9788113
9788108
9788094
9788085
9788052
9788050
9788044
9788039
9788032
9787995
9787956
9787943
9787918
9787897
9787845
9787629
9784763
9780142
9779866
9772335
9769489
9758567
9752196
9715802
9707368
9756141
9781242
9769165
9620416
9782865
9688617
9787563
9740307
9781539
9624315
9770114
9787993
9726268
9699155
9644596
9644395
9642265
9642084
9662691
9722863
9697299
9728779
9729136
9723292
9729900
9732408
9714956
9732766
9725494
9628310
9732200
9733432
9733363
9468443
9719211
9732963
9732833
9732536
9732309
9618575
9586226
9732925
9732371
9725437
9722899
9708678
9702216
9649309
9563225
9563184
9532672
9521169
9515520
9733318
9733294
9733268
9733131
9733105
9732871
9731849
9732808
9732618
9726593
9597548
9593710
9570559
9515323
9733325
9733307
9672466
9606128
9730737
9711927
9730997
9730983
9731043
9731069
9730933
9731004
9741241
9762759
9750817
9756730
9756979
9757065
9639532
9759381
9731846
9761234
9776381
9776519
9776380
9776341
9774699
9778516
9758119
9751750
9759661
9770715
9725292
9689676
9770494
9747706
9690414
9755613
9764180
9746060
9782310
9782691
9782584
9782299
9779852
9782823
9782690
9782685
9782575
9782556
9782536
9782186
9782101
9781658
9777851
9774020
9782150
9780171
9734133
9782770
9782231
9782131
9782108
9782070
9782049
9779928
9782349
9782282
9749164
9784068
9782075
9783434
9783223
9780166
9786655
9781856
9782420
9782073
9763988
9677392
9766923
9567008
9684178
9603629
9771141
9608649
9650650
9776057
9745852
9698132
9756579
9754172
9776489
9776258
9520034
9778857
9780518
9768113
9630939
9579984
9781547
9781823
9779826
9747093
9782535
9782173
9747908
9755635
9781037
9632002
9551098
9782157
9763763
9785474
9782090
9781345
9782476
9629267
9782539
9781904
9782599
9782248
9782044
9782223
9782746
9782727
9782726
9782723
9782717
9782712
9782693
9782689
9782612
9782604
9782581
9782548
9782542
9782531
9782525
9782448
9782443
9782398
9782393
9782388
9782269
9782088
9781296
9780127
9776887
9776405
9773822
9748571
9741658
9692822
9678093
9654722
9653695
9648648
9638194
9625798
9781864
9781600
9782280
9782078
9782673
9782297
9782289
9782119
9779968
9648325
9711665
9746262
9746006
9737237
9694118
9554850
9788388
9788365
9788327
9788321
9788317
9788315
9788310
9788301
9788297
9788294
9788288
9788267
9788253
9788205
9788194
9788143
9788126
9787876
9787861
9785241
9781759
9780430
9774579
9768509
9767722
9757207
9752997
9741106
9738417
9788573
9788535
9788531
9788498
9788476
9788468
9788465
9788425
9788414
9788401
9788387
9788379
9788345
9788325
9788292
9788234
9788166
9788159
9788130
9788128
9781417
9678321
9788742
9788729
9788681
9788656
9788646
9788643
9788599
9788594
9788589
9788527
9788449
9788357
9788257
9788247
9788173
9787911
9782752
9782095
9780157
9744532
9673404
9743485
9731359
9729234
9686912
9675690
9659746
9788888
9788880
9788854
9788853
9788834
9788832
9788821
9788812
9788809
9788805
9788784
9788773
9788756
9788751
9788746
9788743
9788694
9788692
9788690
9788667
9788665
9788658
9788653
9788630
9788626
9788623
9788486
9788426
9788359
9787729
9785042
9782588
9781859
9775549
9762889
9761723
9788865
9788448
9619825
9788786
9665025
9573355
9723401
9757220
9453883
9387825
9671010
9652650
9650197
9676677
9678183
9695243
9670601
9584428
9684878
9621386
9588885
9705312
9722689
9717374
9710533
9673755
9651232
9691192
9624524
9728049
9645790
9717606
9727192
9652172
9717859
9716751
9715913
9712486
9694780
9743293
9686914
9743610
9719043
9710096
9690455
9700548
9733866
9666829
9733197
9732242
9732594
9734463
9733789
9733849
9733645
9733429
9723372
9713420
9710366
9703902
9703846
9678644
9678562
9678414
9593252
9552645
9733940
9733885
9733774
9733687
9710241
9690222
9622641
9601942
9601917
9733826
9716394
9733903
9664972
9682729
9684934
9626487
9665137
9733749
9733642
9733551
9733304
9725660
9710782
9706772
9589569
9559887
9733287
9733054
9672608
9632999
9589724
9550594
9731699
9712817
9612231
9673837
9702179
9609164
9732241
9574414
9728975
9731478
9731082
9550721
9731184
9632833
9688973
9745248
9750018
9755277
9715347
9737026
9740895
9762892
9676794
9776774
9776516
9774391
9733043
9776742
9776664
9776639
9634322
9759772
9708630
9777082
9777058
9777005
9775837
9775817
9720128
9693538
9569087
9666812
9778187
9670158
9617233
9608961
9770699
9770873
9769421
9733563
9543028
9742768
9657175
9761650
9763554
9666726
9759329
9782892
9782862
9782851
9782848
9782813
9782569
9781533
9779773
9783065
9783061
9783053
9783051
9783047
9783012
9782993
9782987
9782968
9782959
9782958
9782956
9782930
9782716
9782467
9782332
9779897
9779760
9779353
9779238
9775053
9783334
9783327
9783326
9783323
9783307
9783277
9783274
9783273
9783255
9783229
9783211
9783209
9783208
9783200
9783169
9783163
9783150
9783021
9783005
9782836
9782786
9782666
9774274
9744313
9698787
9662349
9565760
9531500
9783143
9783141
9783133
9783129
9783115
9783102
9783018
9783011
9782561
9782155
9782118
9781913
9780194
9779726
9778724
9778666
9745584
9733023
9724461
9776838
9779650
9782972
9787198
9787139
9784633
9786418
9783063
9777577
9786720
9757686
9737106
9781563
9780779
9751441
9777070
9780039
9783232
9786628
9784006
9753085
9751804
9734992
9763042
9611722
9763899
9720693
9771142
9771071
9771069
9672820
9672730
9654436
9614455
9683071
9764519
9767805
9644451
9780931
9631372
9731957
9775849
9773566
9760183
9655622
9621986
9780426
9774323
9760645
9766713
9780614
9775952
9780692
9780289
9779778
9733607
9517993
9388185
9345787
9345536
9342664
9594386
9781615
9362619
9781833
9779625
9782007
9782873
9671349
9640126
9610236
9584743
9758794
9678522
9674992
9785101
9761860
9577269
9785222
9779400
9605996
9785440
9722553
9783302
9783289
9779848
9782620
9783370
9783357
9783355
9783284
9783283
9783279
9783262
9783013
9781794
9780791
9773322
9771137
9710689
9783038
9780121
9775916
9783215
9782844
9768050
9783080
9681161
9785542
9734943
9787950
9785134
9784991
9778592
9677953
9788278
9788228
9775402
9670846
9690224
9646608
9789146
9757277
9698296
9685668
9661674
9640769
9788311
9787781
9743706
9741752
9741199
9728367
9727223
9711415
9783305
9789083
9789046
9789044
9789037
9789022
9789012
9788982
9788979
9788968
9788911
9788895
9788883
9788873
9788856
9788717
9788494
9789164
9789137
9789131
9789125
9789116
9789115
9789113
9789067
9789036
9789020
9789019
9788987
9788947
9788936
9788917
9788814
9788719
9788459
9787623
9779870
9777201
9775218
9768372
9753058
9752839
9722867
9789292
9789076
9777654
9555648
9789322
9789270
9789232
9789228
9789225
9789208
9789129
9789122
9788822
9788789
9788186
9787109
9779969
9745775
9735734
9728228
9718970
9689853
9789464
9789431
9789378
9789375
9789353
9789329
9789307
9789233
9789167
9789162
9789148
9789015
9788978
9788758
9788487
9780264
9725067
9717373
9687434
9613380
9789406
9789179
9781029
9537492
9751284
9745639
9681819
9696480
9267130
9684375
9552832
9552954
9643581
9689852
9404418
9671326
9669918
9645294
9667025
9667191
9690243
9725960
9704939
9722127
9388872
9708175
9729531
9729550
9724811
9658289
9573451
9733320
9734750
9734131
9691252
9735675
9476691
9732298
9221074
9201381
9479981
9209788
9650219
9711083
9658116
9734193
9730481
9728619
9723492
9728814
9713631
9576828
9728971
9722858
9597829
9726420
9595135
9734130
9733854
9733511
9731871
9726156
9715549
9673499
9571270
9734490
9732969
9704421
9734446
9734295
9734259
9733570
9726287
9715015
9711130
9690174
9686001
9649495
9734262
9733005
9498663
9734900
9734722
9707168
9731942
9689491
9734178
9715794
9707154
9615525
9700692
9683563
9732052
9725967
9732237
9651697
9732700
9674046
9706636
9706503
9706390
9705681
9690571
9722314
9719081
9718724
9731728
9608816
9716498
9728742
9728087
9725426
9722717
9722420
9715204
9734396
9695846
9680203
9728959
9727334
9731515
9718104
9731551
9718255
9712208
9731616
9611860
9567081
9566098
9561582
9591640
9562112
9561993
9723387
9720470
9720279
9732717
9736211
9542770
9541807
9756523
9698215
9662395
9415346
9403085
8997200
9275530
8844446
8808214
9734486
9734101
9616938
9643898
9749944
9758512
9730556
9493622
9551401
9776693
9532474
9645043
9778104
9692383
9651134
9692053
9763742
9762155
9763751
9756960
9664183
9602656
9752921
9770292
9591904
9614676
9664190
9403375
9636495
9703949
9755573
9764627
9765649
9765602
9765487
9765680
9727312
9781597
9581865
9780259
9780139
9555705
9782984
9784867
9777765
9759011
9772828
9784352
9781347
9778657
9783753
9783838
9781455
9740345
9786959
9782563
9692869
9686164
9780031
9723938
9780706
9786850
9785192
9779385
9756009
9702019
9698112
9550587
9787559
9671674
9764412
9765982
9764960
9386964
9771222
9750483
9625933
9771457
9771418
9743844
9771650
9618623
9780667
9564669
9780626
9779246
9773305
9758669
9738771
9765477
9746029
9691256
9772622
9777250
9757963
9740855
9737994
9777143
9775957
9755777
9755565
9725187
9707014
9777430
9777526
9769705
9777400
9777719
9777635
9777580
9777479
9777451
9777345
9776836
9780480
9778898
9777727
9778134
9778306
9771682
9780675
9737750
9780724
9777890
9671184
9747265
9651100
9783798
9783743
9783693
9783617
9781790
9781623
9780219
9694637
9639521
9783736
9783720
9783718
9783702
9783258
9780767
9779626
9775389
9774682
9770571
9770057
9766177
9783866
9783155
9662794
9613048
9581131
9575567
9559273
9783439
9783256
9780750
9774374
9774373
9671812
9653401
9779009
9679465
9783367
9785426
9625995
9785527
9682339
9785804
9786027
9782731
9449648
9449234
9783460
9783425
9783420
9783418
9783413
9783410
9783399
9783392
9783382
9783365
9783225
9782495
9782162
9778852
9741031
9724450
9647817
9783715
9783669
9783655
9783622
9783620
9783612
9783600
9783582
9783581
9783501
9783212
9782692
9773115
9772163
9765778
9744379
9783523
9783502
9783472
9783457
9783447
9783426
9783419
9783405
9783389
9783371
9783336
9783303
9783193
9782602
9782427
9781857
9779101
9778814
9778727
9778010
9746320
9731614
9692602
9582045
9628210
9570253
9788142
9787942
9782653
9788144
9778466
9789583
9557424
9789825
9789799
9789768
9789721
9789716
9789682
9789672
9789643
9789468
9789001
9788522
9787712
9787160
9784630
9769791
9757853
9722562
9700838
9671507
9632718
9789944
9789901
9789898
9789893
9789857
9789829
9789810
9789805
9789690
9789652
9789589
9789569
9788764
9788403
9788261
9783770
9782724
9779912
9779043
9773160
9651010
9772727
9788478
9783467
9788980
9789469
9724545
9687895
9630221
9627913
9787474
9789415
9730009
9669577
9789568
9789551
9789537
9789527
9789500
9789478
9789447
9789444
9789436
9789427
9789410
9789382
9789367
9789333
9789311
9789280
9786691
9733762
9716728
9698313
9696309
9789628
9789621
9789608
9789603
9789598
9789595
9789574
9789555
9789525
9789511
9789479
9789335
9788977
9781333
9778381
9761278
9761183
9730044
9749597
9686252
9781410
9713836
9781292
9666646
9776515
9690407
9743615
9758303
9758094
9729546
9731518
9694418
9696206
9549167
9690923
9542780
9549381
9546884
9547335
9654601
9550343
9617872
9725141
9564148
9661488
9626799
9468201
9486118
9261335
9726581
9729916
9733580
9468690
9631110
9732201
9274365
9273816
9685371
9690487
9557361
9736369
9736285
9557337
9736397
9734826
9736246
9734600
9736142
9488853
9734763
9723524
9503859
9734530
9725896
9724697
9704331
9667950
9498360
9734666
9734450
9726721
9725649
9725376
9725015
9723415
9723339
9708269
9701621
9691110
9556794
9632363
9484512
9596778
9734824
9734699
9734555
9734519
9734500
9733537
9726599
9692414
9685925
9679663
9658972
9581926
9734921
9734728
9734604
9731418
9709793
9666847
9666141
9735056
9735032
9735001
9734928
9734645
9679386
9734124
9734907
9676864
9732985
9723823
9640417
9692236
9530596
9731050
9734936
9734709
9754933
9615358
9642281
9408240
9407907
9142328
9756105
9521723
9758825
9759913
9419575
9774248
9774448
9778200
9778133
9777524
9777165
9775895
9775876
9716609
9778285
9778085
9775918
9758020
9717030
9716821
9684999
9778430
9777960
9750766
9709273
9626437
9734727
9657729
9744734
9763114
9713802
9765915
9766057
9672586
9691356
9552729
9765611
9655108
9765267
9756976
9756541
9743638
9743369
9735768
9677884
9667267
9574409
9784390
9784386
9784370
9784345
9784342
9784320
9784318
9784313
9784272
9784265
9784261
9784210
9784201
9784168
9784122
9783957
9783955
9783954
9783925
9783526
9783433
9783227
9780474
9778390
9774445
9666841
9617707
9734776
9469937
9533153
9779869
9784279
9783959
9784209
9783881
9784350
9784310
9784305
9784248
9784231
9784023
9783827
9778254
9784462
9731844
9784713
9778699
9787421
9780673
9642796
9785204
9662339
9784383
9713820
9781164
9767367
9549828
9699543
9772008
9762292
9765990
9740999
9713269
9667365
9649970
9594051
9773991
9778033
9777978
9777970
9777923
9777878
9775863
9777855
9777695
9693680
9660938
9630410
9601374
9767321
9716991
9677738
9781485
9783900
9783888
9783765
9783747
9783627
9783564
9783554
9782357
9780812
9779652
9614941
9547411
9783783
9783649
9783224
9782616
9784071
9784067
9784046
9784042
9784034
9784033
9784031
9784017
9783964
9783960
9783923
9783913
9783873
9783840
9783758
9655263
9784205
9784195
9784177
9784174
9784144
9784124
9784120
9784100
9784099
9784054
9784045
9784026
9783973
9783884
9783880
9783785
9783259
9783165
9783079
9781915
9779779
9778859
9771002
9762886
9741420
9685223
9784621
9784257
9784066
9734168
9712621
9784330
9614770
9546900
9542204
9783207
9783032
9783891
9783867
9783776
9694903
9692198
9479896
9783332
9774066
9652568
9783482
9786322
9784262
9790449
9790140
9777531
9790543
9771535
9749827
9734491
9787394
9776335
9690674
9599478
9792569
9790167
9790055
9688257
9622597
9765499
9762196
9790030
9790026
9790023
9789977
9789969
9789961
9789819
9789274
9785106
9781751
9773872
9763968
9759350
9711596
9661808
9660708
9628051
9790223
9790187
9790108
9790084
9790067
9790012
9789960
9789912
9789834
9784478
9758843
9775604
9785608
9788761
9788652
9788686
9790411
9790284
9790247
9790205
9790138
9790074
9790024
9790022
9789878
9789424
9789043
9788818
9786960
9784564
9784322
9783341
9790469
9790468
9790461
9790385
9790291
9790277
9790271
9790263
9790222
9790207
9790198
9789862
9789784
9788628
9785753
9785160
9771631
9646770
9672888
9789216
9788811
9789384
9783984
9789554
9759465
9758562
9789576
9789909
9726706
9784288
9741421
9656179
9625903
9721682
9784043
9738257
9687382
9717909
9667584
9668706
9673610
9411060
9635906
9695950
9691911
9652652
9669697
9419179
8826621
9690328
9689846
9644590
9548338
9726765
9729464
9735578
9741009
9735398
9735463
9735337
9735168
9691664
9713358
9659261
9735093
9631336
9622290
9708285
9705639
9735332
9735121
9535835
9734637
9720857
9509463
9735391
9735369
9735206
9735095
9724403
9689081
9679829
9656669
9567211
9599230
9735468
9735437
9732807
9708069
9691873
9630021
9735590
9735466
9735426
9735412
9575334
9734515
9733585
9556925
9735010
9678755
9733716
9735235
9735207
9735050
9734975
9734942
9734864
9721074
9661905
9646700
9593068
9592983
9592921
9574025
9716874
9622660
9442841
9739172
9731231
9678599
9559105
9677032
9490555
9490577
9735488
9731234
9731228
9732403
9623006
9707369
9761487
9526402
9524286
9713873
9652703
9526715
9526610
9526546
9526517
9526450
9525204
9525127
9525061
9524957
9524518
9758661
9646643
9759453
9778571
9778536
9778426
9778366
9759332
9778728
9778642
9773751
9770863
9723777
9684561
9778856
9778823
9778787
9778457
9752301
9763852
9769853
9759313
9761477
9657378
9749175
9759618
9748604
9754627
9758554
9651253
9651722
9553566
9785175
9785123
9785103
9785097
9785074
9785055
9785046
9784980
9784978
9784965
9784960
9784951
9784941
9784861
9784848
9784840
9784809
9784787
9784705
9784680
9784663
9784512
9784509
9784445
9783788
9782278
9782193
9782017
9780088
9779772
9779051
9776907
9773507
9771824
9770708
9759625
9746794
9739101
9709080
9683114
9668558
9665280
9784504
9774470
9623240
9784420
9784361
9779324
9779128
9779031
9775914
9770464
9784727
9784660
9784590
9784179
9781769
9781744
9777587
9775569
9784740
9787062
9784933
9734906
9672829
9671847
9671684
9625780
9779025
9784771
9667490
9518635
9676854
9784669
9784626
9752685
9752550
9746997
9702450
9672692
9670868
9671436
9784918
9681545
9762275
9772699
9766501
9772517
9614358
9772967
9766449
9766099
9766056
9639481
9766500
9766393
9766217
9570410
9617004
9780652
9780249
9579714
9778881
9774472
9776556
9777631
9780508
9774142
9781491
9783674
9735033
9750148
9781902
9703777
9785202
9785163
9785111
9785087
9785024
9785018
9785010
9784805
9784748
9784711
9784364
9781638
9771575
9696799
9672252
9668708
9618757
9785154
9784746
9782955
9767067
9784472
9785908
9783282
9783605
9783530
9783450
9781125
9689772
9689016
9671438
9668314
9791275
9666224
9790917
9790850
9790817
9790809
9790799
9790798
9790794
9790574
9790332
9790049
9789774
9788079
9787921
9779960
9758654
9738521
9727959
9683776
9640972
9623999
9791093
9791064
9791054
9791053
9790990
9790967
9790932
9790739
9790708
9790134
9789627
9786829
9784684
9777936
9779962
9791240
9791178
9791157
9791129
9791126
9791034
9791024
9791005
9790933
9790873
9790845
9790801
9790619
9785038
9779490
9771379
9747235
9760299
9743165
9740419
9735211
9733659
9676918
9691990
9791348
9790892
9765504
9748192
9785157
9773053
9753101
9784947
9778009
9669914
9784912
9784647
9702576
9790475
9668064
9791451
9789837
9673488
9670010
9673541
9671050
9670374
9789851
9784837
9675584
9654670
9676036
9675993
9675639
9675614
9675663
9672025
9788958
9790065
9784486
9784447
9790438
9790200
9672567
9782012
9779494
9675718
9614348
9790237
9790218
9790185
9790061
9789757
9789361
9789262
9789222
9789184
9789118
9784604
9781900
9779820
9777798
9790756
9790682
9790653
9790620
9790579
9790432
9790425
9675808
9790407
9652299
9652197
9746273
9733925
9684932
9659252
9555625
9623330
9726063
9726276
9735891
9735815
9735727
9691778
9701661
9700053
9716303
9519509
9736698
9735715
9735663
9731244
9723448
9716555
9714479
9706677
9663599
9663537
9498433
9735779
9735763
9735745
9735732
9735880
9735417
9733561
9730555
9730283
9710254
9708886
9682913
9673978
9633655
9633293
9544415
9498157
9736024
9735801
9735731
9735606
9720762
9717701
9716144
9676765
9532645
9735951
9603844
9474532
9735572
9735496
9735436
9670433
9691036
9639149
9618705
9734847
9732929
9492586
9146074
9516086
9732528
9678458
9675971
9345248
9614516
9732312
9731007
9731032
9610326
9381682
9172730
9156195
9632045
9739679
9778336
9686930
9623879
9600910
9782498
9554476
9784778
9493838
9787105
9739407
9787377
9715860
9786437
9686351
9667105
9634952
9515444
9430772
9586420
9579788
9778064
9767218
9679068
9765134
9773230
9758288
9773315
9773308
9722382
9773464
9754001
9778494
9779461
9779211
9636527
9734489
9777312
9777529
9777693
9780416
9780410
9755570
9591852
9781366
9779155
9553462
9505103
9781560
9679052
9558010
9779253
9783978
9779487
9760317
9760493
9760460
9785349
9785336
9785311
9785264
9785226
9785217
9785212
9785164
9785070
9784952
9779610
9778924
9778762
9778560
9773660
9771551
9764882
9758921
9757626
9735757
9663528
9785290
9785286
9785274
9785228
9785214
9785105
9785052
9784992
9784436
9780944
9780156
9777353
9773536
9767283
9738940
9785497
9785481
9785472
9785463
9785404
9785376
9785337
9735293
9732787
9731161
9627928
9785639
9785630
9785614
9785602
9785588
9785557
9785546
9785543
9785541
9785535
9785525
9785491
9785451
9785381
9785373
9785372
9785327
9784994
9783300
9780921
9779830
9775949
9772799
9766878
9754377
9685838
9679633
9648905
9567060
9785839
9785764
9785761
9785705
9785695
9785686
9785673
9785580
9784831
9778834
9777522
9764915
9745368
9740865
9737116
9663840
9659340
9595534
9785777
9785734
9785725
9785710
9785697
9785657
9785655
9785620
9785562
9785552
9785526
9785418
9785330
9780025
9779783
9777822
9774313
9772795
9772733
9771955
9767789
9749620
9735020
9680738
9664899
9785540
9785844
9785412
9782054
9768615
9721769
9786279
9785680
9786415
9791810
9791409
9791843
9791776
9791689
9791622
9791721
9791311
9653065
9790530
9789765
9775012
9774905
9774779
9774698
9773231
9756091
9791299
9791184
9791171
9790293
9756518
9787402
9785078
9784556
9788171
9640066
9505144
9790734
9791582
9791556
9791539
9791499
9791491
9791444
9791431
9791426
9791425
9791423
9791396
9791389
9791374
9791346
9791324
9791297
9791293
9791242
9791071
9791001
9790972
9790891
9787983
9787597
9787388
9782381
9781275
9779200
9768017
9733566
9689275
9791710
9791687
9791680
9791645
9791609
9791607
9791606
9791583
9791529
9791528
9791513
9791510
9791489
9791182
9791081
9790792
9790551
9790190
9789079
9787498
9787351
9786386
9776048
9772242
9767951
9756521
9752805
9744756
9739978
9692522
9665576
9665423
9664869
9567213
9791794
9791780
9791779
9791761
9791734
9791711
9791695
9791678
9791660
9791654
9791653
9791642
9791595
9791593
9791365
9791060
9790506
9789003
9783863
9779966
9774270
9763714
9745460
9723645
9712455
9671639
9789013
9789368
9788699
9785467
9785184
9785458
9789202
9789596
9784582
9734150
9691142
9729689
9692545
9692521
9686921
9179504
9727110
9696613
9726849
9735307
9736171
9630446
9630232
9617079
9548160
9736186
9730224
9733214
9735917
9735885
9632327
9720601
9635882
9731285
9641289
9717652
9776943
9778050
9735196
9767307
9782435
9779669
9784387
9784161
9784125
9731290
9786522
9727040
9673254
9656900
9655521
9628192
9621562
9590462
9581238
9513631
9472114
9786134
9786067
9735453
9735874
9735634
9652212
9729514
9677938
9773563
9779642
9698746
9780494
9752262
9778822
9774696
9784040
9784032
9761703
9779884
9565186
9785195
9785646
9785128
9780974
9779671
9776979
9772708
9739269
9785252
9785995
9785984
9785982
9785980
9785948
9785943
9785935
9785934
9785926
9785891
9785869
9785819
9785769
9785637
9784153
9782120
9775713
9767349
9755855
9711404
9502913
9786069
9786044
9786022
9786021
9786019
9786015
9785992
9785990
9785967
9785959
9785932
9785916
9785895
9785889
9785751
9784818
9715831
9786163
9786161
9786003
9767544
9708985
9786147
9786142
9786139
9786131
9786124
9786103
9786090
9786065
9786050
9786046
9786045
9786023
9785964
9785799
9782622
9782496
9762207
9737823
9710987
9500493
9736015
9782909
9785974
9791889
9791874
9791854
9791845
9791839
9791833
9791706
9791420
9790501
9788996
9788890
9787684
9783037
9751424
9748346
9740391
9736311
9662387
9791989
9791969
9791946
9791941
9791932
9791895
9791871
9791869
9789403
9729245
9677247
9792119
9792118
9792105
9792097
9792095
9792086
9792080
9792079
9792072
9792048
9792031
9792024
9791990
9791940
9791934
9791844
9791830
9786483
9782831
9775968
9767908
9767890
9767866
9742003
9704446
9659216
9792037
9792029
9792021
9792006
9791991
9791955
9791948
9792085
9791876
9785747
9765604
9741565
9732009
9791414
9790927
9790242
9783249
9717755
9790220
9791731
9737678
9789629
9789905
9785871
9786037
9789409
9785473
9785198
9766194
9792057
9701688
9629010
9728436
9742344
9502803
9736350
9732244
9616524
9691403
9736451
9661129
9732137
9726753
9730490
9738955
9738785
9761669
9760465
9762340
9766389
9783988
9782292
9784532
9786242
9786688
9786206
9786384
9767889
9780958
9779706
9778952
9744669
9780108
9779350
9786230
9786217
9786214
9786193
9786189
9786182
9786154
9779992
9786325
9786303
9786297
9786294
9786280
9786275
9786274
9786262
9786257
9786249
9786245
9785986
9780304
9729482
9674285
9786265
9786260
9786259
9786223
9786216
9786215
9786073
9785568
9756470
9754591
9729964
9684041
9786367
9786366
9786360
9786343
9786337
9786334
9786332
9786330
9786327
9786305
9739641
9611103
9786379
9786340
9786336
9786310
9786284
9786264
9783653
9775085
9792298
9792284
9792279
9792271
9792264
9792258
9792257
9792256
9792243
9792238
9792230
9792212
9792210
9792192
9792157
9792155
9792135
9783731
9792239
9792235
9792231
9792223
9792215
9792199
9792185
9792168
9792136
9792128
9792123
9792117
9791945
9789794
9789504
9782064
9779985
9756498
9754572
9714090
9661685
9792340
9792339
9792336
9792317
9792306
9792300
9792297
9792253
9792150
9780207
9731477
9792320
9792304
9792113
9792182
9792174
9792152
9792148
9792144
9792142
9792141
9792010
9791884
9788545
9787849
9742540
9786335
9786314
9786290
9786263
9788033
9745641
9786071
9786202
9786347
9690152
9542327
9718918
9736616
9703426
9714744
9736266
9734128
9709088
9735440
9698258
9731405
9736599
9733228
9733557
9736661
9730601
9731385
9731386
9531520
9748667
9762065
9697385
9758816
9778023
9775386
9768790
9782893
9730457
9729773
9724180
9698559
9783135
9782995
9785064
9748229
9748131
9779294
9786705
9786385
9786505
9786361
9786472
9786469
9786466
9786450
9786440
9786397
9786396
9783483
9779269
9767921
9738468
9736766
9703962
9643348
9786495
9786479
9786476
9786209
9772826
9786463
9786313
9786537
9636100
9747995
9747595
9426447
9761721
9747429
9743200
9780887
9724104
9703633
9774384
9774001
9663214
9714866
9500080
9780409
9780308
9780233
9774263
9750302
9780303
9781433
9781424
9781377
9781268
9780646
9783883
9783808
9783036
9783977
9782504
9786421
9786411
9786403
9786402
9786394
9786392
9786383
9780275
9774915
9765529
9728119
9786427
9786401
9786399
9786375
9780392
9709872
9785396
9790124
9792302
9792280
9792242
9792233
9792194
9792388
9792377
9792373
9792363
9792359
9792349
9792348
9792346
9786838
9786567
9786102
9774710
9762107
9745354
9694305
9792426
9792423
9792412
9792408
9792403
9792398
9792391
9792382
9792371
9792347
9792283
9791961
9780400
9761042
9754737
9739472
9721066
9615936
9557435
9792452
9792451
9792447
9792438
9792424
9780444
9780428
9731173
9792488
9792487
9792481
9792480
9792473
9792469
9792467
9792462
9792459
9792458
9792402
9784037
9783459
9786378
9787968
9792478
9745728
9745689
9633444
9791203
9780411
9739913
9786005
9790142
9790508
9790362
9786530
9786501
9786581
9788517
9786544
9786453
9791664
9784768
9506578
9729449
9582545
9737130
9704484
9637776
9739159
9486575
9467950
9742592
9742624
9615532
9555294
9712219
9712135
9712063
9712527
9712381
9735999
9736717
9648604
9736903
9567851
9458286
9734037
9611884
9737675
9741927
9741757
9737808
9709548
9593083
9731743
9732860
9637120
9732571
9710972
9490539
9728960
9629530
9670582
9639438
9470510
9762566
9762550
9485583
9761621
9762804
9756711
9483314
9768928
9669870
9676488
9653378
9787374
9639840
9711139
9776375
9774835
9787700
9787608
9787557
9787879
9787863
9767691
9767664
9767443
9768200
9742031
9737247
9769027
9772684
9772883
9773077
9763795
9443693
9777315
9780563
9781241
9785523
9782791
9658734
9792076
9792051
9792005
9782146
9792206
9792375
9792358
9792453
9792439
9792420
9792468
9386083
9662204
9788073
9787947
9788415
9787896
9792524
9792517
9792515
9636324
9792512
9792491
9792472
9792502
9792441
9714598
9708410
9792585
9792583
9792586
9792588
9792621
9792635
9792633
9792630
9792628
9792626
9792624
9786494
9792648
9792647
9792646
9792642
9792640
9792638
9792627
9770801
9792676
9792673
9792669
9792661
9792658
9792655
9792653
9792649
9792645
9792644
9792643
9792505
9792694
9792692
9792691
9792687
9792686
9792681
9792679
9788328
9789699
9789788
9734770
9788940
9784260
9615246
9789060
9789237
9785107
9789615
9737436
9397529
9397322
9739427
9738086
9740440
9740705
9664162
9719248
9690267
9736428
9736552
9678971
9734194
9734904
9479225
9728681
9722812
9736985
9736945
9712693
9705334
9627332
9736944
9736939
9723230
9715489
9737052
9736884
9704354
9698035
9569842
9737103
9737046
9493631
9737283
9725754
9536794
9518442
9659528
9687679
9691046
9745162
9759745
9762789
9751558
9642236
9769914
9765515
9786526
9720900
9786677
9786685
9780431
9743260
9727650
9678223
9711432
9679399
9763003
9755631
9756219
9756561
9750338
9773100
9740648
8598059
9773581
9636338
9774242
9774511
9773150
9651921
9780337
9751025
9775256
9733540
9785367
9773426
9791315
9792489
9792537
9792533
9792509
9792547
9792561
9792548
9792564
9792715
9792690
9792678
9781202
9736742
9792744
9792742
9792729
9792723
9792719
9792712
9792709
9783210
9782684
9782079
9780669
9775041
9610085
9792786
9792773
9792759
9792726
9792720
9792522
9792470
9784327
9783579
9783019
9781375
9592698
9791605
9751984
9792854
9792842
9792836
9792826
9792789
9792783
9792774
9778479
9775628
9508812
9790071
9787697
9782660
9731855
9731760
9728968
9694391
9693580
9793264
9622256
9398848
9758177
9623669
9692494
9723617
9723928
9722170
9729323
9729380
9737131
9734512
9664888
9643039
9691974
9672854
9682230
9580176
9493401
9718337
9707342
9725371
9736668
9722101
9736918
9733786
9620432
9733944
9733549
9571763
9681983
9736430
9736446
9739490
9660328
9643924
9720510
9731624
9733578
9732793
9731929
9708694
9737138
9737135
9737092
9737013
9734707
9734138
9733369
9731862
9538203
9634425
9600216
9737233
9737217
9737123
9732765
9700816
9685278
9712465
9737348
9737308
9737262
9737189
9737129
9733049
9650537
9640489
9622401
9581487
9731271
9737524
9737443
9718593
9716426
9713645
9698626
9691163
9670107
9664656
9737537
9663508
9645290
9615407
9712972
9678446
9703866
9735300
9742888
9732918
9731417
9763115
9736479
9709955
9763720
9763590
9769494
9676001
9766478
9746801
9769260
9711110
9694825
9754492
9663966
9711827
9711570
9713047
9712826
9712000
9763272
9752338
9751390
9763280
9756912
9714418
9784906
9761131
9744462
9787176
9778927
9766764
9766122
9745310
9787185
9787133
9743111
9695882
9767567
9784900
9787049
9787412
9755045
9767765
9741907
9694499
9670336
9768741
9770838
9763366
9660268
9766688
9756619
9689114
9741492
9762899
9779899
9770624
9769061
9560899
9733667
9626064
9766675
9569352
9783329
9701548
9782303
9781222
9588083
9715434
9684441
9783684
9792510
9792546
9786646
9786638
9792575
9792623
9785795
9792728
9767368
9770619
9787246
9784357
9786008
9789726
9789407
9727794
9772887
9793470
9768856
9793155
9793147
9793113
9793016
9791243
9790862
9790287
9781584
9781052
9776829
9739301
9731804
9704036
9746860
9793029
9793100
9792905
9792886
9792867
9792862
9792841
9790836
9781207
9749347
9792942
9790661
9779958
9792996
9792982
9792890
9788672
9787204
9782082
9756872
9746362
9731664
9702922
9688591
9792941
9787694
9694774
9627738
9623441
9604814
9718730
9678438
9743486
9738076
9737474
9736070
9737867
9708890
9735748
9737771
9738351
9700727
9652241
9738229
9737890
9738005
9728056
9739177
8548510
9716526
9718572
9638759
9637327
9738096
9737649
9736511
9511724
9738016
9738027
9641927
9738224
9737805
9737676
9685574
9498280
9496768
9733364
9737664
9736077
9738042
9737763
9705425
9633669
9737318
9720247
9737462
9737244
9736215
9710082
9737619
9525906
9737872
9704550
9733266
9732532
9659396
9775749
9771942
9752899
9766026
9763865
9756982
9752111
9750112
9717192
9711918
9763831
9708898
9769938
9763445
9763414
9754212
9753961
9751541
9749700
9749423
9742470
9737176
9763507
9763787
9760582
9572366
9763678
9763659
9737926
9787014
9787111
9786645
9786635
9786736
9770134
9787980
9787935
9787661
9787481
9767591
9767792
9593419
9765951
9540083
9769324
9737873
9746034
9775301
9764046
9658336
9775319
9737694
9784531
9785937
9790819
9790974
9788990
9788086
9784718
9738779
9726036
9647144
9788214
9787967
9787715
9787478
9785963
9792757
9724523
9793462
9793289
9615928
9793382
9707151
9793238
9793188
9793185
9793181
9793152
9793144
9793092
9791385
9789062
9782039
9760555
9753944
9744541
9727577
9711768
9793420
9793411
9793408
9793388
9793384
9793373
9793354
9793294
9793270
9793255
9793252
9793228
9793108
9780001
9768110
9746222
9723325
9793572
9793514
9793512
9793494
9793469
9793340
9793245
9792741
9792345
9784224
9776292
9768091
9763552
9763018
9793567
9793325
9793290
9793285
9793247
9793242
9793239
9793211
9793171
9765655
9759787
9759007
9744471
9740498
9769279
9778691
9734964
9717061
9739468
9715180
9738854
9738754
9738839
9738527
9654863
9665147
9737681
9701653
9689077
9676993
9737126
9737700
9738118
9653469
9509653
9735805
9704608
9673917
9662819
9654719
9738887
9738787
9738757
9738717
9738386
9734264
9732699
9729786
9719727
9708125
9739012
9738807
9738606
9738573
9471074
9737630
9736941
9738530
9631264
9716875
9729527
9730777
9622297
9737607
9737483
9724914
9704790
9738557
9738406
9738778
9658447
9548499
9705501
9776188
9751943
9744833
9733984
9725338
9705662
9756455
9769846
9770560
9770465
9725429
9697464
9728910
9769511
9729037
9760404
9751480
9764606
9763956
9760994
9758773
9690303
9764220
9764307
9770366
9737099
9687094
9776208
9769160
9779283
9736478
9736472
9700843
9791378
9787512
9791058
9791050
9713311
9685808
9685404
9788115
9637109
9787205
9788659
9640657
9704899
9788897
9782777
9788946
9788735
9788585
9788381
9738924
9695437
9793790
9793780
9793774
9793765
9793741
9793735
9793712
9793696
9793673
9793634
9793631
9793628
9793539
9787456
9782672
9782568
9773295
9755337
9752846
9745036
9742598
9722948
9660740
9589195
9557066
9793914
9793896
9793885
9793880
9793875
9793868
9793865
9793850
9793830
9793807
9793789
9793775
9793723
9793694
9793585
9793429
9793421
9762656
9758309
9741201
9589626
9589534
9589399
9794009
9793983
9793971
9793961
9793954
9793950
9793947
9793925
9793909
9793907
9793867
9793814
9793648
9793623
9793461
9793368
9791254
9786484
9770573
9767674
9723193
9707633
9690350
9690325
9690291
9589964
9589874
9589808
9589720
9793861
9755218
9793379
9793659
9793641
9793636
9793621
9793598
9793597
9793580
9793576
9793543
9793511
9793447
9793439
9793338
9791591
9791003
9777429
9777277
9762887
9755578
9745553
9742668
9736104
9731371
9721047
9769129
9793663
9671387
9780361
9793105
9793063
9793014
9792983
9792934
9792457
9792877
9631611
9684278
9724096
9627864
9701970
9688018
9679340
9602678
9729252
9709923
9745374
9559964
9739586
9739491
9697161
9738184
9687873
9614737
9739392
9739379
9739371
9739344
9739200
9739181
9739072
9695005
9654503
9464097
9739258
9739150
9732652
9701357
9739559
9739528
9739455
9738929
9733275
9718455
9718274
9699014
9628783
9740252
9711991
9699719
9711186
9685354
9691675
9738340
9702619
9734263
9738464
9738114
9716798
9662375
9741940
9727116
9606800
9624316
9735046
9715444
9730152
9652795
9737636
9735177
9716137
9746306
9733151
9558899
9717137
9774227
9770862
9770775
9767177
9764563
9758881
9764865
9744859
9692387
9736996
9764747
9764936
9765061
9765036
9723495
9646948
9727032
9750774
9719993
9637460
9623328
9623263
9622932
9767758
9756556
9754320
9745883
9739315
9725092
9772264
9755062
9736063
9720031
9771057
9768952
9764935
9771051
9739326
9773738
9773498
9780520
9680774
9640528
9766232
9766211
9740457
9791188
9792632
9792711
9790837
9779411
9710702
9792796
9789970
9750394
9754086
9594249
9788915
9789119
9789010
9776103
9773059
9789308
9789265
9789263
9786595
9789459
9789408
9789371
9788824
9793771
9793662
9793524
9793377
9792532
9794085
9794079
9794055
9794026
9793996
9793990
9793973
9793882
9793786
9793742
9793503
9793450
9793089
9793004
9775784
9774768
9740778
9735096
9720300
9699471
9794137
9794115
9794089
9794058
9794019
9794012
9793993
9793988
9793978
9793974
9793661
9792551
9790511
9790044
9787040
9715741
9508783
9793160
9778238
9793401
9793575
9793371
9792882
9792832
9792807
9792782
9787482
9794257
9794236
9794209
9794206
9794192
9794172
9794170
9794154
9794023
9793342
9793248
9792544
9792500
9784863
9783239
9711256
9794363
9794348
9794318
9794297
9794295
9794292
9794268
9794237
9794139
9794092
9793733
9785931
9782850
9780942
9779613
9774867
9761252
9752033
9728041
9710653
9692741
9687150
9675019
9624357
9587218
9535214
9794370
9794276
9611390
9745555
9772728
9794355
9794219
9793145
9792612
9793198
9794064
9672770
9539203
9553364
9550390
9541904
9541307
9537928
9544498
9539680
9553224
9724852
9733859
9739661
9739653
9739088
9673341
9739810
9739746
9739720
9739581
9739518
9737501
9735564
9734076
9738054
9739805
9703571
9677412
9647759
9619986
9739890
9739808
9739719
9739695
9739638
9738765
9737842
9737009
9736960
9736931
9735084
9734853
9733491
9740131
9739726
9739718
9739024
9737468
9740830
9737203
9737108
9731552
9719453
9706032
9702167
9273866
9739208
9740326
9739959
9518974
9741486
9740921
9737507
9740039
9740253
9740021
9551306
9588314
9692495
9615419
9559136
9735996
9657371
9646839
9732786
9732284
9734877
9738157
9738466
9738260
9704146
9740089
9682010
9737315
9735213
9676634
9530937
9715737
9731554
9715432
9737043
9728476
9734571
9601970
9740012
9654759
9757723
9759066
9732878
9726351
9722457
9778439
9778096
9686142
9763208
9758778
9723370
9473168
9508854
9735161
9759170
9765164
9765095
9765009
9754812
9747190
9724332
9765505
9765501
9762716
9759572
9710748
9738801
9726171
9718580
9765584
9765548
9765390
9710776
9574931
9765656
9765460
9765651
9769973
9671486
9773098
9786642
9736603
9767322
9762934
9758569
9661676
9771668
9772225
9771924
9547462
9772983
9663994
9747760
9743997
9622909
9772822
9780918
9771192
9717890
9777441
9768548
9768437
9769505
9722467
9769634
9753800
9781489
9715647
9783772
9769792
9783696
9685937
9785613
9751699
9759439
9776012
9759134
9740191
9791092
9740864
9707747
9790365
9791067
9790982
9686161
9616998
9739733
9751959
9780850
9694647
9785365
9778953
9780042
9778042
9768861
9718681
9790053
9789523
9789299
9782661
9779247
9767233
9789588
9789515
9792849
9794061
9784812
9794402
9794384
9794338
9794335
9794330
9794247
9794145
9791921
9789411
9788820
9781439
9721379
9671352
9550536
9794458
9794451
9794446
9794444
9794430
9794429
9794416
9794401
9794056
9793374
9792526
9787437
9774720
9768864
9710390
9554847
9794515
9794500
9794494
9794482
9794467
9794463
9794427
9794332
9793917
9780730
9772418
9621180
9794604
9794590
9794587
9794578
9794572
9794538
9794452
9794404
9791300
9770925
9748823
9794582
9794780
9794551
9783895
9794517
9738317
9725440
9716757
9748344
9737847
9739745
9738201
9686613
9740561
9740469
9740427
9740382
9740087
9738724
9738532
9731654
9726232
9688237
9673628
9709754
9673797
9738816
9733434
9740755
9746821
9627424
9718937
9736046
9703644
9657204
9729497
9728907
9726059
9740324
9740284
9740265
9740144
9739798
9738633
9738227
9737859
9737795
9736490
9735636
9735065
9715958
9696324
9683336
9545602
9656400
9655618
9606283
9614570
9651391
9740017
9739944
9739003
9709905
9709806
9691044
9545185
9746231
9740481
9770439
9714262
9739729
9638253
9546587
9728220
9719483
9766243
9765854
9765844
9766250
9766138
9764441
9726568
9395979
9756775
9620105
9764849
9748771
9725924
9712724
9699517
9752459
9757310
9767632
9752226
9768445
9771599
9715655
9707097
9772104
9771503
9771431
9724025
9772297
9771961
9771789
9769476
9772757
9749156
9656786
9655191
9601877
9768566
9777737
9743536
9667724
9567010
9739909
9781930
9779060
9784118
9770921
9740278
9791866
9752518
9772891
9769972
9769578
9791291
9781934
9792724
9499498
9790141
9786739
9790080
9724213
9789709
9783454
9790395
9790576
9790525
9790491
9790451
9793277
9779952
9759116
9793327
9793465
9783892
9792761
9786517
9794469
9794406
9794339
9794525
9794696
9794671
9794667
9794616
9794597
9794564
9794546
9786324
9785784
9783719
9728483
9794734
9794729
9794723
9794712
9794702
9794687
9794619
9794612
9794596
9794539
9787893
9787742
9778758
9778633
9748551
9794836
9794818
9794799
9794794
9794785
9794783
9794771
9794750
9794727
9794036
9793201
9779948
9717920
9794855
9794846
9794841
9794822
9794689
9794688
9785361
9693867
9748999
9787703
9794767
9794725
9794697
9646850
9726376
9707908
9720776
9643117
9465493
9604970
9719673
9738443
9654426
9653247
9741057
9740937
9740912
9740736
9737058
9735995
9735381
9716449
9740836
9734552
9654373
9645570
9624234
9608494
9741198
9741163
9741034
9740992
9740929
9740685
9739713
9737023
9732105
9646332
9636790
9575266
9741350
9741348
9741289
9741208
9741126
9740520
9707922
9680523
9705156
9740909
9740675
9738546
9747532
9618680
9722199
9524164
9707354
9741177
9544888
9740723
9710875
9736494
9740868
9716325
9735877
9686181
9747781
9378031
9737389
9714100
9509707
9771777
9787416
9786754
9767140
9769399
9771581
9733525
9772547
9768352
9762174
9772559
9772972
9766465
9747342
9746691
9766667
9755867
9750786
9766539
9578378
9745844
9772312
9777905
9735212
9713660
9752144
9481855
9461211
9740581
9482074
9438050
9741003
9760818
9790760
9782737
9773702
9758227
9778958
9791286
9784253
9781422
9734079
9740226
9703980
9617891
9791177
9791152
9790570
9771178
9792758
9791327
9787497
9792696
9687845
9687832
9788851
9790597
9734140
9786219
9794030
9391736
9793057
9790564
9790120
9651954
9777901
9794291
9794322
9789864
9794586
9783517
9794742
9735313
9794952
9794950
9794923
9794920
9794910
9794888
9794878
9794731
9789117
9788217
9787788
9779475
9795009
9794990
9794978
9794946
9794907
9794901
9794865
9794845
9794809
9794798
9794740
9794721
9794646
9793927
9784620
9767239
9686730
9795015
9795014
9794997
9794980
9794867
9794015
9793862
9787754
9768649
9689550
9795100
9795095
9795077
9795064
9795059
9795021
9795016
9794677
9793068
9792868
9725446
9794927
9652686
9725497
9576313
9343772
9657045
9741245
9727037
9735939
9741427
9741315
9737333
9689321
9742070
9741791
9741353
9740256
9738246
9738511
9738777
9741779
9741537
9741520
9740982
9740515
9739551
9738739
9723757
9717389
9706566
9741389
9740884
9738762
9741858
9741798
9741751
9741502
9740628
9726482
9725796
9741602
9741261
9707755
9716343
9726067
9705653
9691732
9741941
9737067
9716981
9682367
9574949
9538315
9722808
9700169
9699007
9708250
9753999
9740053
9686585
9705754
9759348
9575033
9496570
9391630
9786024
9583280
9625027
9766721
9767090
9758399
9750022
9741432
9688100
9773239
9766871
9754871
9767055
9755307
9754518
9747253
9745322
9705755
9767113
9773444
9727183
9741667
9772429
9791821
9604621
9791362
9792513
9780503
9780497
9780484
9791354
9791086
9789054
9785343
9774389
9767851
9791790
9791754
9792793
9787454
9685550
9785519
9789532
9793319
9788955
9792859
9790333
9785783
9792752
9785043
9743605
9794232
9794447
9794857
9794922
9795043
9795040
9795091
9795141
9795137
9795125
9795113
9795088
9795072
9795048
9795037
9795188
9795185
9795179
9795162
9795130
9795004
9793730
9790762
9641947
9795217
9795216
9795057
9786584
9795246
9795245
9795174
9795097
9794926
9786489
9795052
9708225
9719010
9710946
9736097
9741140
9742229
9742147
9741949
9741965
9741557
9740829
9739227
9740341
9742152
9742099
9734955
9732557
9732315
9727166
9721099
9741819
9726322
9725800
9708109
9742088
9742069
9742262
9742173
9742117
9732731
9754820
9733368
9698209
9271933
9767606
9767583
9767337
9767280
9687196
9767193
9760488
9754011
9697432
9765989
9768228
9652327
9736139
9767566
9766241
9778630
9742021
9652562
9689257
9751625
9791860
9791986
9700067
9791947
9791909
9789747
9789512
9792137
9779693
9499725
9786070
9623359
9790209
9790466
9789638
9710268
9792908
9792863
9789545
9604031
9795317
9795315
9795301
9795283
9795259
9795238
9794852
9787218
9787015
9773645
9772349
9795354
9795340
9795334
9795333
9795331
9795323
9795305
9795278
9795244
9792015
9791970
9791916
9786110
9672154
9795368
9795322
9681996
9587178
9795426
9795422
9795406
9795401
9795400
9795381
9795370
9795316
9794622
9794608
9794603
9794288
9795434
9794071
9795433
9719788
9545542
9715839
9742374
9742316
9742485
9742430
9737977
9742233
9732406
9734889
9769423
9742347
9741861
9765908
9761918
9760238
9763942
9767161
9727625
9786211
9640483
9792228
9792198
9792189
9791841
9792104
9761638
9792171
9792559
9794800
9795479
9795472
9795471
9795470
9795469
9795458
9795450
9795445
9795408
9795336
9795309
9795531
9795529
9795526
9795521
9795514
9795505
9795503
9795493
9795488
9795487
9795486
9795480
9795473
9795467
9795462
9795444
9795415
9795107
9795541
9795539
9795538
9795534
9795533
9795520
9795398
9794811
9795584
9795580
9795575
9795565
9795559
9795556
9795551
9795545
9795510
9795465
9720598
9795492
9709323
9740044
9705132
9742546
9546329
9546283
9711368
9698842
9737410
9736592
9738470
9737139
9733993
9768475
9778583
9765603
9782506
9782950
9774098
9785681
9730870
9693197
9783917
9730676
9745697
9759789
9766648
9774055
9774083
9689086
9783666
9780565
9661723
9792410
9792376
9790971
9627247
9792466
9773758
9792514
9792479
9767136
9779509
9773648
9792443
9793899
9793602
9743197
9743201
9794937
9794480
9794407
9794812
9795423
9795409
9795477
9795456
9748687
9795608
9795602
9795599
9795594
9795592
9795591
9795588
9795574
9795573
9795540
9795482
9795626
9795624
9795620
9795615
9795609
9795600
9795586
9795585
9780280
9795656
9795647
9795636
9795558
9795666
9795661
9795658
9795657
9795655
9795650
9795629
9722065
9704496
9710457
9744224
9744567
9632039
9475339
9743154
9742949
9743289
9737195
9742812
9742637
9550263
9742908
9741718
9613973
9630768
9551441
9695531
9572711
9743465
9682800
9733311
9614942
9541127
9742751
9763126
9668334
9608831
9768290
8736749
9514283
9749432
9768324
9769216
9772934
9620049
9738651
9688462
9792250
9471978
9742962
9742927
9649586
9786797
9789572
9788712
9793817
9785433
9794021
9794099
9793359
9783465
9764095
9792946
9793753
9775516
9794437
9794328
9794613
9794640
9784430
9795357
9716288
9743577
9795725
9795724
9795710
9795796
9795791
9795797
9697846
9724119
9724018
9722425
9743106
9744542
9681028
9742990
9734415
9741339
9725499
9620720
9743087
9743079
9742968
9689658
9743129
9737965
9733127
9732725
9717115
9710328
9542065
9743208
9698346
9723907
9678632
9569552
9638205
9709785
9745941
9742986
9742887
9748898
9748086
9737477
9711625
9708632
9774571
9657601
9772052
9767705
9748834
9748821
9768396
9783156
9604487
9743076
9757753
9690464
9632729
9723465
9753369
9733302
9792662
9792700
9792693
9709758
9792787
9792777
9792788
9739362
9725972
9792999
9792844
9616252
9794764
9795631
9780393
9795692
9795686
9795707
9795717
9795738
9785742
9795799
9795794
9795720
9795829
9617352
9709706
9703668
9710288
9646592
9722334
9743664
9700660
9738497
9743335
9733550
9714305
9698765
9693813
9701004
9684655
9704759
9682788
9613460
9672889
9742984
9664750
9737337
9730453
9723029
9715594
9743274
9743243
9736124
9735559
9735515
9735261
9714329
9712846
9687601
9603506
9558553
9519459
9743327
9743302
9743264
9741761
9741414
9712229
9695626
9743672
9743565
9743544
9743513
9743499
9743487
9743473
9743310
9743295
9723353
9722880
9713715
9695463
9691063
9611763
9566308
9743622
9741892
9745534
9716189
9711080
9745904
9743512
9690631
9743380
9694589
9642851
9746211
9735191
9615739
9735833
9682761
9682282
9677209
9720152
9738775
9701158
9730500
9691209
9701037
9662535
9683788
9681917
9726296
9504707
9590785
9487190
9742659
9743202
9763137
9567736
9567105
9660524
9658315
9722926
9654732
9729953
9769030
9768463
9754418
9748877
9748814
9769199
9734179
9743225
9724623
9651126
9756853
9752078
9728678
9786502
9666142
9764782
9766257
9747572
9747319
9660986
9655266
9580841
9504516
9736491
9770491
9639719
9772824
9779806
9774045
9774981
9774990
9753514
9782180
9761687
9789616
9699180
9718841
9664730
9749993
9791805
9758172
9758780
9793581
9705483
9789917
9793916
9793070
9790559
9792825
9792000
9791842
9786971
9782782
9782212
9792955
9792889
9781767
9781312
9726841
9713177
9768619
9784207
9772068
9795062
9795582
9795844
9795843
9795839
9795811
9791040
9795861
9795851
9795888
9795883
9795874
9795870
9795869
9795513
9795437
9795906
9795905
9795904
9795899
9795897
9794216
9794051
9524550
9744067
9743947
9743946
9737206
9732674
9722765
9719950
9663201
9600353
9743224
9741471
9740266
9738611
9609457
9609242
9600600
9710438
9710394
9705263
9661860
9643533
9728368
9646443
9744455
9744327
9740653
9736406
9711917
9724698
9741850
9744095
9743891
9467987
9704542
9733164
9743279
9676888
9561744
9743204
9724522
9698854
9691671
9643474
9739014
9742711
9583098
9743983
9743917
9744401
9743931
9744104
9722700
9743938
9744087
9744474
9645814
9738000
9738152
9752811
9725103
9494369
9744480
9726037
9574213
9624635
9658187
9775809
9769306
9766779
9762423
9727225
9677640
9763835
9750419
9745600
9769682
9769663
9766445
9764188
9757256
9769786
9577819
9769697
9758240
9775672
9674987
9767576
9696933
9744220
9775621
9775772
9769298
9664791
9775927
9772362
9775232
9743939
9781389
9781677
9734584
9785225
9775445
9704122
9744006
9608407
9769414
9775139
9740216
9716170
9793076
9793136
9769365
9793551
9772000
9793608
9786302
9791633
9773271
9769506
9621053
9684990
9795579
9795451
9795677
9795848
9795944
9795937
9795933
9795932
9795912
9795746
9721128
9699970
9699668
9722962
9725359
9718318
9744174
9675689
9744555
9743893
9742155
9737698
9732977
9731934
9719923
9744795
9744729
9744456
9744424
9744403
9743880
9743272
9738732
9737493
9728538
9688079
9627729
9627697
9627649
9627493
9561082
9744808
9744499
9729602
9724065
9739835
9700699
9688758
9627873
9627808
9573593
9555924
9745160
9745149
9745065
9745009
9744944
9744862
9744842
9744827
9739857
9702084
9725735
9609370
9633500
9630435
9745175
9745052
9512776
9744846
9720772
9743692
9736239
9745908
9745189
9746228
9745218
9744681
9725606
9745229
9734170
9725744
9737556
9738934
9709937
9717346
9750159
9580566
9718892
9718749
9718515
9718229
9651690
9776118
9691244
9776590
9776095
9776412
9694195
9513579
9496103
9764007
9744807
9756378
9748492
9770286
9695180
9770596
9692379
9737876
9770473
9770456
9759325
9737989
9737821
9688167
9735584
9735477
9742877
9769833
9766585
9630208
9770309
9776064
9775964
9684573
9744928
9634600
9699222
9770185
9788378
9723007
9776377
9793504
9705893
9704785
9661290
9794000
9710008
9708203
9707645
9794018
9793905
9793061
9792880
9731613
9773198
9750612
9722001
9544330
9794148
9770303
9795721
9795684
9795706
9795956
9795921
9465614
9645848
9694113
9698216
9717696
9744270
9720119
9744356
9718308
9743960
9723840
9724253
9748003
9747839
9748087
9747927
9724434
9657261
9624520
9745397
9745345
9739858
9745208
9745190
9738736
9733253
9715112
9693468
9642345
9623658
9720578
9745442
9745327
9745319
9744119
9743747
9738286
9735045
9727353
9684085
9607037
9721885
9536759
9735839
9719146
9738319
9637402
9495209
9741298
9741872
9735647
9728783
9719414
9743408
9685001
9743338
9721380
9700781
9742909
9735667
9723150
9715194
9622871
9745660
9745615
9745506
9743331
9745674
9693396
9728099
9649933
9738637
9746213
9746138
9745700
9745030
9744483
9739647
9744149
9660663
9747528
9673840
9701371
9700862
9664781
9711435
9713634
9710500
9684460
9652659
9704877
9667151
9667130
9756526
9680056
9738898
9745571
9743218
9760706
9774495
9756247
9769222
9683398
9760664
9776391
9724949
9724720
9720651
9720385
9720062
9739338
9682558
9778636
9769235
9734278
9742573
9703937
9770849
9763856
9755272
9703782
9721867
9786820
9777658
9745357
9764219
9742349
9679376
9770916
9772076
9772275
9637955
9771065
9770980
9770086
9650513
9771123
9769903
9745692
9776852
9776373
9768383
9678803
9742164
9757437
9776883
9740329
9776468
9781760
9756715
9789108
9788587
9755283
9696626
9793966
9792082
9750976
9794171
9672042
9794617
9794532
9795727
9795698
9795860
9795842
9795835
9795830
9795546
9688325
9693641
9743748
9667402
9736155
9519403
9744505
9720153
9711648
9704727
9698272
9744545
9744427
9744860
9726098
9720516
9633334
9747553
9745837
9743404
9663532
9715437
9709929
9666977
9724398
9740757
9631945
9630915
9216620
9704826
9704690
9740005
9602769
9742042
9582451
9743617
9743323
9741534
9740380
9742914
9743364
9741077
9730233
9654180
9745804
9745631
9745094
9744609
9742773
9741239
9713640
9548696
9692048
9745849
9745755
9744712
9745994
9745983
9745895
9745516
9744644
9743215
9737585
9720406
9708911
9525742
9686811
9584977
9551164
9746169
9746143
9745778
9745151
9731092
9722849
9718959
9718884
9746285
9746225
9746121
9746046
9746023
9746020
9745226
9744459
9726236
9622229
9613220
9725897
9746524
9740353
9746038
9454123
9734973
9743131
9743059
9743023
9742995
9731151
9746190
9657484
9655128
9741118
9746862
9746014
9740968
9700895
9696006
9746049
9648829
9745777
9729221
9711942
9712360
9696023
9666781
9733717
9732087
9552979
9745879
9743978
9742975
9745732
9745580
9734663
9733375
9771629
9737183
9769856
9770847
9741890
9778092
9706580
9599512
9771530
9769930
9743057
9772263
9771313
9675456
9734869
9731094
9771447
9765384
9771116
9769698
9642550
9745783
9777419
9777319
9755917
9755682
9777501
9743235
9739995
9667057
9722070
9746031
9201301
9777820
9777641
9448988
9771402
9776271
9725919
9783575
9791728
9777215
9741787
9781278
9670873
9728418
9671772
9684939
9751186
9734302
9774434
9792847
9741405
9794359
9794364
9794349
9794337
9793578
9794511
9794281
9593807
9794574
9794566
9794527
9794506
9794486
9788538
9525447
9795335
9695840
9695568
9711362
9739709
9708536
9748182
9740331
9742090
9746385
9746336
9744024
9737471
9735881
9682983
9649353
9579775
9746589
9746413
9746394
9746295
9741455
9734976
9713942
9667477
9568758
9491137
9746642
9746591
9746568
9746567
9746511
9746397
9746235
9746186
9745780
9704120
9594140
9746903
9746833
9746694
9746688
9746630
9746573
9746148
9745313
9744350
9740490
9693091
9692871
9630728
9682909
9633098
9746924
9746873
9746463
9746170
9727491
9747185
9746445
9746341
9746425
9739287
9594948
9740249
9777097
9744931
9673641
9632259
9746042
9740428
9752176
9707161
9774415
9767995
9736740
9771703
9766604
9766466
9766263
9765751
9765634
9765109
9764700
9764299
9728716
9767276
9764308
9754055
9752434
9669691
9654435
9595869
9746741
9767319
9764956
9772199
9771930
9718488
9767046
9771919
9773946
9777350
9771648
9691828
9775398
9665149
9783824
9722350
9790509
9788500
9707934
9707058
9791712
9772332
9701220
9789902
9789581
9779588
9790075
9789394
9754133
9794636
9794713
9794703
9781885
9721510
9794916
9789994
9792871
9648873
9795306
9782917
9783171
9620034
9689458
9698564
9744146
9594664
9744843
9718908
9740938
9741054
9741207
9740891
9705817
9672046
9743145
9743222
9743438
9741238
9705753
9743843
9731411
9730695
9647918
9713271
9715104
9745723
9746432
9504991
9747068
9747065
9747018
9747003
9746976
9746962
9746861
9746586
9746274
9743959
9722879
9747269
9747242
9747146
9747096
9747004
9741147
9738265
9731859
9716072
9698043
9620975
9747446
9734223
9747388
9747376
9747332
9747297
9747097
9746857
9743777
9743643
9740186
9725287
9664839
9620357
9547334
9747598
9747538
9747483
9747473
9747449
9747360
9747334
9747296
9747278
9747187
9747110
9747029
9746355
9648898
9609482
9745596
9744965
9744717
9733257
9732077
9701149
9747540
9713626
9657819
9741435
9741032
9732640
9536014
9706896
9475637
9692243
9778456
9778429
9768670
9769162
9747412
9655587
9740749
9739824
9767145
9745935
9767481
9704757
9717803
9494512
9764924
9592016
9506787
9767663
9772834
9765088
9758369
9772935
9772798
9541277
9772686
9663092
9758963
9778606
9790793
9752886
9741886
9770615
9794514
9794908
9794921
9794911
9718826
9718382
9794302
9795808
9748041
9747918
9747840
9747784
9747559
9746111
9698847
9641268
9638196
9636785
9747922
9747879
9747856
9747848
9747763
9747558
9744252
9741691
9720268
9686258
9680567
9748138
9748015
9677915
9669224
9743239
9628568
9743571
9738553
9528937
9746543
9746481
9652885
9707302
9747800
9746965
9747205
9747275
9746469
9735156
9747697
9747679
9747670
9747171
9715840
9589100
9711471
9577762
9698029
9747770
9753701
9753595
9544813
9741854
9744626
9640653
9765643
9714633
9779281
9779105
9703240
9742130
9773125
9773065
9772665
9759385
9735519
9717015
9772781
9772767
9772075
9771772
9761303
9771886
9768423
9772458
9772957
9773191
9779343
9752922
9773456
9772140
9739994
9779637
9779130
9751501
9789772
9708738
9794177
9772907
9787732
9788145
9795263
9748083
9748228
9748176
9748021
9747889
9746019
9733430
9636326
9748289
9748211
9748166
9747921
9742701
9740704
9651345
9748034
9736260
9748364
9745568
9748350
9707495
9708723
9748269
9731191
9746817
9774179
9748326
9742006
9771355
9772323
9683191
9761137
9715300
9742283
9761682
9771976
9791383
9778449
9790245
9789446
9790622
9720769
9752917
9752759
9752599
9795346
9791926
9626247
9704411
9682109
9660727
9601212
9748514
9671456
9748592
9769729
9768202
9773882
9718223
9775197
9703084
9791988
9789143
9795494
9795485
9795457
9795476
9795553
9795583
9795511
9727914
9695684
9701091
9743476
9743940
9745913
9740896
9748640
9748461
9722433
9748717
9714806
9619754
9595779
9595712
9747735
9747456
9747071
9745351
9748766
9630595
9768205
9457369
9795468
9795606
9795663
9795651
9795578
9795690
9726169
9713533
9713540
9748922
9722029
9574634
9748931
9748949
9749024
9749002
9748972
9711414
9748819
9748704
9744623
9655573
9747434
9747417
9749289
9637565
9749161
9711328
9704652
9750623
9750067
9560287
9382470
9707150
9755035
9727299
9752228
9700257
9693690
9703342
9766498
9776809
9776851
9775157
9590446
9742808
9748951
9253592
8882267
9775351
9775517
9776571
9768262
9774931
9754872
9790723
9791107
9780398
9780387
9780379
9780356
9780346
9791452
9790400
9780358
9781665
9795736
9748234
9736057
9716687
9690358
9748905
9748985
9739731
9733658
9654780
9635469
9749221
9749210
9749047
9740622
9740609
9732610
9718288
9717112
9698181
9590695
9749246
9749076
9737453
9734458
9728560
9715031
9748325
9749151
9704055
9702267
9750212
9741311
9726381
9750598
9707565
9660338
9658201
9471400
9753669
9753271
9599863
9749032
9554497
9749202
9754660
9754634
9774469
9670188
9764832
9780714
9645142
9695966
9749243
9694324
9650685
9774613
9708425
9681403
9778971
9779911
9728373
9775408
9634800
9770324
9779202
9709895
9548983
9774478
9589344
9785757
9785938
9785629
9792506
9614625
9748954
9776803
9792845
9795779
9795780
9722038
9715806
9711025
9701588
9722504
9735335
9743185
9737248
9728517
9745540
9748497
9748679
9749162
9723815
9650777
9747389
9602995
9749203
9747570
9740143
9738320
9724263
9722906
9722839
9682295
9658227
9579577
9672845
9665285
9749542
9749369
9749339
9741391
9737425
9730820
9700814
9684429
9749355
9746734
9744987
9741367
9740293
9673357
9689004
9645219
9639365
9603828
9745205
9738263
9736197
9749521
9714340
9749653
9749519
9748122
9680026
9630455
9706404
9704979
9718817
9705063
9704898
9725111
9555794
9742165
9706779
9630654
9731118
9589229
9752318
9724551
9749372
9729891
9624529
9492173
9749654
9555203
9749702
9600837
9753007
9617992
9742803
9638335
9735875
9650363
9676073
9722605
9749699
9751448
9638032
9735003
9752015
9751761
9689571
9689044
9724192
9772673
9772304
9735314
9722703
9707107
9774381
9715681
9716045
9709694
9745521
9632018
9660839
9739138
9746513
9772232
9650827
9572958
9775692
9693949
9743640
9780842
9780930
9722081
9781136
9774908
9774885
9775020
9754904
9729109
9782134
9667710
9782482
9626795
9749413
9553247
9792872
9791924
9781247
9743606
9490882
9795913
9795858
9629489
9722960
9736875
9749729
9749708
9719776
9712857
9702682
9565049
9719575
9690850
9480395
9749964
9749913
9749800
9749585
9747618
9737290
9547357
9749739
9749417
9748677
9716464
9672822
9750366
9750153
9750015
9749975
9746803
9745942
9740334
9739920
9738709
9500890
9718996
9726168
9726020
9704942
9692735
9620250
9585576
9497245
9750348
9750424
9750058
9746234
9749552
9519396
9749489
9609503
9541582
9750137
9617297
9749674
9750195
9640112
9674158
9760152
9754326
9705874
9750198
9749778
9750158
9754536
9769917
9767164
9674916
9775555
9775500
9772269
9775939
9775738
9774784
9710887
9774897
9774118
9763533
9757395
9759154
9758187
9781935
9779181
9781559
9774400
9781418
9793346
9793454
9790426
9744328
9713156
9639312
9795961
9795915
9771639
9671512
9740632
9651487
9751104
9723378
9716315
9715626
9691822
9750605
9750576
9750495
9750493
9729845
9729787
9750391
9750328
9750206
9746576
9737225
9716504
9696445
9691062
9664907
9576413
9491727
9751077
9749742
9748784
9745678
9743707
9741874
9735258
9725147
9721932
9328560
9750516
9648910
9705138
9537910
9751433
9750520
9741971
9742346
9742213
9751144
9750824
9750814
9750803
9750795
9750778
9750325
9750134
9750077
9749505
9749301
9747820
9739205
9690181
9626244
9620939
9528015
9726298
9751000
9761974
9766903
9766652
9765222
9755706
9544767
9775564
9776452
9696612
9690920
9690572
9690068
9778486
9751675
9770071
9697267
9776521
9776534
9774813
9766521
9767741
9719175
9776568
9775945
9772098
9781580
9771207
9710876
9638967
9784085
9793406
9793519
9744998
9744779
9794573
9769618
9695327
9594332
9681372
9706135
9706044
9712862
9703936
9738972
9748235
9728210
9722109
9737312
9739937
9726260
9561484
9731888
9711292
9690567
9735514
9714330
9698249
9738852
9737837
9749798
9673098
9702336
9713487
9636447
9668632
9623427
9705099
9554434
9704974
9731422
9707494
9745059
9719384
9750163
9749271
9744694
9576990
9724471
9735268
9707034
9598109
9683406
9753641
9752334
9749885
9751610
9751573
9751484
9751214
9710981
9709614
9660486
9635285
9721224
9666973
9750587
9679230
9751146
9751039
9749668
9676372
9751459
9751253
9749785
9748776
9746434
9746277
9728395
9758586
9771294
9771103
9776889
9773578
9773462
9762960
9739125
9729053
9777085
9777065
9736778
9776658
9776802
9743121
9655744
9777080
9781845
9776393
9783092
9763947
9729634
9174857
9605866
9640789
9777139
9776018
9751343
9753291
9591083
9585205
9783734
9260717
9773151
9776915
9781810
9581199
9765817
9794046
9793932
9794133
9776808
9794284
9693638
9717536
9642509
9699633
9700590
9706174
9704834
9367018
9743841
9734553
9748987
9740313
9722136
9732934
9597149
9746443
9749453
9721921
9717231
9610068
9740432
9751656
9717029
9660376
9749850
9743944
9716791
9678844
9716344
9716496
9735288
9748678
9708530
9656136
9700336
9750689
9752054
9749755
9749584
9749487
9749395
9749308
9749240
9749105
9731590
9618136
9753874
9720631
9702196
9584335
9753049
9734569
9743350
9754110
9751781
9751715
9751686
9751297
9749837
9749682
9734509
9706075
9691041
9751460
9750897
9749732
9747422
9610073
9751983
9751900
9746910
9740289
9707071
9703421
9598577
9574128
9716081
9688246
9665717
9657760
9750984
9675830
9544245
9497707
9714631
9752068
9752014
9747081
9745361
9706975
9680439
9752170
9471811
9752902
9772071
9763258
9766785
9765430
9671244
9623636
9678946
9685006
9684662
9777468
9787363
9782587
9753733
9705979
9771469
9778060
9774537
9743987
9460053
9776321
9773697
9670934
9777270
9755090
9777450
9777446
9777078
9755772
9777612
9777572
9759394
9180532
9763522
9777707
9774888
9775245
9552132
9775708
9778480
9740890
9591154
9642817
9782970
9501856
9786155
9777273
9783665
9776761
9746705
9720419
9791393
9676315
9791103
9707004
9673705
9742307
9746702
9676676
9750456
9752382
9752580
9719246
9752204
9752229
9722982
9708076
9752299
9750430
9752029
9752532
9679487
9750295
9751865
9746386
9743469
9734608
9752190
9752130
9752314
9752562
9752745
9752237
9775904
9778053
9777865
9764347
9745356
9580314
9778310
9778266
9752614
9752366
9764796
9783986
9783896
9782041
9752590
9778358
9709474
9771861
9777994
9777888
9777782
9775031
9771453
9758914
9746697
9734590
9664908
9777810
9771892
9781359
9779355
9776724
9567789
9698750
9613367
9784216
9746316
9715515
9785743
9777754
9794726
9547826
9549297
9636262
9747207
9713784
9705234
9753349
9749882
9750178
9541551
9704959
9751518
9753107
9753127
9710121
9747579
9619085
9753132
9753009
9722847
9742170
9752889
9674686
9644137
9640888
9753408
9753028
9747909
9584147
9753031
9751791
9750606
9727164
9761508
9753432
9749722
9778482
9778228
9764076
9741769
9778535
9778409
9765434
9765123
9778831
9778532
9753504
9745107
9620482
9784806
9784617
9775814
9772951
9772567
9766824
9778526
9718828
9767806
9772248
9753379
9771397
9668468
9776715
9775366
9678261
9476283
9778795
9772178
9784577
9768000
9767598
9777781
9667902
9773799
9784855
9685548
9750197
9642771
9778931
9794957
9720223
9709535
9655568
9749103
9713948
9667564
9643812
9752413
9641114
9702747
9753729
9753894
9753871
9753846
9753737
9753363
9752708
9746866
9718715
9698529
9609774
9753580
9753252
9744878
9727132
9677223
9754018
9753775
9734753
9733113
9732880
9729078
9741951
9753712
9753711
9753685
9753675
9753582
9753578
9753576
9753053
9752571
9752065
9752005
9751309
9750935
9749485
9748254
9712916
9753564
9753557
9753388
9753351
9752798
9752752
9750836
9749040
9746494
9744423
9738217
9754033
9730220
9752000
9733684
8466200
9713449
9707404
9176152
9765223
9773427
9773378
9668458
9779497
9786229
9767270
9524030
9606791
9724744
9779323
9748907
9748902
9723419
9779258
9777976
9779818
9785547
9778527
9779182
9779557
9766752
9785363
9784409
9570114
9748302
9728139
9730877
9754122
9753919
9753876
9751649
9751586
9748499
9748136
9751954
9750658
9538570
9754207
9754142
9754127
9754062
9754036
9753887
9754384
9754281
9751437
9754292
9754162
9754140
9753849
9753792
9750360
9742111
9729931
9754284
9754253
9749734
9735935
9735664
9559363
9754353
9754154
9773188
9772805
9750571
9773479
9785915
9780252
9792018
9749579
9728996
9729275
9754404
9754307
9730111
9714311
9732593
9752826
9754517
9746351
9754444
9754398
9742600
9771063
9780143
9781328
9786130
9795557
9795524
9748868
9749044
9664351
9664350
9752920
9746272
9754721
9754693
9754689
9754683
9754648
9744078
9753395
9753682
9753316
9753244
9753230
9753103
9752787
9740188
9754334
9673508
9736571
9754663
9754611
9699575
9512636
9749531
9327266
9679235
9780243
9759539
9786376
9727593
9550553
9738625
9795195
9794433
9685406
9631679
9700809
9754661
9749430
9496586
9741445
9757899
9754896
9754937
9542407
9731031
9730805
9755003
9652281
9755222
9677348
9718741
9719914
9751505
9720679
9751652
9758814
9614470
9755012
9624155
9636952
9740267
9778515
9786733
9772151
9640447
9513752
9756904
9783393
9791736
9786382
9691737
9675576
9721720
9563887
9722840
9656600
9609441
9755882
9541697
9644157
9757379
9756647
9757221
9756928
9752911
9698939
9606819
9755306
9739265
9710286
9655714
9753190
9752827
9747371
9696661
9755070
9745315
9671118
9755132
9740483
9705392
9755203
9755192
9755184
9752515
9746685
9733077
9695805
9653696
9752774
9486615
9738603
9752831
9756809
9689100
9753652
9759688
9755236
9775172
9774817
9654395
9707858
9786724
9723989
9785196
9764355
9786780
9780505
9780622
9780720
9536775
9781692
9783791
9754907
9742403
9345656
9740998
9790736
9744930
9784686
9737841
9757772
9787553
9741617
9611037
9537114
9705143
9704622
9710418
9741976
9667863
9644381
9551738
9711662
9554235
9755028
9755539
9755379
9678559
9609118
9757823
9507452
9755416
9752526
9755485
9755484
9755392
9755247
9755165
9753937
9752567
9749693
9744507
9728936
9728630
9606710
9531366
9755233
9753410
9753033
9752755
9750632
9710191
9668906
9652038
9608846
9599834
9519384
9755558
9755460
9755388
9755048
9750876
9748844
9747700
9746251
9734561
9719195
9610477
9609693
9603713
9755545
9755527
9755452
9752803
9752365
9743882
9739759
9710662
9704001
9752584
9518534
9755719
9746118
9734783
9751024
9740041
9701433
9721913
9722424
9755082
9758196
9755429
9758808
9723482
9756740
9755352
9755551
9755357
9660910
9758898
9786986
9719073
9690794
9787448
9758732
9786883
9755535
9462550
9780690
9780708
9750512
9781001
9779318
9781211
9779008
9393831
9749788
9728613
9618922
9775733
9781370
9781294
9567639
9778854
9779349
9770564
9576404
9792496
9747821
9723195
9788893
9789085
9785862
9792962
9792943
9692980
9623847
9542484
9705372
9698140
9621229
9756068
9756036
9755870
9755690
9747607
9747345
9739617
9739311
9724739
9723208
9646481
9756294
9756253
9756191
9756158
9756152
9756122
9755930
9755906
9755766
9752834
9724991
9708895
9666449
9638557
9616021
9580948
9568659
9540629
9540540
9540162
9753934
9744521
9756484
9744194
9741233
9738639
9756243
9756566
9756459
9746538
9719193
9608065
9609179
9747101
9747287
9749705
9755990
9755790
9586834
9740328
9685002
9545459
9754778
9753996
9755946
9755903
9755902
9755815
9755778
9755762
9716837
9754199
9756384
9756385
9752632
9753924
9754932
9755916
9696786
9769367
9746382
9763727
9750289
9782030
9780972
9787536
9672421
9767361
9768752
9746326
9752374
9766372
9757998
9763725
9760123
9711785
9782028
9781772
9726889
9749752
9666516
9781543
9781497
9781460
9781431
9784749
9753565
9770102
9751875
9643680
9711422
9718848
9661439
9749469
9756504
9719851
9756868
9756788
9756622
9756603
9756227
9756128
9756093
9755904
9751053
9731799
9729894
9706709
9667181
9642363
9757081
9756617
9756602
9756516
9756405
9755941
9755444
9752549
9743505
9746233
9741387
9757154
9756909
9753785
9753596
9738285
9736120
9730810
9727369
9724074
9662232
9745042
9754275
9749618
9322794
9752429
9740346
9745708
9415434
9756406
9737807
9756486
9756307
9739880
9757054
9756012
9756927
9598250
9732912
9756978
9608516
9779116
9543724
9782582
9587635
9781702
9788319
9755413
9693920
9664667
9788608
9768759
9793956
9782004
9721628
9673243
9706540
9652349
9672332
9707009
9728306
9715520
9711926
9711743
9709635
9702491
9712806
9722986
9719133
9723648
9610893
9618144
9756675
9725672
9756417
9750530
9626839
9594414
9757280
9757155
9754669
9757451
9757173
9756837
9756228
9756124
9752758
9735399
9735063
9697942
9575483
9757568
9757558
9757421
9757374
9756834
9740882
9757689
9757678
9757615
9757608
9757341
9757325
9757205
9756229
9755841
9755333
9746571
9746197
9730027
9687136
9757821
9734274
9758160
9756867
9703735
9755439
9743045
9749118
9752699
9741441
9722450
9716752
9743096
9749345
9689173
9673207
9757968
9757272
9756188
9755740
9758651
9756921
9756892
9755606
9759017
9753323
9758850
9757366
9752731
9757923
9758893
9644718
9673250
9732505
9589636
9746135
9764306
9782872
9771580
9766740
9782960
9782861
9769437
9783009
9784058
9784009
9763390
9762967
9787547
9780528
9757428
9786773
9747145
9783085
9781739
9690868
9344635
9765845
9422106
9688052
9776844
9789752
9788183
9782416
9738376
9788843
9794230
9667135
9712599
9712568
9790603
9788668
9757805
9712541
9712483
9712438
9712406
9712366
9712334
9712292
9658355
9749108
9712293
9712517
9668776
9552864
9698848
9560147
9752855
9757135
9752858
9744240
9682468
9757809
9757778
9757574
9749132
9744043
9720737
9634549
9740276
9717366
9672302
9757690
9758004
9757946
9757845
9757775
9744098
9696887
9662899
9601859
9758156
9758034
9758014
9758003
9757974
9757801
9756431
9752566
9752281
9743814
9741933
9740085
9737019
9703791
9758099
9758065
9757329
9756297
9755983
9749845
9743649
9740970
9741234
9752747
9749911
9724067
9758237
9758149
9757912
9757031
9756424
9758157
9758133
9756808
9755599
9678527
9756706
9759901
9738653
9752992
9760146
9755699
9755291
9743493
9760831
9758529
9746800
9720765
9757890
9757847
9757902
9782072
9782787
9724957
9784966
9773057
8433118
9757120
9362521
9757385
9757928
9737357
9781129
9706398
9781850
9752372
9783741
9774815
9784695
9759556
9783452
9786018
9770977
9726545
9783659
9782934
9783519
9783414
9748193
9674854
9782570
9788158
9788463
9783595
9727543
9789144
9784751
9573856
9789915
9784544
9758885
9789475
9675912
9783847
9789927
9794418
9594642
9795948
9639722
9725685
9714154
9501171
9711224
9756271
9648584
9757652
9696125
9678493
9752399
9752207
9758146
9758306
9753161
9752263
9750370
9750283
9740367
9719485
9705724
9758499
9758482
9758214
9758171
9758169
9756965
9755241
9753735
9753215
9751909
9744646
9733178
9684747
9665421
9554660
9520847
9503264
9758556
9758555
9758550
9758490
9758433
9758427
9757764
9756917
9749979
9745221
9758407
9757460
9630874
9694561
9671444
9671196
9666099
9664724
9622470
9546706
9758799
9758775
9758755
9758743
9758738
9758667
9756764
9756048
9753036
9739675
9726365
9617449
9758619
9733797
9704336
9759246
9758926
9741677
9753367
9709518
9765203
9758776
9718667
9757917
9753782
9765021
9760874
9784149
9709420
9595550
9741848
9673384
9758354
9769671
9779266
9758215
9663361
9659439
9633998
9616025
9784206
9776348
9773013
9779803
9779620
9672490
9787666
9774103
9756223
9768876
9728184
9726792
9789998
9781625
9779447
9772442
9712714
9747470
9783754
9682585
9667103
9755696
9739377
9700088
9757327
9753154
9656964
9754843
9733301
9682325
9547769
9740281
9726128
9707080
9662144
9706693
9758958
9758864
9758163
9737770
9734533
9732227
9726460
9706290
9604379
9500939
9759060
9758910
9756895
9755454
9754380
9760403
9759460
9759328
9759282
9759233
9758560
9758081
9756276
9754027
9746993
9736886
9732263
9709012
9605292
9759147
9740589
9719270
9701442
9711016
9759198
9756278
9737007
9759609
9759454
9758820
9639194
9759423
9759605
9759220
9755800
9778018
9765249
9759451
9759076
9322963
9763641
9660239
9555546
9753066
9752901
9707120
9707051
9773631
9767396
9784368
9787164
9759384
9700785
9779006
9780815
9777844
9759449
9759263
9744196
9773437
9668257
9779421
9767845
9767369
9761566
9785110
9784571
9784934
9789806
9628136
9791168
9775578
9790815
9786870
9785044
9750362
9686159
9691860
9733074
9794999
9795031
9795108
9680291
9688760
9746592
9732523
9702318
9661673
9591195
9754849
9669433
9648348
9753699
9754126
9755042
9759886
9759716
9752432
9668688
9726603
9760842
9758377
9759743
9759715
9759547
9758928
9758340
9753865
9753277
9752675
9748058
9746357
9720450
9682802
9759097
9753260
9725419
9711468
9640992
9627153
9550658
9500736
9759914
9759823
9759631
9750941
9759944
9759941
9759143
9758844
9752800
9689462
9662407
9505325
9704734
9633374
9785808
9786942
9437981
9787601
9759786
9344890
9785272
9774861
9773306
9764925
9785082
9779893
9771465
9785253
9784587
9779949
9753901
9785215
9785642
9784800
9748875
9786721
9788084
9791334
9784624
9784510
9778550
9759248
9751878
9791617
9785758
9576808
9787217
9791708
9741806
9795147
9412149
9724047
9760126
9758090
9668062
9760387
9760349
9748511
9745258
9745017
9731102
9540023
9760308
9760235
9757041
9748426
9747381
9760196
9760139
9760095
9758316
9754026
9760507
9760398
9757102
9759950
9760143
9665517
9785240
9753499
9753109
9771744
9792093
9548804
9534945
9596366
9749873
9674322
9760228
9756364
9757591
9752453
9760633
9625389
9758035
9757897
9783199
9783568
9666459
9770152
9751477
9666015
9730995
9788484
9666271
9789350
9500129
9751913
9756201
9756457
9757297
9755312
9697673
9720102
9758719
9759352
9754557
9499894
9739887
9760382
9732231
9716523
9774745
9783756
9782996
9751970
9725509
9787648
9787827
9740095
9785015
9780471
9779807
9552073
9786346
9792394
9790830
9795598
9605551
9650429
9755929
9756267
9756595
9742542
9761490
9505443
9560748
9761221
9761179
9731400
9776958
9776293
9777173
9777330
9735138
9753603
9783492
9610353
9699113
9688054
9792695
9781495
8830007
9748171
9715186
9711220
9504681
9719917
9610629
9725302
9754618
9761733
9653922
9754228
9758841
9752340
9756339
9755725
9748431
9786783
9786821
9786809
9770527
9763288
9767594
9745437
9674418
9786964
9755418
9792486
9792542
9776136
9791111
9782969
9786451
9792790
9794858
9795812
9683147
9740663
9536037
9676348
9752732
9555341
9620251
9740599
9671563
9659020
9754408
9760998
9760995
9760924
9760014
9759721
9755567
9755396
9755041
9754991
9748159
9751261
9683246
9677285
9786852
9706801
9786426
9772852
9777963
9730932
9577177
9758298
9746923
9791236
9660939
9660768
9660651
9653435
9768881
9793095
9793002
9646232
9717447
9688699
9657410
9739602
9706869
9761058
9760219
9759694
9756086
9755826
9756563
9518549
9776945
9780693
9717673
9766578
9787617
9771330
9737813
9763907
9788119
9758092
9708281
9785339
9793199
9763406
9725575
9475396
9716176
9714421
9755671
9727448
9756293
9761713
9761127
9761158
9728606
9627570
9761103
9756995
9636348
9788238
9782460
9775970
9667744
9788296
9787969
9770939
9788206
9786436
9788505
9772505
9734618
9788787
9788673
9788657
9788313
9788271
9784937
9788951
9788919
9758867
9793946
9793939
9794008
9791019
9793532
9690669
9583901
9692152
9716666
9718279
9718188
9716810
9718016
9727717
9618336
9622497
9746436
9698699
9761225
9761274
9761248
9755583
9753183
9784696
9689861
9717636
9631179
9790835
9687988
9789033
9789114
9789871
9789238
9777634
9652472
9788499
9789154
9752618
9633787
9789300
9789251
9789163
9788956
9783945
9782434
9789418
9788930
9783375
9788635
9690384
9787934
9756118
9754273
9793315
9514529
9531890
9794210
9755905
9755686
9755465
9794321
9794282
9433108
9606938
9654806
9720786
9645426
9718394
9711850
9650322
9758019
9758363
9758054
9739795
9548275
9778556
9786709
9782465
9702473
9791463
9792121
9712142
9769189
9773745
9780545
9770789
9744641
9789935
9789191
9733234
9790025
9780422
9780456
9789654
9780402
9780242
9780446
9217495
9755002
9794405
9765618
9766343
9709471
9794441
9790358
9770194
9775110
9753903
9795085
9702133
9795329
9706074
9691294
9740833
9706564
9719104
9566492
9744179
9706030
9750097
9743660
9744581
9685605
9644050
9758273
9709311
9633955
9784092
9790112
9789988
9778965
9788038
9788002
9786143
9781010
9771298
9785569
9790253
9790210
9790058
9788725
9787686
9787685
9785048
9768629
9550216
9719093
9790531
9790455
9789649
9755385
9659947
9609408
9784004
9793528
9613106
9792991
9714132
9715032
9716468
9719996
9747831
9744962
9735373
9733283
9633578
9771414
9775464
9790733
9785434
9689165
9791223
9791222
9791185
9791130
9790896
9756109
9754364
9752507
9750313
9726439
9788797
9790664
9790651
9790366
9790820
9793168
9793183
9626219
9795111
9514475
9533734
9647139
9730196
9714176
9749745
9714522
9761503
9760144
9726635
9753212
9395827
9655116
9654890
9654695
9709100
9791218
9785108
9781656
9791553
9791492
9791435
9791424
9791355
9789644
9786485
9753556
9752508
9736018
9791047
9790977
9754192
9783474
9780463
9791390
9769051
9773457
9795131
9742568
9663898
9636691
9770030
9761455
9791868
9784080
9684021
9792028
9769128
9791580
9785056
9789198
9792032
9721045
9721121
9761619
9738706
9737587
9782340
9788473
9757286
9595812
9792001
9789617
9767463
9794516
9739544
9732825
9755491
9761059
9761140
9760495
9786987
9767994
9309851
9792352
9786252
9792450
9792418
9792316
9789430
9789002
9780365
9778695
9791302
9781015
9317849
9727835
9655951
9592865
9563926
9630398
9701183
9724773
9590225
9726597
9576795
9740823
9762541
9615052
9607336
9749390
9600679
9573376
9762450
9762519
9762518
9762517
9762524
9762522
9762521
9762520
9762987
9762515
9581542
9767115
9764966
9763903
9645557
9764662
9764845
9722753
9765298
9715248
9765270
9765065
9765762
9763000
9767593
9767588
9767111
9547967
9766514
9767157
9755446
9637578
9615223
9757786
9773376
9761774
9776691
9770180
9770089
9793468
9793383
9793527
9698214
9614381
9470101
9688571
9722105
9713343
9671175
9671495
9643413
9682069
9510366
9681704
9642262
9756659
9749253
9757575
9762651
9762644
9759033
9691450
9759847
9745810
9738457
9761746
9760896
9759485
9715162
9758930
9705984
9761169
9762779
9714145
9689504
9758435
9709465
9762835
9763450
9759461
9726563
9699422
9646017
9761333
9681657
9651618
9604193
9765686
9687941
9756281
9781711
9724583
9757876
9768100
9676629
9692782
9711095
9560300
9766716
9750053
9765834
9762725
9749660
9755897
9750264
9642774
9782639
9768094
9784326
9782125
9779910
9783635
9766017
9767755
9792869
9792811
9794481
9754378
9698731
9716377
9722062
9709559
9675964
9679689
9749349
9749565
9730194
9752092
9703929
9749749
9732675
9738405
9514856
9736411
9721967
9719036
9716451
9671410
9718744
9761819
9687208
9725904
9644474
9762915
9762728
9758895
9750459
9744970
9698119
9695206
9676054
9744307
9739202
9717273
9716034
9762905
9704149
9761922
9759511
9762937
9761898
9760117
9747806
9744768
9759089
9665345
9605582
9723780
9718500
9691713
9756410
9667916
9746650
9713293
9738029
9684927
9763209
9762984
9759659
9755051
9755858
9726521
9712727
9763308
9727011
9687256
9762567
9757276
9732448
9726559
9726890
9782929
9761010
9754586
9762163
9716551
9541938
9545047
9724694
9721964
9766655
9770744
9779627
9773050
9766933
9691208
9787255
9777791
9792979
9792945
9783996
9772451
9793039
9792852
9793030
9792931
9792928
9793138
9784700
9793726
9789383
9793093
9620037
9715981
9742242
9750165
9761038
9753150
9756313
9757003
9755195
9711706
9761883
9761962
9761090
9705602
9574911
9717333
9727013
9763785
9705766
9763824
9763713
9763538
9747273
9746195
9704579
9718804
9763891
9710760
9619774
9668995
9611177
9715359
9711128
9763423
9763529
9689939
9763372
9763326
9763297
9752779
9744950
9725245
9722207
9718117
9713112
9713027
9566089
9763451
9763365
9759310
9759190
9758890
9758411
9757252
9755574
9755405
9753149
9752195
9750595
9717777
9713187
9712896
9712827
9650108
9763774
9763648
9763620
9763521
9763517
9763516
9763484
9733330
9732751
9720403
9715848
9763256
9670397
9638119
9765144
9724023
9765428
9750485
9787762
9635417
9722726
9763657
9765920
9734003
9781680
9760097
9720523
9749995
9752500
9739011
9793564
9754216
9657434
9789032
9732951
9756331
9735582
9756075
9679171
9633613
9729261
9717084
9761966
9714286
9761960
9761196
9761265
9766070
9763906
9763814
9763573
9762277
9763933
9763873
9763498
9759497
9759321
9739165
9736716
9658468
9600146
9748107
9744898
9749229
9741460
9764445
9764578
9727178
9714105
9764054
9719573
9682680
9666477
9764471
9764382
9764352
9745890
9741371
9741043
9718955
9709742
9668740
9763088
9764004
9764003
9762701
9746299
9786355
9490432
9764690
9756398
9764511
9744877
9568261
9752362
9605393
9793834
9679696
9791246
9787898
9780853
9750052
9744076
9633601
9690949
9724455
9722435
9727499
9745618
9711550
9737877
9725259
9701124
9684432
9719838
9752848
9752182
9741870
9704409
9746162
9755318
9706601
9705495
9741789
9744185
9734374
9762557
9738657
9738491
9761325
9762769
9758238
9712469
9755924
9750958
9761998
9762057
9762880
9746807
9762964
9723018
9664303
9753507
9707322
9763845
9747501
9763972
9752317
9665444
9725418
9494152
9607475
9646969
9744064
9764709
9764692
9764673
9763834
9756847
9750641
9727124
9722009
9705430
9764886
9715815
9674573
9715863
9764021
9720642
9689784
9764531
9763305
9763175
9763436
9756824
9763584
9763691
9765084
9764976
9764861
9760790
9757990
9667810
9764659
9500662
9608675
9763036
9760977
9647490
9766812
9765070
9530879
9764699
9606270
9764888
9764843
9764986
9759324
9790729
9791581
9785354
9788754
9621933
9789321
9789136
9794022
9748921
9757593
9793702
9791822
9710944
9794286
9781351
9719920
9665396
9664476
9662400
9720756
9713790
9679775
9749456
9758255
9728415
9760017
9759927
9759407
9762138
9762158
9758201
9744294
9732058
9762994
9758336
9758665
9758260
9765418
9765060
9714237
9778338
9728764
9746655
9763980
9763220
9738419
9758124
9688707
9763007
9690903
9626950
9746595
9762952
9764088
9765140
9763439
9720072
9727279
9688892
9687451
9765398
9765356
9765331
9765313
9758960
9758308
9723377
9707055
9694017
9654483
9647622
9647603
9525525
9753726
9752201
9750028
9745331
9735485
9733628
9765561
9765533
9765458
9765378
9764236
9764151
9763919
9763360
9759996
9711521
9646192
9636382
9765238
9763983
9715634
8639681
9347838
9197413
9645978
9609949
9765369
9768142
9765443
9625145
9712919
9766617
9706691
9656342
9765307
9765831
9783801
9783430
9771260
9718210
9616754
9789741
9525498
9709838
9793498
9741310
9790586
9794576
9773268
9766170
9794443
9794091
9788970
9794744
9794386
9698517
9461430
9734926
9712698
9728564
9542543
9690549
9747044
9766216
9763155
9734894
9724439
9763619
9746640
9732608
9732246
9726701
9765781
9713653
9701280
9765470
9741132
9766178
9766011
9765966
9763807
9759732
9756587
9752600
9747877
9695035
9695018
9694945
9680098
9765206
9672636
9765411
9759103
9756259
9705163
9705013
9765904
9765741
9765697
9765674
9765436
9752821
9752665
9517954
9514754
9605007
9766236
9744051
9698122
9765669
9771532
9707611
9707272
9765980
9749781
9766294
9766163
9756815
9596201
9765702
9691307
9784133
9744725
9763710
9763567
9598090
9776023
9730610
9776789
9776134
9772273
9772014
9771468
9770642
9770097
9794738
9782925
9773485
9773311
9773158
9772831
9772450
9794866
9794873
9725971
9611465
9735352
9652424
9598013
9644915
9762127
9762169
9726992
9763909
9725511
9723345
9711067
9764121
9671537
9769827
9766200
9759300
9710952
9563803
9750716
9686188
9686018
9685754
9691665
9672882
9634445
9765953
9765255
9750218
9765408
9694595
9765507
9765731
9765794
9759028
9756936
9766027
9755714
9733818
9766531
9766689
9510821
9766718
9766062
9764993
9763668
9758711
9758284
9738023
9719845
9707327
9705196
9661317
9649678
9719779
9766553
9766400
9764628
9729537
9707270
9766645
9766644
9766502
9766431
9766292
9764718
9764404
9757925
9757029
9533258
9766282
9776503
9766623
9766425
9759971
9704528
9574848
9691767
9790418
9794973
9794939
9794870
9753545
9753299
9739234
9739136
9739070
9738962
9738890
9738703
9736337
9736180
9764566
9566160
9795115
9795071
9794995
9658284
9726802
9726852
9726516
9736112
9762742
9590620
9767033
9762242
9704585
9762862
9766979
9719623
9647365
9646265
9767109
9766905
9746451
9718033
9706271
9696548
9674660
9641708
9743627
9767051
9766845
9766856
9765589
9680177
9659391
9766651
9766603
9766530
9766385
9764844
9764588
9720240
9670721
9755868
9751876
9747661
9735115
9725718
9767068
9766829
9766461
9766237
9766481
9765292
9764259
9763602
9756510
9766537
9785682
9766893
9766847
9790626
9745536
9764862
9782918
9793794
9795240
9485940
9726828
9727156
9736325
9677949
9751251
9760575
9766993
9767540
9644295
9767464
9767053
9758045
9756440
9753973
9767454
9767313
9764863
9759646
9759326
9767255
9572505
9767024
9767480
9767630
9779787
9629624
9745134
9795153
9790101
9795302
9795384
9795395
9782920
9488087
9600222
9762270
9761727
9767688
9689887
9585462
9767898
9750304
9767840
9767835
9724373
9600984
9767742
9760895
9743517
9709480
9703494
9762929
9767844
9784105
9792041
9793226
9641682
9782026
9782372
9727331
9723709
9602784
9762399
9762433
9763898
9754574
9747282
9735250
9580986
9768029
9708987
9764962
9794229
9657423
9669832
9593769
9724758
9757537
9762974
9769369
9763992
9710997
9652936
9727812
9731657
9688829
9770383
9767961
9765251
9773968
9771488
9776602
9758575
9758477
9768453
9768306
9768232
9768328
9768304
9737022
9764689
9772374
9773039
9695130
9771245
9771515
9594154
9591495
9564738
9773779
9773988
9768248
9607673
9774411
9775874
9634950
9689438
9755185
9740610
9768561
9665859
9598407
9764495
9768518
9740923
9601245
9768489
9765936
9738253
9716337
9768551
9768547
9768534
9768424
9759038
9729556
9704237
9630261
9759179
9768634
9698303
9762189
9749883
9664264
9721681
9636962
9771640
9765497
9763827
9763670
9724751
9761498
9654140
9773652
9694547
9694256
9768517
9768440
9767793
9722959
9722930
9767574
9709256
9744208
9723156
9608951
9590271
9594146
9731989
9732590
9725597
9715924
9709016
9706620
9703372
9602462
9602182
9768974
9768860
9768857
9764880
9757639
9744363
9744103
9768798
9750332
9769928
9750610
9743948
9696107
9737100
9648208
9620082
9727987
9716491
9701604
9690788
9685055
9603816
9769171
9769014
9768960
9768932
9768855
9768665
9768449
9768363
9767953
9766730
9747657
9697316
9682196
9722112
9763043
9612621
9763467
9762883
9733359
9726668
9758390
9767987
9700896
9526912
9763394
9755571
9729502
9716227
9768654
9767199
9681763
9747766
9768685
9766242
9762722
9757994
9723668
9718093
9717092
9716713
9694153
9771802
9743806
9722310
9735671
9769208
9704858
9770940
9693477
9768723
9768661
9768968
9736509
9768638
9769053
9507165
9774995
9768651
9577497
9649999
9660847
9762560
9768941
9769354
9769166
9765968
9765508
9731526
9725058
9723175
9706009
9694343
9681506
9769436
9769398
9769394
9769147
9768978
9766914
9766094
9762321
9759462
9753645
9738269
9682647
9586513
9510246
9769520
9769384
9769280
9769168
9769111
9769050
9769899
9769668
9769538
9767862
9762774
9769873
9767535
9749422
9746704
9725277
9699143
9747136
9704539
9767976
9743462
9728381
9655382
9603529
9543670
9548336
9769911
9667666
9770834
9722036
9756427
9735041
9768310
9744561
9715412
9769756
9768414
9769896
9771209
9771118
9771478
9698072
9771190
9769023
9769835
9738975
9711089
9756420
9755980
9770074
9769994
9762630
9683393
9770393
9770376
9770345
9770168
9752296
9750037
9722951
9720485
9719147
9706634
9685616
9635657
9770297
9770199
9770198
9770181
9770069
9769639
9737962
9716361
9708716
9697225
9635322
9610871
9770499
9770413
9770176
9770145
9769666
9769067
9762951
9759430
9739563
9738949
9738725
9728922
9724487
9678890
9566858
9633631
9768154
9770131
9768281
9755890
9770428
9770285
9770279
9758803
9769937
9725677
9768533
9764084
9770046
9707707
9692003
9738292
9519885
9706919
9738125
9715772
9758400
9725077
9750953
9652807
9765253
9768927
9769600
9757908
9756394
9769607
9768914
9769555
9652344
9770843
9770841
9770840
9770777
9770773
9770507
9626069
9770906
9770895
9770722
9764726
9766050
9770825
9768915
9758582
9726730
9702469
9757216
9745993
9741370
9743388
9743252
9676914
9763918
9755414
9768321
9766503
9763613
9745228
9771052
9770543
9772287
9770664
9753965
9747829
9726035
9666963
9758698
9753416
9771021
9770994
9768681
9751070
9554511
9546613
9770879
9756700
9628405
9559814
9771176
9752146
9774314
9580356
9770878
9770726
9709022
9500713
9770240
9794169
9542564
9727949
9756255
9772829
9544058
9777474
9722679
9751028
9766670
9758460
9753855
9728253
9676594
9770544
9770448
9769206
9770747
9763216
9763123
9769626
9751086
9765938
9729853
9758111
9752897
9724818
9764570
9765275
9039732
9651983
9238566
9767814
9767644
9767490
9768027
9768481
9587407
9749170
9746608
9740359
9717101
9705881
9771570
9768917
9766396
9764443
9750646
9702791
9771943
9769920
9642769
9614400
9710597
9771635
9771445
9732323
9704460
9771578
9740402
9665898
9772235
9769769
9759909
9713327
9771172
9773002
9771493
9768613
9656034
9642416
9771258
9771185
9771183
9771175
9771155
9771006
9749319
9737289
9670522
9771606
9771452
9771390
9771284
9765295
9758135
9752523
9725270
9724978
9711539
9708709
9694614
9771273
9771058
9769845
9769748
9690606
9771518
9771472
9771433
9771358
9770533
9740400
9728576
9712183
9706518
9690692
9768429
9768245
9763503
9772902
9772591
9768552
9768366
9540514
9721432
9775121
9414179
9772982
9513478
9608148
9718316
9691269
9773915
9763005
9769455
9658430
9606657
9726083
9723084
9731416
9771859
9771847
9771835
9771743
9771727
9771675
9771403
9764312
9614759
9705098
9690577
9772097
9772042
9771964
9771937
9771885
9771857
9771693
9771542
9770116
9769963
9766020
9712440
9643829
9609578
9607721
9771352
9760412
9741762
9724877
9772168
9772117
9772044
9771854
9769218
9768617
9762767
9772224
9770182
9768901
9772203
9771691
9772353
9771088
9766291
9677993
9645725
9746026
9769900
9772290
9771274
9712272
9709878
9773781
9772032
9741314
9771820
9782380
9642567
9633150
9785282
9748158
9512248
9753125
9750224
9703472
9769250
9766849
9769610
9545034
9770690
9770498
9700144
9700055
9697531
9697528
9696706
9695472
9707037
9696247
9695349
9738335
9697118
9751056
9667536
9739366
9748805
9762750
9744690
9771415
9769428
9772118
9768224
9772215
9772645
9772460
9772369
9772270
9772176
9772125
9771783
9770461
9766302
9712111
9707100
9697232
9696029
9772080
9771914
9771729
9772373
9772192
9767224
9759908
9745882
9742255
9741226
9689567
9599794
9772663
9772656
9772617
9772614
9772611
9772523
9772489
9772483
9772478
9772459
9772440
9772292
9772216
9771672
9768969
9765628
9764486
9758352
9758031
9751385
9750730
9667927
9597889
9617407
9772395
9772877
9772872
9772832
9772764
9772678
9772388
9772067
9771090
9769340
9761287
9750561
9697244
9633967
9599605
9772753
9759811
9723172
9772968
9772348
9707087
9694003
9694209
9771276
9694266
9772666
9772583
9772996
9772383
9794968
9696566
9589794
9773333
9773337
9769265
9662444
9719874
9769098
9751937
9727614
9773107
9767040
9764318
9768520
9535634
9770353
9773236
9773229
9773226
9773124
9772787
9772609
9766304
9761550
9756938
9734724
9697293
9697278
9682811
9772689
9773096
9773001
9772853
9772726
9772589
9771713
9770697
9768943
9750528
9743430
9773324
9773300
9773072
9765929
9764438
9756565
9714489
9713244
9766741
9773023
9771023
9767236
9735759
9733267
9720611
9650084
9773424
9773421
9770184
9617069
9773243
9767026
9772513
9766668
9655065
9781787
9597545
9773221
9628644
9628550
9628442
9627562
9715190
9742293
9773638
9773696
9773530
9773441
9773312
9773630
9773613
9773579
9773540
9773395
9773339
9773688
9773728
9751713
9773712
9772592
9773418
9760476
9760527
9773570
9710099
9674706
9655053
9677288
9773842
9773561
9630088
9767868
9762128
9760667
9674560
9773950
9727105
9634770
9579046
9769470
9724917
9768735
9739476
9768841
9770322
9772061
9606903
9771785
9759591
9754308
9772654
9772384
9750743
9669127
9773481
9773977
9774120
9774088
9771275
9782025
9521537
9743444
9642801
9744342
9735341
9648614
9775726
9583675
9646367
9771326
9765476
9764199
9691409
9786695
9700823
9723363
9656495
9774380
9699692
9774417
9766083
9669809
9622341
9774421
9774292
9768462
9688911
9774985
9774773
9724233
9565948
9654236
9662865
9649168
9712833
9746533
9688273
9562892
9562869
9774588
9774375
9772512
9768822
9762647
9760944
9731917
9731906
9654382
9752709
9722604
9677855
9666887
9736113
9723755
9723470
9740342
9652616
9777775
9769617
9780019
9765758
9786564
9725657
9765924
9749451
9737822
9674224
9772183
9774471
9774509
9766320
9764439
9773844
9763765
9725424
9636647
9636176
9743886
9775240
9698928
9774458
9774957
9779902
9616455
9740869
9743055
9741544
9735297
9731645
9743383
9694381
9703663
9696278
9695425
9620512
9774667
9774607
9773106
9772633
9737751
9705412
9616322
9609826
9774891
9774820
9774799
9770910
9752294
9746226
9719693
9690878
9664546
9636780
9633628
9616166
9615798
9615433
9609557
9608877
9774978
9774902
9774776
9774738
9772931
9766851
9750215
9737252
9774866
9774741
9774742
9776309
9763722
9643044
9603188
9742224
9723105
9700179
9769181
9710105
9716076
9774936
9749255
9746701
9696514
9773097
9771504
9766598
9772425
9773309
9756161
9771202
9737197
9732586
9774440
9634689
9743494
9775188
9775788
9775029
9758518
9749530
9704375
9701393
9775143
9775043
9774883
9772750
9772416
9768988
9766711
9753296
9741490
9733681
9725661
9723455
9719404
9711801
9707760
9672035
9615955
9736119
9771495
9752220
9683742
9757565
9764069
9703796
9779190
9779297
9778369
9547048
9737944
9518587
9685145
9731103
9775847
9775607
9775380
9775786
9773009
9748023
9760380
9735903
9724929
9777088
9749283
9735677
9775456
9775283
9775018
9772358
9666783
9613649
9775727
9775688
9775575
9775567
9775483
9772953
9771494
9644517
9596781
9594402
9695511
9775752
9775665
9775278
9741300
9740412
9724001
9677107
9775182
9775132
9774296
9770493
9739797
9737064
9636238
9621703
9579029
9567831
9775345
9775108
9773131
9771363
9690807
9775374
9775622
9725313
9730781
9638961
9728380
9731577
9752298
9723846
9774752
9776289
9775843
9776142
9776114
9775763
9771913
9766789
9766698
9752936
9749903
9749392
9592836
9514275
9776384
9776217
9776047
9776020
9775627
9770869
9770700
9765143
9703906
9592777
9773867
9771290
9768210
9713183
9685379
9710868
9722347
9661327
9637728
9632134
9597405
9741771
9744905
9711339
9734354
9735109
9737347
9638269
9776434
9770053
9752167
9768832
9739825
9776622
9775925
9692338
9749897
9775413
9596772
9720946
9701226
9667461
9552366
9775953
9775655
9772364
9764051
9761209
9734627
9719296
9692413
9683628
9564552
9563691
9770537
9770314
9770042
9752743
9749795
9776497
9776488
9776332
9776032
9776411
9776259
9775391
9776196
9776193
9690085
9725862
9734455
9744629
9747172
9737975
9665930
9774766
9774925
9763730
9706448
9776900
9776831
9736309
9713345
9699385
9696920
9658131
9776961
9776855
9528053
9741318
9736207
9553694
9776843
9773010
9721872
9638311
9563149
9562820
9766793
9771234
9765882
9769196
9651945
9770975
9778222
9752217
9776646
9676460
9768659
9768430
9702384
9770854
9747617
9721939
9720175
9753262
9779725
9779326
9777154
9776766
9775824
9774489
9775484
9728641
9775731
9775225
9733389
9649890
9775935
9774012
9775090
9769316
9678613
9774772
9759257
9758180
9776401
9776914
9726500
9610418
9732660
9711511
9768779
9774094
9771113
9770763
9770525
9774254
9774250
9774264
9774260
9775912
9688674
9649610
9778209
9771692
9778850
9658951
9762259
9777387
9631622
9744178
9772112
9748378
9775510
9777137
9777194
9777113
9776058
9768642
9756989
9745411
9743449
9728121
9686290
9582171
9777079
9747951
9777567
9777471
9777401
9777334
9775221
9752943
9750403
9748199
9716909
9554449
9703409
9685296
9624061
9777361
9777329
9745024
9711074
9709356
9771572
9771434
9765214
9773853
9774032
9774008
9773970
9773945
9773905
9774064
9774099
9774086
9774131
9764047
9777269
9777709
9777680
9777663
9777619
9777487
9777425
9736154
9576711
9535260
9775581
9765868
9774895
9642688
9775471
9755986
9776749
9703965
9777576
9781602
9783510
9794435
9775059
9732303
9748339
9740187
9775776
9724793
9716279
9778198
9778114
9778094
9778048
9778019
9777812
9777774
9775691
9727978
9778120
9778020
9759247
9755286
9752631
9679538
9631227
9778329
9773122
9757024
9755205
9686740
9778271
9777131
9765615
9694414
9718896
9772319
9771527
9778090
9699100
9725072
9716537
9725878
9769372
9777941
9777910
9777502
9776765
9774041
9765632
9725441
9722575
9702111
9777653
9777574
9774828
9757739
9747281
9746832
9722697
9722270
9722104
9679091
9615622
9590473
9536508
9778301
9777784
9778194
9783994
9689118
9741183
9735575
9648933
9599966
9734765
9751499
9774512
9722172
9774874
9714980
9776006
9777895
9778534
9778465
9778447
9778432
9778408
9778210
9777268
9776087
9773383
9759432
9778611
9778400
9778172
9777860
9776458
9775576
9773291
9772508
9770173
9764457
9750830
9778729
9778717
9778716
9778688
9778685
9778673
9777230
9769733
9768515
9765875
9765509
9741051
9732681
9776044
9785076
9778543
9777566
9778645
9768397
9757936
9698975
9758425
9778605
9777488
9777666
9749425
9735717
9775634
9732577
9775175
9759305
9683360
9778675
9778182
9778963
9753368
9778487
9778500
9748017
9723432
9776476
9767265
9778003
9778565
9778484
9772946
9765510
9779290
9686341
9779186
9766331
9779502
9779340
9778904
9774521
9698116
9777722
9776454
9733362
9732624
9745767
9779003
9780186
9779406
9776267
9645677
9699691
9778478
9777958
9743765
9774550
9774886
9780437
9779360
9562834
9774303
9776634
9780134
9730573
9508980
9625654
9780130
9678494
9709756
9737227
9664346
9774809
9776155
9777982
9778290
9779604
9778283
9775684
9775853
9687868
9538229
9741642
9688253
9762165
9718616
9775948
9778737
9731875
9700958
9698762
9782281
9756849
9783220
9782433
9782093
9736895
9780532
9552150
9736906
9718475
9714078
9750353
9777902
9716994
9777637
9744692
9779780
9780513
9739727
9661359
9768305
9719288
9765957
9726957
9535447
9775976
9771550
9622416
9754973
9756916
9782351
9777297
9774996
9364422
9739662
9737413
9749420
9738254
9778742
9622854
9780032
9779919
9721333
9785138
9784892
9780957
9783746
9655664
9780744
9780703
9778890
9778713
9762543
9739977
9719056
9778938
9766559
9764294
9722485
9780831
9774547
9766538
9715490
9732663
9704586
9704964
9780490
9745718
9710844
9643388
9777840
9777827
9775850
9758649
9743811
9711532
9709556
9778126
9768420
9752820
9732671
9642945
9638973
9780712
9780609
9595705
9780144
9774938
9612916
9665704
9774420
9655336
9785364
9780664
9785616
9780771
9780670
9704231
9705285
9725544
9740377
9707172
9670511
9731653
9636228
9762610
9693764
9670074
9778499
9691462
9661476
9769121
9770424
9765730
9782882
9636802
9763202
9780952
9781372
9682993
9730919
9699992
9738550
9771763
9772126
9772474
9771046
9771323
9679729
9514604
9780841
9772028
9769215
9745144
9714021
9693719
9652027
9780981
9780961
9780915
9780902
9780899
9780877
9778477
9773368
9751669
9781144
9781093
9781059
9781023
9780642
9779235
9778841
9771540
9770229
9769662
9753828
9708685
9678936
9637997
9551569
9781172
9781166
9781141
9778882
9778749
9773706
9768733
9757079
9756790
9756260
9755871
9726511
9722303
9563558
9757235
9577760
9765789
9759798
9718539
9759180
9772026
9608512
9662748
9768699
9781344
9778804
9755555
9755255
9722370
9670508
9752381
9662058
9779041
9760709
9775984
9751042
9767870
9777880
9534154
9780867
9602179
9764668
9740559
9779224
9731860
9706866
9781134
9670351
9634101
9717637
9590768
9590540
9779341
9764266
9781927
9783520
9781409
9779513
9775013
9693822
9550101
9769971
9774962
9590438
9588055
9781123
9781085
9779595
9776867
9776580
9775973
9771102
9769732
9765401
9763237
9758064
9747846
9722513
9722028
9675582
9747691
9744671
9737115
9720521
9778998
9778746
9765272
9744743
9739608
9705959
9702361
9668628
9614115
9781601
9781396
9779416
9776105
9595957
9541864
9781683
9781678
9781663
9781701
9777180
9762785
9732034
9781074
9781527
9781486
9775908
9718359
9716712
9774802
9776600
9776265
9653513
9658754
9597489
9691668
9770269
9720209
9782454
9778786
9744137
9555005
9782167
9782392
9784289
9782773
9782334
9780832
9776138
9765596
9775946
9777249
9754923
9780580
9781160
9781302
9782104
9718878
9768595
9568051
9781858
9780777
9782630
9782343
9782585
9779571
9782132
9782719
9782490
9780559
9777850
9769941
9740425
9734732
9578166
9575786
9782300
9778710
9788072
9739158
9711229
9740009
9718480
9723517
9756016
9765485
9776570
9699361
9634452
9764320
9775493
9769072
9760294
9710549
9770745
9723651
9781320
9782855
9775736
9762950
9756396
9782994
9782895
9782749
9782441
9770734
9769561
9754194
9749535
9729792
9587655
9783237
9783217
9783109
9782843
9781783
9780462
9775573
9772830
9771649
9783112
9783099
9783094
9783014
9782944
9782854
9782702
9762998
9754459
9736067
9637968
9780738
9631162
9780802
9744320
9600470
9780895
9781049
9781270
9781156
9779037
9683473
9716469
9778801
9775703
9740157
9765668
9743140
9769091
9783901
9747566
9670517
9785320
9784804
9785717
9782471
9744491
9785901
9747399
9783120
9781758
9783113
9769932
9622748
9745441
9781419
9778651
9575531
9674185
9723692
9666182
9725963
9684586
9672738
9740676
9483413
9740883
9770435
9776367
9774837
9723808
9725468
9783598
9781131
9753353
9783755
9770993
9755782
9783315
9680315
9782664
9784505
9783830
9779213
9776146
9764196
9763680
9763416
9778962
9778348
9762966
9757117
9756719
9740200
9781217
9756418
9727084
9770483
9768318
9777381
9781181
9771372
9766624
9730047
9783862
9778701
9778549
9778389
9777887
9772608
9770310
9753267
9722831
9720030
9718228
9706916
9693388
9633231
9783784
9783687
9783639
9783347
9782744
9782579
9781264
9779901
9779702
9777668
9776024
9769342
9750324
9730000
9729978
9783668
9783411
9783603
9778260
9763566
9785255
9780970
9780909
9784956
9781228
9778032
9773076
9758412
9760402
9752988
9670474
9729316
9728721
9714580
9712152
9696108
9659556
9783500
9783397
9783313
9782549
9779782
9776397
9775600
9770201
9765478
9750970
9783543
9783435
9783378
9781591
9718909
9784553
9781742
9752076
9783614
9779521
9740526
9702154
9740642
9740770
9778022
9710937
9658415
9726549
9723644
9705277
9519474
9507476
9715618
9784340
9784337
9784292
9784286
9784203
9784078
9783890
9782159
9779876
9778892
9770093
9775403
9784163
9771662
9752077
9706672
9752775
9650029
9780628
9705634
9780376
9590604
9751974
9694030
9634004
9781761
9781430
9779178
9749655
9707511
9696169
9611814
9768793
9768671
9768488
9784014
9783993
9783856
9783848
9782283
9777614
9776997
9756148
9749363
9686162
9676266
9580936
9784134
9784132
9784044
9778264
9766015
9765268
9756480
9743924
9738883
9711670
9702250
9681854
9670700
9781544
9768956
9768734
9766699
9769122
9768998
9768878
9778089
9782235
9782277
9777605
9776198
9782147
9734576
9566055
9634174
9778607
9737168
9746982
9746078
9744357
9737988
9784173
9708620
9587408
9539320
9782853
9783073
9785104
9785032
9784939
9784856
9784780
9784760
9784600
9784559
9784526
9783956
9783935
9783363
9773073
9769847
9765371
9713786
9643243
9642470
9567466
9784000
9774493
9784463
9783981
9783611
9773043
9784835
9784283
9782772
9784722
9683296
9637246
9766467
9780638
9780796
9707349
9541988
9785139
9785124
9785065
9784925
9784533
9785501
9784986
9768484
9762245
9726005
9690491
9730891
9786141
9785438
9791531
9784627
9784650
9785077
9784648
9784482
9782020
9667777
9758770
9773224
9773113
9779167
9743114
9782829
9722402
9785039
9766835
9785213
9766862
9633585
9376984
9374993
9697996
9775680
9759435
9779530
9778766
9697146
9713294
9785187
9785006
9784882
9782874
9782099
9781523
9763706
9725758
9785205
9785019
9779311
9771073
9698111
9785420
9785385
9785310
9784830
9780479
9776190
9773041
9767366
9748251
9698483
9672576
9785671
9785485
9785466
9785321
9785388
9785790
9785634
9785098
9785153
9595121
9785849
9785168
9779775
9744142
9669472
9785900
9785870
9785694
9785508
9773562
9772426
9773386
9702769
9786127
9786093
9646812
9640493
9785961
9585079
9692976
9791853
9785583
9785677
8796983
9784880
9704501
9748310
9784172
9781843
9696818
9776950
9786123
9663507
9786372
9471515
9768753
9752126
9605129
9582453
9780783
9781027
9775141
9780429
9540337
9595952
9781804
9781870
9783690
9780938
9682529
9781224
9767206
9720078
9784428
9628470
9749793
9759613
9518370
9782657
9784921
9543555
9673511
9787020
9713424
9638250
9511939
9511888
9511885
9786666
9786699
9673201
9658428
9616069
9786713
9783990
9509790
9509685
9509548
9509465
9731777
9786553
9782875
9742607
9788090
9789755
9779332
9789156
9317556
9793311
9667423
9706839
9746106
9670916
9747614
9762851
9783046
9721134
9784440
9775588
9662528
9652689
9786746
9731707
9769601
9741170
9695092
9772827
9709611
9766269
9753709
9748848
9786872
9786844
9786794
9783664
9786594
9786636
9786920
9786893
9786784
9785549
9783643
9759410
9701325
9777203
9763266
9769526
9778419
9723078
9743130
9591447
9694590
9619963
9790013
9750057
9786904
9600023
9697922
9743268
9743780
9746652
9409585
9754198
9729609
9634378
9750695
9632903
9778121
9770660
9560795
9779795
9742884
9744526
9782888
9678373
9784344
9787168
9787142
9783083
9781774
9776877
9759145
9741316
9740437
9655708
9546903
9546727
9684444
9527079
9787330
9787264
9787169
9784513
9779362
9778861
9746464
9741632
9786999
9786951
9775969
9787009
9786974
9782663
9777804
9773288
9737398
9728972
9649051
9755810
9708362
9707670
9787450
9787338
9787310
9784755
9783899
9749030
9729476
9786908
9787446
9612653
9773469
9780341
9781071
9779308
9735789
9690765
9686932
9666904
9783983
9700433
9752491
9784985
9675897
9782580
9781263
9785760
9789849
9781048
9544856
9734902
9791015
9787344
9705174
9609287
9737943
9703681
9684894
9734719
9787156
9738438
9657776
9741430
9672949
9700486
9626268
9598910
9544160
9520840
9500227
9743175
9786975
9776520
9717565
9787540
9787518
9787506
9775379
9772870
9742923
9782452
9772506
9768427
9767122
9765941
9744223
9736942
9684129
9787605
9787561
9787077
9786711
9786676
9786672
9786664
9787881
9787854
9787841
9787658
9787653
9787607
9787566
9776906
9769908
9737113
9715971
9772871
9759333
9785591
9781770
9618459
9787219
9792122
9788011
9788061
9788014
9787954
9787952
9787945
9787761
9787740
9787678
9787235
9786740
9784597
9781301
9776288
9771340
9766382
9751855
9739045
9695322
9693797
9668447
9694219
9788242
9788117
9787789
9787606
9787362
9789949
9766368
9766802
9787757
9790109
9787531
9778441
9778273
9616711
9788233
9787699
9732038
9744551
9756724
9569164
9705213
9770195
9779309
9786725
9672169
9753664
9751816
9688437
9576199
9788273
9787970
9787708
9786703
9784475
9781862
9780891
9770399
9765372
9723454
9623175
9788307
9788187
9788133
9788104
9786998
9784891
9784618
9787937
9788016
9758604
9778619
9787090
9765579
9788700
9787348
9782464
9706924
9599473
9671860
9786787
9780860
9779547
9741484
9739267
9710555
9614431
9604026
9788794
9788615
9788580
9788530
9788515
9788316
9788236
9781709
9773455
9765568
9752249
9753530
9786768
9790459
9752729
9725264
9673179
9532005
9691039
9747445
9747318
9747660
9758848
9626139
9728948
9695389
9783195
9781735
9769584
9786905
9777320
9759770
9777947
9703732
9783359
9722532
9594111
9787052
9787791
9764016
9735810
9752966
9771408
9769772
9749808
9784087
9777461
9706894
9785428
9785667
9754220
9758972
9782645
9744732
9677704
9750608
9626652
9621516
9505946
9691685
9783953
9788065
9784339
9789303
9789227
9753419
9789206
9788555
9790038
9673713
9642578
9788335
9785633
9782700
9781822
9755517
9783851
9776785
9764262
9750120
9788935
9789155
9788884
9778078
9752554
9682272
9626526
9594322
9778052
9777734
9790505
9789157
9788934
9778269
9716879
9619307
9789395
9785477
9728628
9789550
9789380
9781267
9793760
9789005
9725675
9730234
9746220
9668333
9668663
9739768
9738103
9752927
9746769
9644078
9654514
9784128
9777989
9675720
9773587
9758242
9786816
9756866
9651519
9683305
9787449
9749498
9749187
9763304
9787802
9787795
9787635
9787537
9761110
9780331
9752327
9776453
9774634
9778275
9756300
9725809
9778505
9783726
9769686
9771647
9708666
9679123
9782176
9782032
9791824
9682603
9790728
9784717
9790903
9790416
9784661
9781612
9790778
9781706
9780030
9788368
9659094
9791194
9789763
9789739
9789692
9785643
9781528
9771865
9724044
9715970
9715619
9676293
9789856
9789833
9789807
9789792
9789671
9789389
9788999
9788901
9787779
9785607
9775893
9763314
9755633
9748358
9711724
9667232
9507948
9664369
9633758
9607770
9789495
9782402
9752546
9719140
9788424
9788139
9790389
9771866
9771560
9789868
9788392
9784995
9781743
9481480
9751802
9789417
9789412
9787644
9787288
9763740
9695460
9789610
9789536
9789463
9772277
9771604
9771061
9768207
9713779
9665711
9790644
9790571
9719816
9320142
9319359
9787996
9790970
9760172
9715678
9782785
9778325
9778211
9770743
9778061
9777632
9777545
9550509
9783088
9644167
9784228
9789710
9790599
9777790
9777731
9783493
9780873
9737984
9782541
9781154
9748141
9775859
9789926
9789656
9788394
9781557
9747210
9742024
9717567
9790175
9790137
9790009
9789876
9789360
9788803
9787966
9790320
9790283
9790280
9790202
9790189
9790157
9790092
9790072
9789971
9789934
9789591
9788948
9787587
9787545
9781775
9777255
9775435
9772881
9754158
9737305
9790378
9790301
9790248
9790219
9790042
9789972
9789374
9784354
9771906
9788985
9749070
9789563
9748413
9790605
9790524
9790504
9724994
9692401
9769021
9790471
9789496
9635746
9677796
9772494
9778171
9767363
9784729
9779249
9543407
9787436
9787723
9766687
9785058
9784131
9790789
9790803
9790772
9790745
9790740
9790457
9789817
9785848
9785294
9783833
9768865
9658943
9790878
9790784
9789084
9788796
9788481
9788106
9786246
9785905
9785245
9783971
9780585
9791234
9790773
9789662
9786926
9784701
9784576
9781373
9766758
9760339
9747979
9759419
9665846
9646576
9790790
9785158
9787816
9785005
9791321
9784378
9790938
9790774
9790479
9584624
9790866
9788844
9781341
9789637
9776865
9788669
9750521
9790060
9778542
9783813
9781111
9775793
9790714
9790693
9757040
9722171
9548121
9723397
9765514
9679619
9790048
9719300
9620547
9786205
9664691
9786599
9784662
9779696
9791851
9791718
9791381
9785619
9772471
9743849
9792181
9788556
9790550
9435009
9724529
9791394
9791180
9790987
9782611
9763679
9721957
9791485
9791457
9791410
9791397
9790976
9790785
9790707
9789800
9785081
9783114
9772919
9770374
9764460
9763822
9754997
9750919
9533936
9791640
9791575
9791373
9791186
9789439
9785071
9785026
9784234
9771450
9684291
9677800
9663847
9791620
9791512
9788747
9779651
9768727
9762108
9753801
9739769
9695331
9702115
9786976
9788943
9790164
9791576
9791357
9787494
9780218
9791840
9791727
9769716
9766188
9676696
9527880
9791879
9791527
9726539
9676986
9792035
9791976
9791422
9552606
9791935
9791891
9791742
9785344
9792081
9792098
9791143
9785803
9791690
9736094
9788339
9790490
9791804
9751817
9752055
9791960
9792116
9792108
9792160
9792088
9782828
9742769
9742702
9792330
9791967
9786445
9787953
9777599
9637481
9792440
9792365
9790939
9788606
9788846
9791541
9752197
9760073
9784377
9752793
9781590
9681639
9788280
9789877
9742102
9585104
9582491
9791495
9788967
9793894
9745021
9744131
9641640
9793131
9795581
9666790
9681452
9792620
9785595
9792705
9780993
9780881
9792629
9789462
9774626
9704233
9592625
9790642
9763177
9763695
9774953
9795693
9749756
9647961
9776074
9608504
9776648
9715404
9752019
9598767
9737711
9785115
9653199
9792503
9787883
9695710
9740056
9768269
9793059
9793008
9789345
9760528
9716630
9684463
9792984
9759031
9751481
9641864
9788304
9775308
9752168
9792891
9792799
9670504
9580124
9792965
9792881
9746449
9724977
9793094
9611486
9777538
9782601
9706807
9763534
9664742
9780189
9452951
9676836
9731972
9627963
9780594
9695485
9786480
9787977
9788035
9773200
9793588
9793214
9790705
9791382
9660201
9793291
9793267
9793241
9793071
9763347
9744597
9793501
9793407
9780350
9780296
9780284
9758877
9710638
9689796
9793204
9700340
9792933
9792953
9793259
9793049
9769293
9763976
9760424
9744523
9649068
9713118
9795678
9750010
9720227
9706764
9750661
9740941
9792631
9792754
9793688
9792069
9739750
9595458
9793883
9793876
9793757
9793679
9793077
9607751
9519945
9793851
9793838
9793795
9793675
9793653
9792749
9793178
9793422
9793676
9738619
9728493
9745006
9794518
9739730
9534591
9677030
9615167
9690590
9744207
9737762
9655406
9691859
9656393
9739352
9791101
9792654
9786858
9782973
9768279
9750861
9764426
9745037
9743821
9777499
9758025
9752105
9744338
9725837
9790289
9766488
9789289
9788684
9769362
9793643
9778784
9793672
9775135
9724277
9675185
9794141
9794122
9794080
9794074
9794035
9773982
9768858
9733615
9687376
9661349
9647824
9793197
9793065
9750955
9788601
9786962
9714795
9794218
9794188
9794129
9782446
9768586
9713375
9658835
9558409
9794274
9794270
9794249
9794176
9679855
9667290
9776202
9693049
9792329
9774597
9684602
9794949
9751451
9509996
9762273
9782367
9772027
9739985
9771162
9772435
9792092
9792748
9781140
9759512
9789759
9787082
9762997
9755455
9764682
9736563
9776469
9776042
9765878
9792957
9776062
9753114
9701646
9783926
9785733
9794090
9778364
9794244
9794428
9794184
9688858
9590303
9794567
9794464
9794438
9794248
9794610
9775153
9767194
9792781
9793363
9538645
9678948
9783317
9790161
9775980
9784492
9783878
9652656
9775789
9791783
9794121
9724717
9794625
9794607
9794336
9787691
9748382
9734796
9683739
9591011
9794796
9794790
9794629
9794705
9794565
9792775
9794658
9769778
9795383
9408832
9752913
9753516
9784889
9655887
9542434
9728746
9752938
9793849
9793960
9793980
9793777
9763130
9793117
9773690
9645101
9794914
9794105
9793650
9794962
9794627
9606734
9794989
9793873
9778111
9695221
9795027
9794820
9794615
9793778
9766109
9744414
9753598
9667857
9692907
9779138
9740962
9791453
9784116
9792971
9784454
9782880
9792827
9756186
9795145
9710810
9716443
9705809
9789077
9645740
9753537
9754193
9761600
9752958
9791686
9689593
9795303
9795274
9795233
9795229
9591941
9795393
9743475
9761649
9795495
9795442
9795416
9528153
9237601
9793638
9793028
9793391
9746913
9795523
9795621
9787022
9795639
9795664
9795654
9574146
9703600
9755913
9776360
9695703
9769593
9789449
9713523
9681752
9788780
9648419
9664814
9687917
9764436
9734527
9795967
9687810
9676758
9695639
9669943
9515329
9783865
9788125
9795773
9795788
9795806
9795824
9795804
9667550
9728182
9726315
9693861
9753117
9716661
9719391
9719239
9716756
9707924
9738584
9752780
9710582
9741291
9778800
9785977
9786125
9783361
9789398
9774719
9783586
9716887
9620749
9752722
9795083
9795219
9794932
9743422
9795898
9795834
9729381
9795911
9779367
9542423
9514610
9756203
9740603
9755991
9753591
9784347
9791270
9793212
9785538
9789393
9795939
9596369
9674500
9737274
9770140
9782364
9755787
9792600
9788248
9781866
9737417
9737214
9641638
9677918
9754570
9761048
9739124
9793699
9777692
9739007
9756065
9756373
9756784
9757894
9722912
9755861
9778341
9787901
9691835
9760335
9783379
9792202
9793025
9787848
9794959
9795805
9685598
9577989
9577071
9758208
9737893
9614451
9631503
9783636
9789866
9787492
9747151
9689731
9617113
9753235
9784720
9689657
9657949
9785188
9773906
9795730
9760193
9792046
9794672
9795314
9795518
9477442
9225745
9547172
9786458
9795617
9774196
9709956
9733503
9759550
9657502
9710607
9723778
9790726
9659542
9641434
9661690
9790069
9790159
9790086
9740807
9645619
9658673
9705768
9643840
9735834
9773313
9750139
9701532
9463159
9696740
9795783
9688069
9738411
9749860
9643645
9778521
9706497
9752726
9756038
9664947
9655766
9779471
9750310
9769083
9775423
9779089
9782627
9737973
9752974
9677668
9763716
9759008
9720081
9729044
9638319
9590567
9720814
9711614
9723807
9668008
9667587
9771651
9456237
9651393
9791011
9336001
9772514
9770457
9764496
9637072
9759327
9775233
9772317
9318231
9763474
9697788
9627988
9713983
9765137
9756242
9719952
9241594
9755162
9693033
9755518
9763527
9768431
9769305
9774573
9764139
9789939
9788604
9790589
9777857
9793848
9793054
9666768
9690632
9747447
9764879
9771055
9726520
9779857
9777915
9719768
9764087
9691233
9720619
9667095
9689232
9626721
9713557
9722131
9766284
9752356
9765824
9763334
9658145
9618300
9766602
9778452
9767285
9766483
9767671
9767504
9507570
9767831
9755932
9755938
9737521
9695693
9794411
9794720
9772477
9732513
9768380
9714062
9768852
9768722
9771173
9721013
9770912
9750841
9737715
9769571
9768736
9769844
9719260
9728302
9621185
9770331
9773361
9774932
9707607
9649585
9765085
9779028
9782194
9765300
9763915
9434743
9765727
9577828
9782048
9530754
9677138
9784012
9759757
9771752
9771044
9782206
9344144
9537667
9597678
9778733
9719513
9637470
9773215
9768744
9702989
9710994
9703128
9517509
9749921
9707608
9768293
9777415
9774450
9695656
9698713
9654642
9784535
9657281
9763441
9775223
9775913
9651750
9651195
9645575
9763707
9708646
9782775
9781018
9760108
9719184
9740128
9776985
9768870
9756292
9765053
9672361
9409346
9752682
9777702
9778878
9791132
9716617
9533941
9779476
9560543
9779452
9573400
9655252
9775470
9781907
9781474
9783330
9716475
9626065
9781732
9772191
9782169
9717714
9496347
9561085
9780782
9654616
9710009
9771410
9777279
9783380
9783470
9783167
9771698
9544024
9784088
9781535
9781108
9785092
9606342
9784086
9767073
9784894
9785479
9785335
9785615
9610904
9766613
9793791
9211549
9520995
9686295
9743242
9618494
9707737
9785422
9750142
9787549
9787534
9787915
9783871
9789613
9793540
9743611
9331536
9772202
9788472
9786697
9751929
9777764
9785298
9793941
9724472
9733349
9788900
9782201
9559616
9735251
9785600
9760069
9701943
9783476
9424425
9791198
9702592
9708276
9793756
9768295
9777581
9792602
9622990
9721636
9776279
9768536
9770882
9688795
9731461
9795786
9765047
9624516
9786738
9457415
9756416
9735106
9738161
9527991
9634124
9725191
9649434
9688175
9686681
9685194
9140393
9719214
9776756
9725825
9739349
9739430
9711037
9734461
9682968
9743712
9733072
9568519
9745328
9644341
9718306
9563501
9757866
9622689
9630995
9775224
9738226
9543276
9759655
9634463
9752724
9234719
9242149
8641329
9716098
9397966
9779048
9673613
9791506
9767354
9680571
9764464
9735987
9732790
9770506
9729538
9750915
9747834
9418836
9780624
9741605
9751677
9779849
9722049
9772301
9688198
9777806
9779819
9779755
9779590
9784407
9739596
9788440
7905763
9792067
8483788
9479676
8863144
9344536
9408860
7469542
