concept,category_hint,terms
Mobile Phone / Smartphone,mobile phone smartphone cellular,mobile;mobile phone;mobiles;smartphone;smart phone;smartphones;phone;phones;cellphone;cell phone;cellular phone;handset;handsets;android phone;ios phone;iphone;feature phone;keypad phone;touchscreen phone;5g phone;4g phone;dual sim phone;basic phone;camera phone;gsm phone;rugged phone;foldable phone;mobile handset;mobile device;cell;smart mobile;mobile set;phone set;smart fone;fone;mobail;mobile fone;mobayl;smartfone;cellfone;phone device;pocket phone;sim phone;gsm handset;budget smartphone;flagship phone;mobile telephone;wireless phone;cordless phone;handheld phone;communication device;mobile unit;portable phone;smart handset
Laptop / Notebook Computer,laptop notebook computer,laptop;laptops;notebook;notebooks;notebook computer;laptop computer;portable computer;ultrabook;ultrabooks;macbook;chromebook;netbook;gaming laptop;business laptop;thin laptop;slim laptop;2 in 1 laptop;convertible laptop;touchscreen laptop;laptop pc;notebook pc;lap top;labtop;laptap;lap-top;portable pc;workstation laptop;student laptop;office laptop;personal laptop;i3 laptop;i5 laptop;i7 laptop;core i5 laptop;ryzen laptop;windows laptop;laptop machine;computer laptop;notebook machine;mini laptop;compact laptop;lightweight laptop;professional laptop;commercial laptop;corporate laptop;portable notebook;notebook device;laptop device;laptop system;mobile computer;clamshell laptop;premium laptop;entry level laptop;budget laptop;high end laptop
Desktop Computer / PC,desktop computer personal,desktop;desktops;desktop computer;desktop pc;pc;personal computer;computer;computers;cpu;tower pc;tower computer;all in one pc;all-in-one computer;aio pc;workstation;workstations;computer set;computer system;branded desktop;assembled desktop;gaming pc;office computer;office pc;desktop machine;desktop system;computr;compter;kampyuter;computer machine;desktop unit;mini pc;small form factor pc;sff pc;thin client;i5 desktop;i7 desktop;core i5 desktop;windows pc;business pc;commercial pc;corporate desktop;student desktop;home computer;cpu cabinet;computer tower;processor unit;desktop processor;complete pc;full computer set;computer with monitor;pc system;computing device;workhorse pc;entry level desktop;high end desktop;branded pc
Printer / Multifunction,printer multifunction scanner,printer;printers;printing machine;laser printer;inkjet printer;inkjet;laserjet;dot matrix printer;multifunction printer;mfp;all in one printer;all-in-one printer;photocopier;copier;xerox machine;xerox;scanner cum printer;print machine;color printer;colour printer;monochrome printer;black and white printer;wireless printer;wifi printer;network printer;thermal printer;barcode printer;label printer;photo printer;office printer;printr;priter;printar;printing device;print device;duplex printer;a4 printer;a3 printer;duplicator;ink tank printer;cartridge printer;toner printer;3d printer;receipt printer;passbook printer;id card printer;portable printer;compact printer;high speed printer;heavy duty printer;document printer;multifunction device;copy machine;printing solution
Spectacles / Eyewear,spectacles eyewear goggles,chashma;chasma;chashmaa;spectacle;spectacles;glasses;eye glasses;eyeglasses;eyewear;eye wear;goggles;goggle;sunglasses;sun glasses;reading glasses;optical glasses;prescription glasses;power glasses;safety glasses;protective glasses;safety goggles;protective goggles;lab goggles;swimming goggles;shades;specs;nazar ka chashma;aankh ka chashma;chashme;chashmey;ainak;ainaka;eye protection;vision glasses;bifocal glasses;progressive glasses;anti glare glasses;computer glasses;spectacle frame;optical frame;eyeglass frame;frame and lens;corrective eyewear;vision correction glasses;welding goggles;industrial goggles;dust goggles;riding goggles;safety spectacles;clear glasses;tinted glasses;photochromic glasses;spec;eyesight glasses;optical eyewear;protective eyewear
Chair / Seating,chair seating furniture,chair;chairs;kursi;kursiyan;kurси;seat;seating;office chair;revolving chair;executive chair;visitor chair;conference chair;ergonomic chair;study chair;computer chair;gaming chair;folding chair;plastic chair;steel chair;wooden chair;mesh chair;high back chair;mid back chair;low back chair;arm chair;armchair;recliner;recliner chair;waiting chair;bench chair;stool;bar stool;swivel chair;task chair;boss chair;staff chair;student chair;cushion chair;leather chair;chair set;seating chair;office seating;revolving seat;sofa chair;director chair;chairman chair;pushback chair;auditorium chair;canteen chair;class room chair;molded chair;moulded chair;banquet chair;reception chair;chaire;chiar
Table / Desk,table desk furniture,table;tables;mez;mej;table desk;desk;desks;office table;office desk;computer table;study table;writing table;workstation table;conference table;meeting table;dining table;center table;centre table;side table;corner table;reception table;executive table;officer table;staff table;folding table;plastic table;steel table;wooden table;modular table;workstation desk;computer desk;writing desk;office workstation;laptop table;portable table;adjustable table;height adjustable table;standing desk;student table;class room table;canteen table;meej;tabel;tebal;work table;utility table;display table;counter table;cabin table;boardroom table;training table;lab table;workbench;work bench;instrument table
Air Conditioner (AC),air conditioner conditioning,ac;a.c.;air conditioner;air conditioners;air conditioning;airconditioner;air-conditioner;split ac;window ac;cassette ac;tower ac;portable ac;central ac;vrf ac;vrv ac;ductable ac;inverter ac;1 ton ac;1.5 ton ac;2 ton ac;split air conditioner;window air conditioner;wall mounted ac;floor standing ac;cooling machine;cooling unit;ac unit;ac machine;hvac;ac system;air cooler ac;climate control;room ac;office ac;ac 1.5 ton;star rated ac;5 star ac;3 star ac;energy efficient ac;cooling ac;air condition;airconditioning;ac indoor unit;ac outdoor unit;split unit;hi wall ac;commercial ac;cassette air conditioner;precision ac;server room ac;ac cooling;conditioner;refrigeration ac;chilled ac;ac appliance
Refrigerator / Fridge,refrigerator freezer cooling,fridge;refrigerator;refrigerators;frij;freeze;friz;refrigrator;refridgerator;double door fridge;single door fridge;triple door fridge;side by side fridge;mini fridge;bar fridge;deep freezer;chest freezer;upright freezer;visi cooler;visicooler;water cooler cum refrigerator;cold storage;commercial refrigerator;domestic refrigerator;frost free fridge;direct cool fridge;inverter refrigerator;convertible fridge;refrigerator freezer;fridge freezer;cooling appliance;cold box;medical refrigerator;vaccine refrigerator;laboratory refrigerator;blood bank refrigerator;pharmacy refrigerator;ice lined refrigerator;ilr;freezer box;cooler fridge;5 star refrigerator;3 star refrigerator;300 litre fridge;double-door refrigerator;refrigeration unit;chiller;cooling cabinet;food refrigerator;kitchen fridge;office fridge;godrej fridge;fridge appliance;cold cabinet;refrigerating machine;freezing unit
Fan / Ventilation,fan ventilation cooling,fan;fans;pankha;ceiling fan;table fan;pedestal fan;wall fan;exhaust fan;stand fan;tower fan;bldc fan;cooler fan;industrial fan;cabin fan;mini fan;usb fan;rechargeable fan;high speed fan;energy saving fan;decorative fan;electric fan;cooling fan;air circulator;ventilation fan;wall mounted fan;bracket fan;farrata fan;pankhe;panka;fann;faan;blower fan;portable fan;remote fan;5 star fan;bldc ceiling fan;sweep fan;1200 mm fan;600 mm fan;office fan;class room fan;school fan;ventilator fan;chimney exhaust fan;kitchen exhaust fan;air blower;circulation fan;ac fan;dc fan;silent fan;designer fan;hvls fan;heavy duty fan;wall bracket fan
LED Bulb / Lighting,led light lamp luminaire,bulb;bulbs;led bulb;led bulbs;light;lights;batti;batati;lamp;lamps;led light;led lights;tube light;tubelight;led tube;led tubelight;cfl;cfl bulb;led panel;panel light;flood light;floodlight;street light;streetlight;led street light;down light;downlight;spot light;spotlight;ceiling light;led lamp;night lamp;study lamp;table lamp;emergency light;led flood light;high mast light;solar light;solar street light;batti led;led batti;bulp;buld;light bulb;luminaire;led luminaire;led fitting;light fitting;led fixture;batten light;led batten;cob light;gate light;focus light;led downlighter;concealed light;rope light;decorative light;9 watt led;led 9w;energy saving bulb;smart bulb;indoor light;outdoor light
UPS / Inverter / Battery,ups inverter battery power backup,ups;u.p.s.;inverter;inverters;battery;batteries;battry;batery;power backup;backup power;online ups;offline ups;line interactive ups;1 kva ups;2 kva ups;5 kva ups;10 kva ups;home inverter;solar inverter;inverter battery;tubular battery;smf battery;vrla battery;sealed battery;lead acid battery;lithium battery;li-ion battery;ups battery;power inverter;sine wave inverter;pure sine wave inverter;invertor;inverter ups;battery backup;backup battery;battery bank;power storage;energy storage;solar battery;gel battery;deep cycle battery;battery charger inverter;ups system;uninterruptible power supply;power supply unit;standby power;emergency power;invrter;battery cell;storage battery;12v battery;150 ah battery;online ups 1 kva;rack mount ups;server ups;battary
CCTV / Surveillance Camera,cctv surveillance camera security,cctv;cc tv;cctv camera;surveillance camera;security camera;camera cctv;ip camera;dome camera;bullet camera;ptz camera;wireless camera;wifi camera;night vision camera;hd camera;4k camera;spy camera;hidden camera;outdoor camera;indoor camera;dvr;nvr;cctv dvr;cctv nvr;video surveillance;monitoring camera;cctv system;cctv setup;security cctv;surveillance system;cctv installation;analog camera;hikvision camera;cp plus camera;cctv kit;camera security;seesee tv;cc camera;cctv camra;survelance camera;surveilance camera;recording camera;office cctv;shop cctv;home cctv;boundary camera;gate camera;vari focal camera;fixed camera;poe camera;thermal camera;cctv recorder;network video recorder;digital video recorder;cameras;security surveillance
Projector / Display,projector display screen,projector;projectors;lcd projector;dlp projector;led projector;laser projector;digital projector;portable projector;mini projector;short throw projector;ultra short throw projector;classroom projector;conference projector;office projector;home theatre projector;projection machine;projector screen;projection screen;screen projector;overhead projector;ohp;smart projector;4k projector;hd projector;full hd projector;3000 lumens projector;high lumens projector;projecter;projektor;prijector;beam projector;video projector;presentation projector;interactive projector;ceiling projector;multimedia projector;training projector;auditorium projector;projector with screen;wall projector;smart board projector;interactive panel;display board;digital display;led display;video wall;presentation screen;motorized screen;tripod screen;wall mount screen;projection display;beamer
Water Purifier / RO,water purifier ro filter,water purifier;ro;r.o.;ro system;ro water purifier;water filter;purifier;purifiers;uv purifier;uf purifier;ro uv purifier;ro uv uf purifier;water purification system;drinking water purifier;aquaguard;kent purifier;water cleaner;water treatment plant;wtp;water softener;commercial ro;domestic ro;industrial ro;ro plant;water purify machine;paani purifier;pani filter;water shodhak;jal shodhan;ro machine;purifier ro;reverse osmosis system;mineral water purifier;alkaline purifier;gravity water filter;under sink ro;wall mounted ro;water dispenser purifier;purifier machine;water filtration;filter machine;watr purifier;watter purifier;ro filter;membrane filter;sediment filter;drinking water system;public water purifier;school water purifier;office water purifier;hand pump purifier;ro cartridge system;tds purifier
Stationery (Pen / Paper),stationery paper writing office,stationery;stationary;pen;pens;kalam;kalm;ballpoint pen;ball pen;gel pen;marker;markers;sketch pen;pencil;pencils;paper;papers;a4 paper;a4 sheet;copier paper;printing paper;notebook;notebooks;register;registers;file;files;folder;folders;envelope;envelopes;stapler;staplers;stapler pin;punching machine;paper clip;clips;rubber band;eraser;sharpener;highlighter;whiteboard marker;permanent marker;office stationery;school stationery;writing pad;note pad;notepad;sticky notes;post it;glue;gum;scissor;scissors;tape;cello tape;calculator;office supplies;writing material;paper sheet;photocopy paper;bond paper;letter head;kagaz;kaagaz;copy
Shoes / Footwear,footwear shoes safety,shoe;shoes;joota;joote;jute;footwear;foot wear;safety shoes;safety shoe;industrial shoes;steel toe shoes;sports shoes;running shoes;sneakers;canvas shoes;leather shoes;formal shoes;casual shoes;office shoes;school shoes;boots;gum boots;gumboot;rubber boots;rain boots;army boots;combat boots;ankle boots;sandal;sandals;slipper;slippers;chappal;chappals;floaters;loafers;juta;jhoota;shoos;footwears;boot;work boots;trekking shoes;hiking shoes;pvc shoes;moulded shoes;safety footwear;protective footwear;labour shoes;worker shoes;uniform shoes;black shoes;electrical safety shoes;anti skid shoes
Uniform / Clothing,uniform apparel clothing garment,uniform;uniforms;vardi;wardi;kapda;kapde;clothing;apparel;garment;garments;dress;dresses;shirt;shirts;t shirt;tshirt;t-shirt;trouser;trousers;pant;pants;school uniform;office uniform;staff uniform;security uniform;guard uniform;police uniform;army uniform;hospital uniform;nurse uniform;housekeeping uniform;worker uniform;labour uniform;coverall;boiler suit;overall;jacket;jackets;blazer;coat;raincoat;rain coat;safety jacket;reflective jacket;high visibility jacket;hi vis jacket;saree;sari;kurta;salwar;cap;topi;uniform cloth;uniform fabric;readymade uniform;corporate uniform;sports uniform;track suit;tracksuit;sweater;woolen uniform;summer uniform;winter uniform;uniform set
Medicine / Pharmaceutical,medicine drug pharmaceutical tablet,medicine;medicines;dawa;dawai;dava;davai;drug;drugs;pharmaceutical;pharmaceuticals;tablet;tablets;capsule;capsules;syrup;syrups;injection;injections;vaccine;vaccines;ointment;cream medicine;medical drug;generic medicine;antibiotic;antibiotics;painkiller;pain killer;analgesic;paracetamol;antacid;vitamin;vitamins;supplement;supplements;ivfluid;iv fluid;saline;glucose;oral medicine;prescription medicine;otc medicine;life saving drug;essential medicine;medicin;medecine;dwa;goli;goliyan;pharma;pharma product;medical supplies;drug formulation;api drug;bulk drug;surgical medicine;hospital medicine;veterinary medicine;ayurvedic medicine;homeopathic medicine;eye drops;ear drops
Vehicle / Car,vehicle car motor transport,vehicle;vehicles;car;cars;gaadi;gadi;gaari;motor car;motor vehicle;automobile;four wheeler;4 wheeler;sedan;hatchback;suv;muv;van;tempo;jeep;mini bus;bus;buses;truck;trucks;lorry;pickup;pick up van;ambulance;ambulence;staff car;official car;government vehicle;electric car;ev car;electric vehicle;petrol car;diesel car;cng car;two wheeler;2 wheeler;motorcycle;motor cycle;bike;scooter;scooty;moped;tractor;tempo traveller;school bus;passenger vehicle;goods vehicle;commercial vehicle;transport vehicle;utility vehicle;car vehicle;motorcar;vehical;vehcile;gari;carriage;conveyance;fleet vehicle
Tyre / Tube,tyre tube wheel rubber,tyre;tyres;tire;tires;tayar;tayer;tyer;tube;tubes;tyre tube;car tyre;truck tyre;bus tyre;bike tyre;scooter tyre;tractor tyre;two wheeler tyre;four wheeler tyre;radial tyre;tubeless tyre;nylon tyre;retreaded tyre;solid tyre;industrial tyre;forklift tyre;otr tyre;off road tyre;rubber tyre;wheel tyre;spare tyre;vehicle tyre;automobile tyre;mrf tyre;ceat tyre;apollo tyre;jk tyre;tyre and tube;inner tube;tire tube;pneumatic tyre;trolley tyre;cycle tyre;bicycle tyre;heavy vehicle tyre;lcv tyre;hcv tyre;tayre;taier;tyar;wheel rubber;rubber tube;tractor tube;truck tube;flap tyre;tyre flap;new tyre;replacement tyre
Cement / Construction Material,cement construction building material,cement;ciment;siment;opc cement;ppc cement;portland cement;white cement;grey cement;43 grade cement;53 grade cement;construction material;building material;concrete;rmc;ready mix concrete;sand;aggregate;gravel;brick;bricks;fly ash brick;cement block;concrete block;aac block;hollow block;tmt bar;reinforcement steel;binding wire;cement bag;cement bags;masonry material;plaster;mortar;gypsum;pop plaster;putty;wall putty;tiles adhesive;construction cement;civil material;raw material construction;cemnt;cemant;cementt;cement grade;bulk cement;bagged cement;acc cement;ultratech cement;ambuja cement;birla cement;building block;stone aggregate;coarse aggregate;fine aggregate;m sand;river sand;rebar
Steel / Iron,steel iron metal structural,steel;iron;loha;lohaa;stainless steel;ss;ms steel;mild steel;steel plate;iron plate;steel sheet;ms sheet;gi sheet;galvanized sheet;steel rod;iron rod;tmt bar;tmt steel;reinforcement bar;rebar;steel angle;ms angle;channel steel;ms channel;steel beam;i beam;h beam;steel pipe;ms pipe;gi pipe;steel section;structural steel;steel wire;iron wire;steel bar;flat bar;square bar;round bar;steel coil;hr coil;cr coil;stil;steal;steel material;metal steel;ferrous metal;steel scrap;iron scrap;steel billet;steel ingot;steel strip;steel tube;steel fabrication;steel structure;structural iron;lohe ka
Paint / Coating,paint coating primer emulsion,paint;paints;rang;rangai;colour paint;color paint;emulsion;emulsion paint;distemper;enamel paint;enamel;primer;wall paint;exterior paint;interior paint;acrylic paint;oil paint;water based paint;epoxy paint;epoxy coating;anti corrosive paint;red oxide;putty paint;texture paint;spray paint;road marking paint;luminous paint;wood paint;metal paint;industrial paint;protective coating;coating;varnish;lacquer;thinner;paint thinner;asian paints;berger paint;nerolac paint;rangroghan;paint colour;paent;peint;wall colour;building paint;cement paint;weatherproof paint;waterproof paint;matt paint;gloss paint;satin paint;undercoat;top coat;base coat
Water Bottle / Flask,water bottle flask container,water bottle;bottle;bottles;botal;botel;pani ki botal;steel bottle;stainless steel bottle;plastic bottle;sipper;sipper bottle;flask;vacuum flask;thermos;thermos flask;insulated bottle;hot and cold bottle;sports bottle;gym bottle;school water bottle;kids water bottle;reusable bottle;copper bottle;glass bottle;drinking bottle;water flask;travel bottle;1 litre bottle;500 ml bottle;1 ltr bottle;water container;pani botal;watr bottle;watter bottle;bottal;bootle;office water bottle;leak proof bottle;bpa free bottle;tumbler;steel flask;vaccum flask;hot water flask;cold water bottle;beverage bottle;fridge bottle;eco bottle;aluminium bottle;single wall bottle;double wall bottle;wide mouth bottle;narrow mouth bottle
Fire Extinguisher / Fire Safety,fire extinguisher safety fighting,fire extinguisher;extinguisher;fire safety;fire fighting;fire fighting equipment;fire cylinder;co2 extinguisher;abc extinguisher;dcp extinguisher;foam extinguisher;water extinguisher;fire suppression;fire hose;fire hydrant;fire alarm;smoke detector;fire detector;fire ball;fire blanket;fire bucket;sand bucket;fire safety equipment;fire protection;fire suppression system;sprinkler;fire sprinkler;fire pump;hose reel;fire hose reel;fire suit;fireman suit;fire proximity suit;fire helmet;fire retardant;fire resistant;aag bujhane wala;agnishaman;fire cylinder refilling;extingusher;extinguesher;fire estinguisher;fire equipment;fire safety system;portable extinguisher;trolley extinguisher;clean agent extinguisher;modular extinguisher;fire alarm system;fire cabinet;safety fire equipment;emergency fire equipment;fire escape
Solar Panel / Solar Power,solar panel photovoltaic power,solar panel;solar panels;solar;solar power;photovoltaic;pv panel;pv module;solar module;solar plate;solar system;rooftop solar;roof top solar;solar power plant;solar energy system;on grid solar;off grid solar;grid tied solar;hybrid solar;solar inverter;solar battery;solar charge controller;solar street light;solar water heater;solar pump;solar water pump;solar light;solar lantern;solar home system;monocrystalline panel;polycrystalline panel;mono panel;poly panel;solar cell;solar kit;solar power system;renewable energy system;green energy;soler panel;solr panel;solar pannel;solar setup;kwp solar;1 kw solar;5 kw solar;solar rooftop plant;spv panel;solar photovoltaic;solar generation;solar power pack;sun power panel;solar array;pv system;solar power supply
Television (TV),television tv display led,tv;television;televisions;led tv;smart tv;lcd tv;oled tv;qled tv;4k tv;uhd tv;full hd tv;hd tv;android tv;google tv;32 inch tv;43 inch tv;55 inch tv;65 inch tv;smart led tv;digital tv;flat screen tv;flat tv;wall mount tv;colour tv;color tv;telivision;televison;tivi;tv set;television set;display tv;large screen tv;screen tv;interactive tv;signage tv;commercial tv;office tv;conference tv;led television;smart television;internet tv;webos tv;tizen tv;curved tv;big screen tv;home tv;monitor tv;hdtv;uhdtv;wide screen tv;hd ready tv;budget tv;premium tv
Washing Machine,washing machine laundry,washing machine;washing machines;washer;kapde dhone ki machine;kapda washing machine;front load washing machine;top load washing machine;fully automatic washing machine;semi automatic washing machine;front loading washer;top loading washer;laundry machine;clothes washer;automatic washing machine;dryer;clothes dryer;washer dryer;commercial washing machine;industrial washing machine;domestic washing machine;6 kg washing machine;7 kg washing machine;8 kg washing machine;inverter washing machine;washing masin;washing mashine;washng machine;wasing machine;laundry equipment;clothes washing machine;twin tub washing machine;single tub washing machine;heavy duty washing machine;hospital laundry machine;hostel washing machine;washer machine;garment washer;laundry washer;spin dryer;tumble dryer;washing appliance;cloth washer;washing unit;front load washer;top load washer;dhulai machine;washing solution;kapda dhulai machine;automatic washer;clothes washing appliance;domestic washer;commercial washer;9 kg washing machine
Kitchen Equipment / Utensils,kitchen utensil cookware equipment,utensil;utensils;bartan;bertan;kitchenware;cookware;kitchen equipment;kitchen equipments;cooking vessel;vessel;vessels;steel utensils;stainless steel utensils;pot;pots;pan;pans;kadai;kadhai;tawa;tava;pressure cooker;cooker;cooking pot;stock pot;degchi;patila;thali;plate;plates;bowl;bowls;glass steel;spoon;spoons;serving spoon;ladle;cutlery;commercial kitchen equipment;canteen equipment;mess utensils;kitchen utensil;cooking utensil;steel plate;steel thali;steel glass;steel bowl;utensiles;utencils;bartaan;kitchen tool;food container;casserole;hot case;hot pot;chapati maker;dosa tawa;idli maker;cooking range;gas stove;burner;chafing dish
PPE / Medical Consumables,mask glove sanitizer ppe,mask;masks;face mask;surgical mask;n95 mask;n95;3 ply mask;ffp2 mask;kn95 mask;gloves;hand gloves;surgical gloves;latex gloves;nitrile gloves;examination gloves;rubber gloves;sanitizer;sanitiser;hand sanitizer;hand wash;handwash;ppe kit;ppe;personal protective equipment;face shield;safety goggles;head cap;surgical cap;shoe cover;gown;surgical gown;isolation gown;coverall ppe;apron;disposable apron;syringe;syringes;needle;cotton;surgical cotton;bandage;gauze;dressing material;thermometer;oximeter;pulse oximeter;medical consumable;disposable mask;protective mask;sanitizer bottle;alcohol sanitizer;disinfectant;medical gloves;examination glove;mastik;maask;hand glove
Cleaning / Housekeeping,cleaning housekeeping supplies,cleaning;housekeeping;safai;safayi;jhadu;jhaadu;broom;brooms;mop;mops;floor mop;wiper;floor wiper;phenyl;phenyle;phenol;disinfectant;floor cleaner;toilet cleaner;glass cleaner;detergent;detergent powder;washing powder;soap;hand soap;liquid soap;dish wash;dishwash;scrubber;scrub pad;duster;cleaning cloth;microfiber cloth;garbage bag;dustbin bag;trash bag;dustbin;waste bin;toilet brush;cleaning brush;bleaching powder;acid cleaner;housekeeping material;cleaning material;cleaning supplies;sanitation material;naphthalene balls;room freshener;air freshener;cleaning chemical;housekeeping chemical;pochha;pocha;wiper blade;hand towel;tissue paper;toilet roll;cleaning equipment;vacuum cleaner;scrubbing machine
Books / Education Material,book education stationery learning,book;books;kitab;kitaab;text book;textbook;text books;note book;notebook;exercise book;reference book;guide book;library book;school book;college book;academic book;printed book;story book;dictionary;encyclopedia;atlas;workbook;practice book;question bank;study material;educational material;learning material;teaching material;chart;charts;educational chart;wall chart;map;globe;stationery book;diary;diaries;planner;register book;log book;attendance register;kitaben;buk;bookss;reading book;publication;journal;magazine;periodical;manual book;handbook;syllabus book;coaching book;ncert book;competitive book;children book;picture book;activity book
Networking / Router / Switch,router switch network networking,router;routers;wifi router;wireless router;network router;switch;switches;network switch;ethernet switch;poe switch;managed switch;unmanaged switch;l2 switch;l3 switch;24 port switch;48 port switch;8 port switch;modem;adsl modem;access point;wifi access point;wireless access point;ap;firewall;network firewall;gateway;networking equipment;networking device;lan switch;gigabit switch;core switch;distribution switch;edge switch;wifi device;hotspot device;range extender;wifi extender;repeater;wifi repeater;network router switch;internet router;broadband router;rowter;ruter;netwrk switch;networkswitch;structured cabling;patch panel;patch cord;rack switch;poe injector;sfp module;network card;nic
Storage / Hard Disk / Pen Drive,storage disk drive memory,hard disk;harddisk;hard drive;hdd;ssd;solid state drive;external hard disk;external hdd;internal hard disk;portable hard disk;pen drive;pendrive;usb drive;flash drive;thumb drive;memory card;sd card;micro sd card;micro sd;storage device;storage media;1tb hard disk;2tb hard disk;500gb hard disk;1 tb hdd;2 tb hdd;usb stick;otg pen drive;nvme ssd;sata ssd;m.2 ssd;external ssd;data storage;backup drive;storage drive;disk drive;hard disc;harddrive;pen driv;pendriv;usb pendrive;16gb pen drive;32gb pen drive;64gb pen drive;128gb pen drive;nas storage;san storage;network storage;memory stick;storage disk;cloud storage device;backup hard disk;external storage;removable storage;flash memory
Camera / Photography,camera photography digital lens,camera;cameras;digital camera;dslr;dslr camera;mirrorless camera;point and shoot camera;compact camera;action camera;video camera;camcorder;webcam;web camera;web cam;document camera;photography camera;professional camera;slr camera;camera lens;lens;zoom lens;prime lens;telephoto lens;tripod;camera tripod;gimbal;camera stand;photography equipment;still camera;instant camera;camra;kemra;kamera;camera device;handycam;gopro;sports camera;360 camera;camera kit;camera body;camera flash;external flash;memory card camera;camera bag;photography lens;cctv is separate;field camera;surveillance is separate;recording camera;hd video camera;4k camera;broadcast camera;studio camera;photo camera;imaging camera;camera accessory
Sound System / PA / Microphone,microphone speaker sound audio pa,microphone;microphones;mic;mics;mike;mikes;wireless mic;cordless mic;collar mic;lapel mic;handheld mic;gooseneck mic;condenser mic;dynamic mic;speaker;speakers;loudspeaker;pa system;public address system;public addressing system;amplifier;amplifiers;audio amplifier;mixer;audio mixer;sound mixer;sound system;audio system;sound equipment;column speaker;wall speaker;ceiling speaker;horn speaker;megaphone;loud hailer;portable speaker;bluetooth speaker;conference audio;conference mic;audio conferencing;sound box;spekar;speeker;maik;mikrophone;microfone;audio speaker;pa amplifier;pa speaker;auditorium sound system;line array speaker;subwoofer;sub woofer;sound reinforcement;voice amplifier;portable pa system;trolley speaker
Generator / DG Set,generator diesel dg power,generator;generators;genset;gen set;dg set;d.g. set;diesel generator;diesel genset;silent generator;portable generator;petrol generator;gas generator;inverter generator;power generator;standby generator;backup generator;5 kva generator;10 kva generator;15 kva generator;25 kva generator;62.5 kva generator;100 kva generator;diesel engine generator;electric generator;generator set;power generation set;genrator;genretor;jenerator;generater;diesel dg set;silent dg set;canopy generator;acoustic generator;engine generator;prime power generator;emergency generator;generator on rent;generator hire;captive power generator;generating set;kirloskar generator;cummins generator;mahindra genset;sound proof generator;trolley generator;generator maintenance;generator amc;single phase generator;three phase generator;high capacity generator;industrial generator
Cable / Wire,cable wire electrical conductor,cable;cables;wire;wires;taar;tar;electrical cable;electric wire;power cable;copper cable;aluminium cable;armoured cable;unarmoured cable;xlpe cable;pvc cable;flexible cable;control cable;instrumentation cable;ht cable;lt cable;house wire;building wire;single core cable;multi core cable;3 core cable;4 core cable;coaxial cable;lan cable;ethernet cable;cat6 cable;cat 6 cable;network cable;usb cable;hdmi cable;extension cable;welding cable;solar cable;copper wire;aluminium wire;electrical wire;wiring cable;cabel;kebal;keble;cabel wire;wire cable;conductor;insulated wire;earthing wire;binding wire;gi wire;fencing wire;power supply cable;communication cable;optical fibre cable;fiber cable;data cable
Bag / Backpack,bag backpack luggage carry,bag;bags;basta;bastaa;thaila;thela;backpack;back pack;school bag;college bag;laptop bag;office bag;travel bag;duffle bag;duffel bag;trolley bag;suitcase;luggage;hand bag;handbag;sling bag;shoulder bag;messenger bag;rucksack;haversack;kit bag;gunny bag;jute bag;cloth bag;cotton bag;non woven bag;carry bag;shopping bag;conference bag;document bag;file bag;tool bag;army bag;combat bag;waterproof bag;waist bag;pouch;bagpack;bagpak;beg;baig;pittu bag;rack bag;delegate bag;promotional bag;canvas bag;leather bag;polyester bag;nylon bag;utility bag;field bag;medical bag;first aid bag
Monitor / Display Screen,monitor display screen led,monitor;monitors;computer monitor;led monitor;lcd monitor;display;display screen;screen;computer screen;tft monitor;ips monitor;gaming monitor;curved monitor;flat monitor;wide monitor;ultrawide monitor;4k monitor;full hd monitor;hd monitor;24 inch monitor;27 inch monitor;22 inch monitor;19 inch monitor;desktop monitor;monitor screen;pc monitor;vga monitor;hdmi monitor;dvi monitor;monitor display;computer display;led display screen;monitr;moniter;monitar;display unit;screen monitor;office monitor;dual monitor;professional monitor;business monitor;graphic monitor;touch monitor;touchscreen monitor;portable monitor;led screen;visual display unit;vdu;crt monitor;backlit monitor;anti glare monitor;eye care monitor;monitor panel;video monitor;cctv monitor
Keyboard & Mouse,keyboard mouse input peripheral,keyboard;keyboards;mouse;mice;keyboard mouse;keyboard and mouse;wireless keyboard;wired keyboard;usb keyboard;bluetooth keyboard;mechanical keyboard;membrane keyboard;gaming keyboard;multimedia keyboard;wireless mouse;wired mouse;usb mouse;optical mouse;gaming mouse;bluetooth mouse;keyboard mouse combo;combo set;kbm combo;computer keyboard;computer mouse;laptop keyboard;external keyboard;mouse pad;mousepad;keypad;key board;keybord;mouse device;input device;input devices;pointing device;cordless keyboard;cordless mouse;chiclet keyboard;backlit keyboard;rgb keyboard;ergonomic keyboard;ergonomic mouse;slim keyboard;compact keyboard;hindi keyboard;typing keyboard;desktop keyboard;office keyboard;wireless combo;keyboard set;peripheral;mouse wireless;keyboard wireless;silent mouse;rechargeable mouse
Document Scanner,scanner document imaging,scanner;scanners;document scanner;flatbed scanner;sheet fed scanner;adf scanner;duplex scanner;portable scanner;handheld scanner;photo scanner;a4 scanner;a3 scanner;high speed scanner;network scanner;wifi scanner;book scanner;passport scanner;id scanner;barcode scanner;qr scanner;image scanner;scanning machine;scan machine;scaner;scannner;skanner;document imaging;paper scanner;colour scanner;color scanner;office scanner;desktop scanner;digital scanner;fingerprint scanner;cheque scanner;batch scanner;professional scanner;compact scanner;scanning device;document capture;large format scanner;wide format scanner;usb scanner;flat bed scanner;scan device;scanner cum copier;roller scanner;feed scanner;office document scanner;invoice scanner;form scanner;microfilm scanner;slide scanner;film scanner;3d scanner
Tablet / iPad,tablet ipad computing,tablet;tablets;ipad;ipads;tab;tabs;tablet pc;android tablet;windows tablet;ios tablet;graphic tablet;drawing tablet;writing tablet;digital tablet;kids tablet;education tablet;learning tablet;e reader;ebook reader;kindle;tablet computer;10 inch tablet;8 inch tablet;7 inch tablet;wifi tablet;4g tablet;5g tablet;calling tablet;sim tablet;tablet device;touch tablet;tablet with keyboard;detachable tablet;convertible tablet;tablat;taiblet;taibet;tablet gadget;portable tablet;student tablet;office tablet;signature pad;note tablet;smart tablet;budget tablet;premium tablet;rugged tablet;medical tablet device;tablet screen;big tablet;mini tablet;large tablet;phablet;handheld tablet;touchscreen tablet;reading tablet
Headphone / Earphone,headphone earphone headset audio,headphone;headphones;earphone;earphones;headset;headsets;earbud;earbuds;ear phone;head phone;wireless headphone;bluetooth headphone;wired headphone;over ear headphone;on ear headphone;in ear earphone;neckband;neckband earphone;tws;true wireless earbuds;gaming headset;call center headset;office headset;usb headset;noise cancelling headphone;anc headphone;sports earphone;mic headphone;headphone with mic;headset with mic;hedphone;earfone;hedset;audio headset;music headphone;earpiece;ear piece;single ear headset;dual ear headset;conference headset;transcription headset;wireless earbuds;bluetooth earphone;wired earphone;handsfree;hands free;handsfree earphone;call headset;gaming earphone;studio headphone;dj headphone;kids headphone;foldable headphone;portable headphone
Power Bank,power bank portable charger battery,power bank;powerbank;power banks;portable charger;mobile charger bank;battery bank;portable power bank;10000 mah power bank;20000 mah power bank;fast charging power bank;solar power bank;wireless power bank;slim power bank;mini power bank;usb power bank;type c power bank;power pack;portable battery;backup battery bank;charging bank;phone power bank;laptop power bank;high capacity power bank;pocket power bank;powr bank;pawer bank;powerbnk;power-bank;external battery;portable power;rechargeable power bank;dual usb power bank;quick charge power bank;18w power bank;22.5w power bank;compact power bank;travel power bank;emergency power bank;backup power bank;charger bank;battery charger bank;power storage bank;mah power bank;pd power bank;lithium power bank;polymer power bank;portable charging bank;mobile power bank;office power bank;gift power bank;branded power bank;power bank charger;handy power bank
Server / Rack,server rack data center,server;servers;rack server;tower server;blade server;rackmount server;server rack;network rack;data rack;9u rack;12u rack;15u rack;22u rack;42u rack;server cabinet;rack cabinet;networking rack;wall mount rack;floor standing rack;open rack;data center server;datacenter server;application server;database server;file server;web server;proxy server;edge server;storage server;sarver;servr;server machine;enterprise server;poweredge server;proliant server;server hardware;computing server;rack unit;server unit;rack enclosure;server enclosure;1u server;2u server;gpu server;virtualization server;backup server;mail server;domain server;server system;compute node;server node;high performance server;cloud server hardware;physical server
Biometric / Attendance Machine,biometric attendance access fingerprint,biometric;biometric machine;attendance machine;attendance system;fingerprint machine;fingerprint scanner;finger print device;time attendance machine;access control;access control system;face recognition machine;face attendance machine;biometric device;biometric attendance;punching machine attendance;rfid attendance;card attendance machine;biometric reader;fingerprint reader;biomatric;bio metric;biometrick;attendence machine;atendance machine;employee attendance machine;staff attendance machine;school attendance machine;iris scanner;palm scanner;door access control;access control machine;time recorder;time clock machine;punch card machine;swipe machine;entry machine;gate access control;biometric terminal;attendance terminal;fingerprint attendance;face detection machine;thumb machine;thumb impression machine;attendance recorder;biometric system;access reader;proximity card reader;security access system;attendance biometric;office attendance machine;clock in machine;workforce attendance machine
Toner / Cartridge,toner cartridge ink printer consumable,toner;toners;cartridge;cartridges;ink cartridge;toner cartridge;printer cartridge;printer ink;printer toner;ink;printing ink;compatible cartridge;original cartridge;refill cartridge;refill ink;ink bottle;ink tank;laser toner;inkjet cartridge;color cartridge;colour cartridge;black cartridge;toner powder;drum unit;imaging drum;cartrige;cartridg;toner catridge;catridge;ink catridge;printer consumable;printing consumable;hp cartridge;canon cartridge;epson ink;brother toner;toner refill;cartridge refill;photo ink;dye ink;pigment ink;sublimation ink;ribbon cartridge;printer ribbon;cyan cartridge;magenta cartridge;yellow cartridge;cmyk cartridge;compatible toner;genuine toner;remanufactured cartridge;bulk ink;continuous ink system;ciss;toner bottle;ink refill kit
Software / License,software license antivirus application,software;softwares;license;licence;software license;antivirus;anti virus;antivirus software;operating system;os license;windows license;office license;ms office;microsoft office;application software;system software;erp software;accounting software;tally software;cad software;design software;utility software;software subscription;cloud subscription;saas license;annual subscription;perpetual license;volume license;user license;software renewal;softwear;softwre;sofware;licence key;license key;product key;activation key;endpoint security;internet security;firewall software;backup software;database software;software package;enterprise software;software solution;productivity software;adobe license;autocad license;learning software;e learning software;lms software;software tool;software application;mobile app license;software amc;annual license
Voltage Stabilizer,voltage stabilizer servo power,stabilizer;stabiliser;voltage stabilizer;voltage stabiliser;servo stabilizer;automatic voltage stabilizer;avr;ac stabilizer;fridge stabilizer;tv stabilizer;refrigerator stabilizer;mainline stabilizer;digital stabilizer;single phase stabilizer;three phase stabilizer;servo voltage stabilizer;power stabilizer;voltage regulator;automatic voltage regulator;stabilizer 4 kva;stabilizer 5 kva;high voltage stabilizer;low voltage stabilizer;stabalizer;stabilzer;stebilizer;stablizer;voltage controller;voltage protector;power conditioner;line conditioner;wall mount stabilizer;microcontroller stabilizer;static stabilizer;relay stabilizer;voltage stabilizer for ac;voltage stabilizer for fridge;mains stabilizer;industrial stabilizer;commercial stabilizer;domestic stabilizer;home stabilizer;office stabilizer;5kva stabilizer;10kva stabilizer;isolation transformer stabilizer;constant voltage transformer;cvt stabilizer;electronic stabilizer;stabilizer machine;power supply stabilizer;voltage stabilization
Extension Board / Power Strip,extension board power strip socket,extension board;extension cord;power strip;spike guard;extension box;power extension;multi plug;multiplug;power board;extension socket;surge protector;extension wire board;3 pin extension;6 socket extension;usb extension board;office extension board;computer extension board;extension lead;power cord extension;extention board;extesion board;estension board;power extension board;electrical extension;socket board;plug board;multi socket;multi socket board;extension plug;spike buster;spikeguard;surge protector strip;power distribution board;portable power strip;wall extension board;heavy duty extension board;industrial extension board;long extension cord;5 meter extension;10 meter extension;extension reel;cable reel;extension cable board;gang box;4 socket extension;8 socket extension;smart power strip;usb power strip;board extension;electric board extension;extension unit;power point extension;socket extension board
Almirah / Cupboard,almirah cupboard steel storage cabinet,almirah;almira;almrah;cupboard;cup board;steel almirah;steel cupboard;storage cabinet;storage almirah;wardrobe;godrej almirah;office almirah;book almirah;book case almirah;steel storage;metal almirah;metal cupboard;iron almirah;wooden almirah;wooden cupboard;clothes almirah;document almirah;record almirah;locker almirah;cabinet;cabinets;storage cupboard;office cupboard;almari;almaari;almirha;cupbord;cubboard;almirah steel;3 door almirah;2 door almirah;sliding door almirah;glass almirah;safe almirah;security almirah;kitchen cupboard;wall cupboard;cloth cupboard;storage wardrobe;file cupboard;record cupboard;medicine cupboard;instrument cupboard;lab almirah;chemical almirah;steel wardrobe;iron cupboard;powder coated almirah;almirah cabinet
Storage Rack / Shelving,rack shelf shelving storage slotted,rack;racks;storage rack;shelf;shelves;shelving;shelving unit;slotted angle rack;slotted rack;heavy duty rack;pallet rack;industrial rack;warehouse rack;book rack;library rack;file rack;record rack;display rack;storage shelf;steel rack;metal rack;mild steel rack;adjustable rack;multipurpose rack;storage shelving;rak;rack shelf;raks;shelfing;shelfs;shelvs;wall rack;corner rack;mobile rack;compactor rack;storage system rack;godown rack;stock rack;kitchen rack;utensil rack;shoe rack;cloth rack;garment rack;shelf rack;angle rack;boltless rack;long span rack;medium duty rack;light duty rack;rack system;storage unit rack;record storage rack;document rack;cd rack;sample rack;test tube rack
Filing Cabinet,filing cabinet drawer office storage,filing cabinet;file cabinet;filing cabinets;drawer cabinet;filing drawer;office filing cabinet;steel filing cabinet;metal filing cabinet;4 drawer cabinet;3 drawer cabinet;2 drawer cabinet;mobile pedestal;pedestal drawer;office drawer;document cabinet;record cabinet;storage drawer;filing unit;filing system;file storage cabinet;vertical filing cabinet;lateral filing cabinet;filling cabinet;fileing cabinet;filing cabnet;filing cupboard;drawer unit;office pedestal;under desk drawer;lockable cabinet;lockable drawer;card index cabinet;index cabinet;papers cabinet;office storage cabinet;steel drawer cabinet;metal drawer unit;filing storage;cabinet drawer;multi drawer cabinet;tool drawer cabinet;file keeping cabinet;record keeping cabinet;confidential file cabinet;fireproof filing cabinet;steel record cabinet;office record cabinet;document storage cabinet;drawer chest;chest of drawers;office chest;filing chest
Water Heater / Geyser,geyser water heater electric,geyser;geysers;water heater;electric water heater;instant geyser;storage geyser;instant water heater;storage water heater;gas geyser;gas water heater;solar water heater;immersion rod;immersion heater;water heating rod;geezer;gyser;geyzer;gizer;gyzer;10 litre geyser;15 litre geyser;25 litre geyser;6 litre geyser;bathroom geyser;kitchen geyser;instant heater;electric geyser;water warmer;heating rod;rod heater;hot water geyser;geyser water heater;water boiler;domestic water heater;commercial water heater;3 litre geyser;vertical geyser;horizontal geyser;5 star geyser;energy efficient geyser;digital geyser;smart geyser;geyser electric;heater geyser;bath geyser;wall mounted geyser;tankless water heater;on demand water heater;geyser tank;shower geyser;hostel geyser;hospital water heater
Electric Iron / Press,iron press garment steam,iron;electric iron;press;cloth iron;clothes iron;steam iron;dry iron;garment iron;istri;isteri;istry;press machine;ironing machine;steam press;cloth press;garment press;commercial iron;heavy iron;industrial iron;laundry iron;electric press;steam iron box;iron box;ironbox;iron machine;cordless iron;travel iron;mini iron;hand iron;presswala iron;iron for clothes;kapda press;kapde ki istri;steam garment iron;dry press;ironing press;vertical steam iron;handheld steamer;garment steamer;cloth steamer;fabric steamer;iron non stick;teflon iron;auto shut iron;temperature control iron;spray iron;self cleaning iron;iron appliance;electric istri;steam istri;1000 watt iron;1200 watt iron;1600 watt iron;iron press machine
Water Pump / Motor,pump motor water submersible,pump;pumps;water pump;motor;motors;water motor;submersible pump;monoblock pump;centrifugal pump;borewell pump;openwell pump;self priming pump;pressure pump;booster pump;sewage pump;sludge pump;dewatering pump;mud pump;slurry pump;hand pump;solar pump;solar water pump;agricultural pump;irrigation pump;domestic pump;0.5 hp pump;1 hp pump;2 hp pump;5 hp pump;water lifting pump;pump set;motor pump;pumb;pmp;pump motor;electric motor pump;single phase pump;three phase pump;jet pump;vacuum pump;chemical pump;diaphragm pump;gear pump;screw pump;fire fighting pump;circulation pump;coolant pump;oil pump;fountain pump;aquarium pump;sump pump;flood pump;trash pump;high pressure pump
Room Heater,room heater blower warmer winter,room heater;heater;heaters;electric heater;fan heater;blower heater;halogen heater;quartz heater;oil filled heater;oil heater;convection heater;infrared heater;carbon heater;ptc heater;portable heater;space heater;winter heater;indoor heater;bathroom heater;table heater;wall heater;tower heater;radiant heater;heater blower;hitar;heatar;room hitter;electric room heater;1000 watt heater;2000 watt heater;energy saving heater;safe heater;child safe heater;office heater;home heater;warmer;heating appliance;heat convector;convector heater;hot air blower;heat blower;cabin heater;under table heater;personal heater;mini heater;compact heater;silent heater;adjustable heater;thermostat heater;electric warmer;small heater;big heater;heater machine
Air Cooler (Desert Cooler),air cooler desert evaporative cooling,air cooler;cooler;coolers;desert cooler;personal cooler;tower cooler;window cooler;room cooler;evaporative cooler;water cooler air;portable cooler;industrial cooler;commercial cooler;honeycomb cooler;big cooler;small cooler;mini cooler;electric cooler;cooler machine;cooling cooler;coler;kooler;kular;air kooler;50 litre cooler;70 litre cooler;desert air cooler;plastic cooler;metal cooler;cooler with remote;remote cooler;inverter cooler;cooler fan;hawa cooler;thanda cooler;desert type cooler;office cooler;home cooler;hall cooler;outdoor cooler;cooler unit;evaporative air cooler;swamp cooler;pad cooler;cooler pad;high speed cooler;heavy duty cooler;godown cooler;shed cooler;factory cooler;cooler appliance;summer cooler;air cooling machine;portable air cooler
Microwave Oven,microwave oven otg baking,microwave;microwave oven;oven;ovens;otg;otg oven;convection oven;grill microwave;solo microwave;convection microwave;baking oven;electric oven;toaster oven;microwave grill;20 litre microwave;25 litre microwave;30 litre microwave;commercial microwave;industrial oven;bakery oven;pizza oven;tandoor oven;microwave machine;maikrowave;micro wave;microve;micrwave;mikrowave;oven microwave;kitchen oven;cooking oven;heating oven;reheat microwave;digital microwave;smart oven;combi oven;deck oven;rotary oven;hot air oven;laboratory oven;drying oven;curing oven;muffle furnace;baking machine;roti maker oven;microwave with grill;inverter microwave;auto cook microwave;steam oven;built in oven;counter top oven;otg microwave;oven toaster grill
Mixer Grinder,mixer grinder blender kitchen,mixer;mixers;grinder;grinders;mixer grinder;mixie;mixi;juicer mixer grinder;jmg;wet grinder;dry grinder;blender;hand blender;food processor;spice grinder;masala grinder;coffee grinder;flour mill;atta chakki;atta maker;grinding machine;mixer machine;kitchen grinder;commercial mixer grinder;industrial grinder;mixergrinder;mixer grindr;mixxer;grinder mixer;electric grinder;electric mixer;750 watt mixer;500 watt mixer;1000 watt mixer;3 jar mixer;4 jar mixer;2 jar mixer;stainless steel jar mixer;juicer;juicer machine;cold press juicer;chutney grinder;table top grinder;tilting wet grinder;idli grinder;dosa batter grinder;commercial blender;smoothie blender;food blender;hand mixer;stand mixer;dough mixer;kitchen appliance mixer;vegetable chopper;electric chopper
Water Dispenser,water dispenser cooler hot cold,water dispenser;dispenser;dispensers;water cooler;hot cold dispenser;hot and cold water dispenser;bottled water dispenser;table top dispenser;floor standing dispenser;office water dispenser;water cooler dispenser;normal water dispenser;cold water dispenser;hot water dispenser;20 litre dispenser;water dispensing machine;drinking water dispenser;wall mounted water cooler;water cooler machine;peyjal cooler;pani cooler;watr dispenser;watter dispenser;dispencer;dispensor;commercial water cooler;stainless steel water cooler;ss water cooler;40 litre water cooler;80 litre water cooler;storage water cooler;pressure water cooler;water cooler with ro;ro water cooler;school water cooler;office water cooler;public water cooler;chilled water dispenser;instant water dispenser;counter water dispenser;bottle loading dispenser;top load dispenser;bottom load dispenser;water station;drinking water station;hydration station;water fountain;cooling water dispenser;warm water dispenser;beverage dispenser
Whiteboard / Notice Board,whiteboard notice board display,whiteboard;white board;notice board;noticeboard;display board;bulletin board;pin board;pinup board;soft board;cork board;green board;black board;chalk board;magnetic whiteboard;magnetic board;writing board;ceramic whiteboard;glass board;glass writing board;flip chart board;flipchart stand;display panel board;wite board;whitebord;notis board;notice bord;board white;office notice board;school notice board;classroom board;teaching board;presentation board;wheeled whiteboard;mobile whiteboard;portable whiteboard;wall mounted whiteboard;felt notice board;fabric notice board;resin coated whiteboard;melamine whiteboard;digital board;smart board;interactive whiteboard;display board with stand;double sided whiteboard;combination board;message board;memo board;planning board;information board;sign board display;roll up board;menu board
Paper Shredder,shredder paper document destroy,shredder;shredders;paper shredder;document shredder;office shredder;cross cut shredder;strip cut shredder;micro cut shredder;heavy duty shredder;commercial shredder;industrial shredder;personal shredder;auto feed shredder;cd shredder;credit card shredder;paper destroyer;shredding machine;document destroyer;sredder;shreder;paper shreder;confidential shredder;high capacity shredder;small shredder;desk side shredder;under desk shredder;large shredder;big shredder;10 sheet shredder;20 sheet shredder;continuous shredder;quiet shredder;security shredder;level p4 shredder;level p5 shredder;office paper shredder;bank shredder;record shredder;file shredder;waste paper shredder;shredder machine;electric shredder;automatic shredder;manual shredder;paper cutting shredder;data destruction shredder;confidential document shredder;shredding device;paper waste shredder;shredder for office
Calculator,calculator counting office,calculator;calculators;electronic calculator;scientific calculator;basic calculator;financial calculator;office calculator;desktop calculator;handheld calculator;pocket calculator;printing calculator;check calculator;gst calculator;12 digit calculator;14 digit calculator;solar calculator;battery calculator;big display calculator;large calculator;mini calculator;calcuator;calculater;calqulator;kalkulator;calculatr;counting machine;note counting machine;cash counting machine;currency counter;money counting machine;coin counter;graphing calculator;student calculator;school calculator;exam calculator;engineering calculator;accounting calculator;billing calculator;shop calculator;commercial calculator;heavy duty calculator;check and correct calculator;tax calculator;profit calculator;adding machine;desk calculator;table calculator;digital calculator;portable calculator;casio calculator;cost calculator;calculation machine
Sofa / Lounge Seating,sofa couch lounge seating furniture,sofa;sofas;couch;sofa set;settee;sofaset;lounge sofa;office sofa;reception sofa;waiting sofa;3 seater sofa;2 seater sofa;1 seater sofa;single seater sofa;l shaped sofa;corner sofa;sectional sofa;recliner sofa;leather sofa;fabric sofa;leatherette sofa;wooden sofa;sofa chair;lounge chair;lounge seating;sofa couch;diwan;divan;sofa cum bed;sofa bed;pull out sofa;loveseat;love seat;chesterfield sofa;modular sofa;puffy sofa;pouffe;ottoman;bean bag sofa;sofa furniture;sofaa;soffa;couche;cauch;office lounge sofa;visitor sofa;hotel sofa;lobby sofa;cushioned sofa;foam sofa;spring sofa;designer sofa;premium sofa;sofa unit;seating sofa;guest sofa;waiting lounge sofa;reception seating sofa
Hospital Bed / Cot,hospital bed cot patient furniture,hospital bed;patient bed;hospital cot;cot;bed;beds;icu bed;electric hospital bed;manual hospital bed;semi fowler bed;fowler bed;two function bed;three function bed;five function bed;adjustable bed;examination bed;patient cot;medical bed;hospital furniture bed;hosptial bed;hospetal bed;patient bad;hospital bedd;ward bed;general ward bed;delivery bed;labour bed;gynae bed;obstetric bed;pediatric bed;children bed;baby cot;baby bed;bassinet;crib;attendant bed;recovery bed;stretcher bed;trolley bed;bariatric bed;motorized hospital bed;remote control bed;ss hospital bed;stainless steel bed;mild steel hospital bed;hospital bed with mattress;abs panel bed;fowler position bed;backrest bed;collapsible bed;folding bed;iron cot;steel cot;wooden cot;single bed;hostel bed
Wheelchair,wheelchair patient mobility,wheelchair;wheel chair;wheelchairs;manual wheelchair;electric wheelchair;motorized wheelchair;folding wheelchair;commode wheelchair;reclining wheelchair;pediatric wheelchair;patient wheelchair;hospital wheelchair;invalid wheelchair;disabled wheelchair;handicap wheelchair;power wheelchair;lightweight wheelchair;aluminium wheelchair;steel wheelchair;wheel chair patient;wheelchiar;whelchair;wheel char;wheel-chair;mobility chair;mobility aid;rolling chair patient;transport wheelchair;self propel wheelchair;attendant wheelchair;wheelchair with commode;cerebral palsy wheelchair;cp chair;sports wheelchair;bariatric wheelchair;high back wheelchair;elevating wheelchair;detachable wheelchair;wheelchair mobility;patient mobility chair;hospital mobility chair;medical wheelchair;wheelchair foldable;wheelchair aluminium;elderly wheelchair;senior citizen wheelchair;patient carrier chair;chair with wheels;moving chair patient;wheelchair device;patient transfer chair
Stretcher / Trolley,stretcher trolley patient hospital,stretcher;stretchers;patient stretcher;hospital stretcher;trolley;patient trolley;emergency stretcher;ambulance stretcher;foldable stretcher;scoop stretcher;spine board;spinal board;transfer trolley;patient transfer trolley;stretcher trolley;wheeled stretcher;hydraulic stretcher;emergency trolley;crash cart;medicine trolley;instrument trolley;dressing trolley;streacher;stracher;strecher;stretcher bed;casualty stretcher;collapsible stretcher;basket stretcher;rescue stretcher;folding stretcher;canvas stretcher;aluminium stretcher;ss stretcher trolley;recovery trolley;mortuary trolley;body carrier;patient shifting trolley;shifting stretcher;gurney;hospital gurney;examination trolley;procedure trolley;medical trolley;utility trolley hospital;food trolley hospital;linen trolley;hospital cart;wheeled trolley;transport stretcher;adjustable stretcher;height adjustable trolley;patient bed trolley
Oxygen Concentrator / Cylinder,oxygen concentrator cylinder medical,oxygen concentrator;oxygen cylinder;oxygen;medical oxygen;o2 concentrator;o2 cylinder;portable oxygen concentrator;home oxygen concentrator;5 litre concentrator;10 litre concentrator;oxygen machine;oxygen generator;oxygen plant;psa oxygen plant;oxygen supply;oxygen tank;medical oxygen cylinder;b type cylinder;d type cylinder;oxygen gas cylinder;oxygen flow meter;oxygen regulator;oksijan concentrator;oxigen concentrator;oxygyn cylinder;oxegen cylinder;oxygen cocentrator;respiratory concentrator;breathing machine;oxygen therapy machine;oxygen supply unit;oxygen delivery system;oxygen humidifier;oxygen mask cylinder;portable oxygen;oxygen can;oxygen bottle;aluminium oxygen cylinder;steel oxygen cylinder;refillable oxygen cylinder;oxygen concentrator machine;clinical oxygen;hospital oxygen plant;medical gas cylinder;oxygen generation plant;oxygen filling plant;oxygen booster;oxygen storage tank;liquid oxygen;oxygen supply system;oxygen concentrator device
BP Monitor / Sphygmomanometer,bp monitor blood pressure sphygmomanometer,bp monitor;bp machine;blood pressure monitor;blood pressure machine;sphygmomanometer;digital bp monitor;automatic bp monitor;manual bp machine;aneroid bp machine;mercury bp machine;wrist bp monitor;arm bp monitor;bp apparatus;bp instrument;bp checking machine;bp measuring machine;b.p. monitor;bp moniter;bp mashine;blood presure monitor;sphygmomanometr;spygmomanometer;bp meter;digital blood pressure monitor;upper arm bp monitor;home bp monitor;clinical bp monitor;portable bp monitor;bp cuff;pressure cuff;bp reader;hypertension monitor;blood pressure meter;automatic blood pressure machine;electronic bp monitor;bp measurement device;bp gauge;aneroid sphygmomanometer;mercurial sphygmomanometer;desk bp machine;wall bp machine;stand bp machine;bp monitoring device;bp checker;blood pressure checker;bp testing machine;bp diagnostic machine;medical bp monitor;hospital bp machine;bp monitor digital;pressure monitor blood;bpm machine
Stethoscope,stethoscope medical diagnostic,stethoscope;stethoscopes;medical stethoscope;cardiology stethoscope;dual head stethoscope;single head stethoscope;pediatric stethoscope;digital stethoscope;electronic stethoscope;acoustic stethoscope;doctor stethoscope;nurse stethoscope;student stethoscope;littmann stethoscope;stethescope;stethascope;stetoscope;stethscope;stethoscop;stethoscope medical;cardiac stethoscope;cardiology grade stethoscope;professional stethoscope;classic stethoscope;lightweight stethoscope;veterinary stethoscope;fetal stethoscope;fetoscope;neonatal stethoscope;infant stethoscope;adult stethoscope;teaching stethoscope;double sided stethoscope;chest piece stethoscope;diaphragm stethoscope;bell stethoscope;tunable stethoscope;stethoscope diagnostic;auscultation device;heart sound device;medical diagnostic stethoscope;clinical stethoscope;hospital stethoscope;premium stethoscope;steel stethoscope;aluminium stethoscope;stainless steel stethoscope;stethoscope instrument;listening device medical;chestpiece;stethoscope set
Weighing Scale,weighing scale balance measurement,weighing scale;weighing machine;scale;weight machine;weight scale;digital weighing scale;electronic weighing scale;platform scale;table top scale;counter scale;bench scale;floor scale;crane scale;hanging scale;spring balance;weighing balance;analytical balance;precision balance;lab balance;kitchen scale;personal scale;bathroom scale;body weighing scale;baby weighing scale;infant scale;weighing mashine;weighing machin;weighting scale;wieghing scale;tolne wali machine;wajan machine;wajan tolne wali machine;platform weighing scale;heavy weighing scale;industrial weighing scale;commercial weighing scale;shop weighing scale;jewellery scale;gold weighing scale;milk weighing scale;grain weighing scale;livestock weighing scale;cattle weighing scale;truck weighing scale;weighbridge;postal scale;parcel scale;load cell scale;digital balance;electronic balance;measuring scale;weight measurement machine
Microscope,microscope laboratory optical scientific,microscope;microscopes;compound microscope;binocular microscope;trinocular microscope;monocular microscope;stereo microscope;digital microscope;student microscope;biological microscope;medical microscope;pathology microscope;research microscope;metallurgical microscope;polarizing microscope;fluorescence microscope;inverted microscope;usb microscope;electron microscope;microscop;microscpe;micoscope;mycroscope;microskope;laboratory microscope;lab microscope;clinical microscope;school microscope;college microscope;led microscope;halogen microscope;optical microscope;light microscope;phase contrast microscope;dark field microscope;dissecting microscope;portable microscope;field microscope;microscope with camera;camera microscope;high power microscope;10x microscope;40x microscope;100x microscope;microscope slide;microscope objective;microscope eyepiece;advanced microscope;professional microscope;teaching microscope;microscopy instrument;scientific microscope;magnifying microscope
Autoclave / Sterilizer,autoclave sterilizer medical instrument,autoclave;autoclaves;sterilizer;steriliser;steam sterilizer;instrument sterilizer;medical autoclave;laboratory autoclave;lab autoclave;vertical autoclave;horizontal autoclave;portable autoclave;table top autoclave;dental autoclave;surgical autoclave;pressure sterilizer;high pressure sterilizer;hot air sterilizer;dry heat sterilizer;uv sterilizer;boiling sterilizer;autoclav;autoclaive;otoclave;sterlizer;sterilizor;instrument sterlizer;class b autoclave;class n autoclave;front loading autoclave;double door autoclave;flash autoclave;rapid sterilizer;bench top sterilizer;cssd autoclave;hospital sterilizer;clinic sterilizer;sterilization machine;sterilizing machine;disinfection machine;surgical instrument sterilizer;needle sterilizer;syringe sterilizer;glassware sterilizer;media sterilizer;sterilizer autoclave;steam autoclave;electric sterilizer;digital autoclave;automatic autoclave;sterilizer machine;medical steam sterilizer;laboratory sterilizer;sterilizer equipment;autoclave machine
Nebulizer,nebulizer respiratory medical inhalation,nebulizer;nebuliser;nebulizers;nebulizer machine;compressor nebulizer;piston nebulizer;ultrasonic nebulizer;mesh nebulizer;portable nebulizer;handheld nebulizer;pediatric nebulizer;adult nebulizer;home nebulizer;hospital nebulizer;medical nebulizer;respiratory nebulizer;asthma nebulizer;nebuliser machine;nebulizr;nebalizer;nabulizer;nubulizer;nebulaizer;breathing machine nebulizer;inhalation machine;aerosol machine;steam nebulizer;nebulizer kit;nebulizer mask;nebulizer with mask;nebulizer chamber;child nebulizer;baby nebulizer;travel nebulizer;mini nebulizer;rechargeable nebulizer;battery nebulizer;silent nebulizer;compact nebulizer;nebulization machine;medicine nebulizer;respiratory therapy machine;asthma machine;cough machine nebulizer;aerosol therapy device;nebulizer device;nebulizer respiratory;electric nebulizer;hospital nebulizer machine;clinic nebulizer;medical inhaler machine;nebulizer equipment;nebulizer unit;portable nebulizer machine
ECG Machine,ecg machine cardiac diagnostic,ecg machine;ecg;e.c.g.;electrocardiograph;ecg monitor;ekg machine;3 channel ecg;6 channel ecg;12 channel ecg;single channel ecg;portable ecg machine;digital ecg machine;ecg recorder;cardiac monitor;ecg equipment;ecg instrument;ecg system;e c g machine;ecg machin;ecg mashine;ekg monitor;electro cardiograph;electrocardiogram machine;heart machine;cardiogram machine;cardiac diagnostic machine;ecg device;holter monitor;stress test machine;tmt machine;treadmill test machine;ecg with printer;ecg trolley;ecg cart;bedside ecg;hospital ecg machine;clinic ecg machine;cardiology ecg;resting ecg;ambulatory ecg;wireless ecg;bluetooth ecg;ecg patient monitor;multi para monitor;vital signs monitor;patient monitoring system;cardiac care monitor;ecg leads machine;ecg electrodes machine;diagnostic ecg;ecg unit;heart monitoring machine
Examination Table / Couch,examination table couch medical,examination table;examination couch;exam table;medical examination table;patient examination table;doctor table;clinic table;examination bed;gynae examination table;gynecological table;obstetric table;delivery table;operation table;ot table;surgical table;operating table;procedure table;dressing table medical;massage table;physiotherapy table;traction table;examnation table;examination tabl;medical exam couch;exam couch;examination table medical;steel examination table;ss examination table;3 fold examination table;adjustable examination table;hydraulic examination table;motorized examination table;electric examination table;padded examination table;cushioned examination table;leatherette examination table;hospital examination table;clinical couch;examination furniture;patient couch;medical couch;consultation table;diagnostic table;recovery couch;treatment table;eye examination table;dental examination table;pediatric examination table;examination platform;exam furniture;examination table with drawer
First Aid Kit,first aid kit medical emergency,first aid kit;first aid box;firstaid kit;first aid;medical kit;emergency kit;first aid bag;first aid pouch;workplace first aid kit;office first aid kit;industrial first aid kit;vehicle first aid kit;car first aid kit;travel first aid kit;home first aid kit;school first aid kit;first aid cabinet;first aid wall box;medical emergency kit;trauma kit;firs aid kit;frist aid kit;first-aid kit;first aid medical box;prathmik chikitsa box;prathmik upchar kit;emergency medical kit;burn kit;wound care kit;safety first aid kit;compact first aid kit;portable first aid kit;waterproof first aid kit;green cross first aid box;factory first aid kit;site first aid kit;bus first aid kit;first aid supplies;medical supplies kit;bandage kit;dressing kit;first aid equipment;emergency response kit;disaster kit;survival first aid kit;first responder kit;first aid refill;first aid container;medical first aid box;aid kit;first aid essentials
Surgical Instruments,surgical instrument medical operation,surgical instrument;surgical instruments;surgical set;operation instruments;ot instruments;surgery instruments;medical instruments;forceps;artery forceps;scalpel;surgical blade;surgical scissors;needle holder;retractor;hemostat;dissecting forceps;tissue forceps;sponge holder;surgical clamp;surgical tray;instrument tray;suture set;surgical kit;minor surgery set;surgcal instrument;surgical instrment;sergical instruments;surgical instrumnts;operation theatre instruments;orthopedic instruments;dental instruments;ent instruments;ophthalmic instruments;gynae instruments;surgical tools;stainless steel surgical instruments;ss surgical instruments;reusable surgical instruments;disposable surgical instruments;trauma instruments;microsurgery instruments;laparoscopy instruments;surgical scissor set;dressing instruments;suturing instruments;surgical forceps;surgical needle;bone instruments;cutting instruments medical;grasping instruments;surgical equipment;operating instruments;medical surgical set
Safety Helmet,safety helmet head protection industrial,safety helmet;helmet;helmets;industrial helmet;construction helmet;hard hat;hardhat;safety hard hat;engineer helmet;worker helmet;labour helmet;site helmet;mining helmet;electrical safety helmet;ratchet helmet;safety cap;protective helmet;head protection helmet;helmat;helmit;safty helmet;safety helmat;hard-hat;safety headgear;head gear;bump cap;climbing helmet;rescue helmet;fire helmet;welding helmet;full brim helmet;cap style helmet;ventilated helmet;abs helmet;hdpe helmet;iso helmet;is 2925 helmet;industrial safety helmet;yellow helmet;white helmet;red helmet;blue helmet;safety helmet with chin strap;helmet with visor;visor helmet;protective headwear;workman helmet;factory helmet;civil helmet;ppe helmet;personal safety helmet;head safety helmet;safety hat;hard cap
Safety Harness / Belt,safety harness belt fall protection,safety harness;harness;full body harness;safety belt;fall protection harness;climbing harness;work harness;industrial harness;safety harness belt;double lanyard harness;single lanyard harness;scaffolding harness;roof harness;tower harness;linesman belt;pole belt;restraint belt;positioning belt;safty harness;safety harnes;safety harnass;hardness safety;fall arrest harness;fall arrestor;shock absorbing lanyard;lanyard;lifeline;anchor harness;rescue harness;confined space harness;height safety harness;body belt;waist belt safety;chest harness;seat harness;full harness;safety rope harness;polyester harness;webbing harness;ppe harness;personal fall protection;height work belt;safety belt for height;worker safety belt;electrician belt;linemen safety belt;construction harness;abseiling harness;belt harness safety;harness with lanyard;harness fall protection;safety line harness;arrestor harness
Metal Detector,metal detector security scanner,metal detector;metal detectors;hand held metal detector;handheld metal detector;door frame metal detector;dfmd;walk through metal detector;wtmd;security metal detector;gold metal detector;underground metal detector;deep search metal detector;portable metal detector;pin pointer detector;metal detecting machine;metal scanner;security scanner metal;metal detector gate;metel detector;metal detecter;metaldetector;metal ditector;metal detactor;airport metal detector;baggage metal detector;hand metal detector;super scanner;body scanner metal;frisking metal detector;security wand;detector wand;archway metal detector;multi zone metal detector;18 zone metal detector;6 zone metal detector;industrial metal detector;food metal detector;conveyor metal detector;needle detector;garment metal detector;treasure metal detector;coin metal detector;vlf metal detector;pulse induction metal detector;waterproof metal detector;metal detector security;entrance metal detector;checkpost metal detector;metal detector device;metal search machine;hhmd
Road Barricade / Barrier,barricade barrier road traffic safety,barricade;barricades;road barricade;barrier;barriers;road barrier;traffic barricade;traffic barrier;safety barricade;crowd barrier;crowd control barricade;expandable barricade;plastic barricade;steel barricade;frp barricade;police barricade;security barrier;boom barrier;boom gate;road blocker;tyre killer;spike barrier;barigade;barricde;baricade;barrikade;road divider;lane divider;median barrier;crash barrier;guard rail;guardrail;w beam crash barrier;traffic separator;delineator;queue barrier;retractable barrier;belt barrier;stanchion barrier;que manager;queue manager;pedestrian barrier;site barricade;construction barricade;safety barrier;water filled barrier;jersey barrier;concrete barrier;portable barricade;folding barricade;interlocking barricade;traffic control barrier;road safety barrier;parking barrier
Signage / Sign Board,signage sign board display safety,signage;sign board;signboard;sign;signs;safety signage;safety sign board;road sign board;traffic sign board;directional sign board;name board;display board sign;acp sign board;led sign board;glow sign board;neon sign;reflective sign board;cautionary sign board;mandatory sign board;warning sign;safety sign;fire exit sign;exit sign board;information sign board;signege;sinage;sign bord;sign-board;signboards;outdoor signage;indoor signage;digital signage;wayfinding signage;pole sign board;hoarding board;flex sign board;sunboard sign;vinyl sign board;metal sign board;aluminium sign board;retro reflective sign;road safety sign;no parking board;speed limit sign;railway sign board;office name plate;name plate signage;door sign board;washroom sign;assembly point sign;danger sign board;prohibition sign;signage display;corporate signage
Traffic Cone / Road Safety,traffic cone road safety marker,traffic cone;traffic cones;safety cone;road cone;road safety cone;pvc cone;plastic cone;reflective cone;traffic marker cone;parking cone;warning cone;construction cone;orange cone;cone;cones;safety marker;trafic cone;traffik cone;trafic cons;road safety marker;delineator cone;channelizer;traffic channelizer;road stud;cat eye;reflective road stud;solar road stud;speed breaker;speed bump;speed hump;road hump;rumble strip;traffic hump;wheel stopper;parking stopper;corner guard;traffic pole;road safety pole;spring post;bollard;traffic bollard;flexible bollard;sign cone;cone bar;cone with chain;safety cone reflective;750 mm cone;1000 mm cone;traffic safety cone;road marker cone;highway cone;site safety cone;cone marker;road safety equipment;cone traffic
Vacuum Cleaner,vacuum cleaner cleaning suction,vacuum cleaner;vacuum cleaners;vacuum;vaccum cleaner;vaccum;vacume cleaner;wet and dry vacuum cleaner;dry vacuum cleaner;wet vacuum cleaner;industrial vacuum cleaner;commercial vacuum cleaner;handheld vacuum cleaner;car vacuum cleaner;robotic vacuum cleaner;robot vacuum;cordless vacuum cleaner;bagless vacuum cleaner;canister vacuum cleaner;upright vacuum cleaner;backpack vacuum cleaner;vacume;vaccume cleaner;vaccum machine;vacum cleaner;cleaning vacuum;suction machine cleaner;floor vacuum cleaner;carpet vacuum cleaner;sofa vacuum cleaner;hepa vacuum cleaner;heavy duty vacuum cleaner;high suction vacuum cleaner;portable vacuum cleaner;mini vacuum cleaner;wall mounted vacuum cleaner;vacuum blower;blower vacuum;dust extractor;dust collector;vacuum suction machine;hotel vacuum cleaner;office vacuum cleaner;home vacuum cleaner;hospital vacuum cleaner;wet dry vacuum;3 in 1 vacuum cleaner;vacuum cleaning machine;electric vacuum cleaner;floor cleaning vacuum;professional vacuum cleaner;vacuum appliance;cleaner vacuum
Dustbin / Waste Bin,dustbin waste bin garbage container,dustbin;dust bin;dustbins;waste bin;garbage bin;trash bin;trash can;dust bins;kachra dan;kachra petti;kude dan;kooda dan;waste container;garbage container;pedal bin;pedal dustbin;swing bin;push bin;open bin;step bin;sensor dustbin;touchless dustbin;sanitary bin;biomedical waste bin;colour coded bin;twin bin;segregation bin;dust been;dustbeen;dust-bin;wet waste bin;dry waste bin;plastic dustbin;steel dustbin;ss dustbin;frp dustbin;outdoor dustbin;indoor dustbin;wall mounted dustbin;road dustbin;public dustbin;office dustbin;kitchen dustbin;hospital waste bin;medical waste bin;biohazard bin;wheeled bin;wheelie bin;240 litre bin;120 litre bin;660 litre bin;1100 litre bin;garbage can;litter bin;rubbish bin;waste basket;paper bin;dustbin container;waste disposal bin
Hand Dryer,hand dryer washroom bathroom,hand dryer;hand dryers;automatic hand dryer;sensor hand dryer;jet hand dryer;high speed hand dryer;electric hand dryer;washroom hand dryer;toilet hand dryer;bathroom hand dryer;hand drying machine;abs hand dryer;steel hand dryer;ss hand dryer;stainless steel hand dryer;wall mounted hand dryer;hand drier;hand dryar;hand dryier;hend dryer;auto hand dryer;touchless hand dryer;infrared hand dryer;commercial hand dryer;office hand dryer;hotel hand dryer;restaurant hand dryer;mall hand dryer;airport hand dryer;warm air hand dryer;hot air hand dryer;energy efficient hand dryer;low noise hand dryer;compact hand dryer;hand dryer machine;hand dryer washroom;quick hand dryer;hepa hand dryer;hand dryer with hepa;1800 watt hand dryer;hand dryer automatic;public washroom hand dryer;sanitary hand dryer;hygienic hand dryer;hand air dryer;hand blow dryer;electric hand drier;hand dryer unit;hands free hand dryer;hand dryer appliance;hand dryer sensor;hand dryer wall
Glucometer,glucometer blood sugar diabetes,glucometer;glucometers;blood sugar machine;sugar test machine;glucose meter;blood glucose monitor;blood glucose meter;diabetes machine;diabetic machine;sugar checking machine;sugar monitor;glucose monitor;gluco meter;glucometr;glucomter;glucomiter;glukometer;blood sugar monitor;blood sugar checking machine;glucometer machine;glucometer kit;glucometer with strips;sugar level machine;hba1c machine;sugar testing machine;portable glucometer;digital glucometer;continuous glucose monitor;cgm;glucose testing meter;blood sugar tester;sugar meter;diabetes testing machine;glucometer device;glucometer strips machine;home glucometer;clinical glucometer;hospital glucometer;self monitoring glucometer;finger prick glucometer;sugar reading machine;glucose reader;sugar test kit;diabetic test machine;blood glucose testing machine;glucometer meter;sugar level tester;sugar level monitor;glucose measurement device;sugar diagnostic machine;diabetes monitor;glucose analyser
Dental Chair / Equipment,dental chair unit clinic equipment,dental chair;dental unit;dental equipment;dental chair unit;dentist chair;electric dental chair;hydraulic dental chair;dental treatment chair;clinic dental chair;portable dental chair;dental x ray;dental scaler;ultrasonic scaler;dental compressor;dental handpiece;dental drill;dental light;dental operatory;dental setup;dentel chair;dental chiar;dental char;dental instruments;orthodontic chair;pediatric dental chair;mobile dental unit;dental treatment unit;dental delivery unit;dental stool;dentist stool;dental spittoon;dental cuspidor;dental suction;saliva ejector;dental autoclave;dental sterilizer;dental cabinet;dental tray;dental bracket table;dental operating light;dental curing light;dental apex locator;dental radiography;rvg dental;dental implant kit;dental burs;dental clinic equipment;dental furniture;dental care unit;dental machine;dental chair with light;complete dental unit;dental workstation
X-ray / Imaging Machine,x-ray imaging radiography diagnostic,x ray machine;xray machine;x-ray;xray;radiography machine;digital x ray;portable x ray;mobile x ray;fixed x ray;high frequency x ray;dental x ray;c arm machine;c-arm;fluoroscopy machine;cr system;dr system;computed radiography;digital radiography;x ray unit;x ray system;x-ray equipment;x ray macine;xray mashine;x-ray machin;exray machine;radiology machine;imaging machine;diagnostic imaging;mammography machine;ct scan machine;ct scanner;mri machine;ultrasound machine;sonography machine;usg machine;bone densitometer;opg machine;portable x ray machine;veterinary x ray;chest x ray machine;500 ma x ray;300 ma x ray;100 ma x ray;60 ma x ray;x ray film processor;x ray viewer;x ray view box;radiographic machine;medical imaging machine;diagnostic x ray;hospital x ray machine;clinic x ray;x ray radiography;imaging equipment;x ray generator
Centrifuge,centrifuge laboratory blood machine,centrifuge;centrifuges;laboratory centrifuge;lab centrifuge;blood centrifuge;clinical centrifuge;micro centrifuge;microcentrifuge;high speed centrifuge;refrigerated centrifuge;table top centrifuge;bench top centrifuge;digital centrifuge;brushless centrifuge;doctor centrifuge;prp centrifuge;hematocrit centrifuge;centrifuge machine;centrifug;centifuge;centrafuge;sentrifuge;centryfuge;8 tube centrifuge;16 tube centrifuge;24 tube centrifuge;swing bucket centrifuge;fixed angle centrifuge;angle head centrifuge;cytocentrifuge;ultracentrifuge;serum centrifuge;urine centrifuge;research centrifuge;pathology centrifuge;veterinary centrifuge;portable centrifuge;compact centrifuge;mini centrifuge;laboratory spinning machine;blood spinning machine;sample centrifuge;test tube centrifuge;centrifuge apparatus;centrifuge equipment;spinner machine lab;rpm centrifuge;3000 rpm centrifuge;4000 rpm centrifuge;5000 rpm centrifuge;medical centrifuge;diagnostic centrifuge;lab spinning centrifuge
Suction Machine,suction machine aspirator medical,suction machine;suction apparatus;suction unit;aspirator;medical suction machine;surgical suction machine;portable suction machine;electric suction machine;foot operated suction machine;manual suction machine;high vacuum suction machine;phlegm suction machine;mucus suction machine;suction pump medical;vacuum suction machine medical;suction machin;suciton machine;suction mashine;sunction machine;suction masheen;oral suction machine;nasal suction machine;wall suction unit;central suction;suction regulator;thoracic suction machine;gynae suction machine;mtp suction machine;liposuction machine;dental suction machine;icu suction machine;ot suction machine;double jar suction machine;single jar suction machine;suction bottle machine;battery suction machine;rechargeable suction machine;ambulance suction machine;emergency suction machine;baby suction machine;infant suction machine;secretion suction machine;fluid suction machine;medical aspirator machine;surgical aspirator;suction device medical;phlegm removal machine;hospital suction machine;clinic suction machine;suction equipment;vacuum aspirator;aspirator machine
Pulse Oximeter,pulse oximeter spo2 oxygen medical,pulse oximeter;oximeter;oximeters;spo2 monitor;spo2 meter;fingertip pulse oximeter;finger oximeter;finger tip oximeter;handheld pulse oximeter;digital pulse oximeter;pediatric pulse oximeter;neonatal pulse oximeter;table top pulse oximeter;oxygen level machine;oxygen saturation monitor;blood oxygen monitor;oximeter machine;oxymeter;oxymeter machine;pulse oxymeter;oximeeter;oximiter;spo2 sensor;spo2 probe;pulse rate monitor;heart rate oximeter;portable oximeter;clinical oximeter;hospital oximeter;home oximeter;led oximeter;oled oximeter;medical oximeter;oxygen measuring device;saturation meter;spo2 machine;finger clip oximeter;wrist oximeter;veterinary oximeter;battery oximeter;rechargeable oximeter;oxygen monitor finger;oxi meter;pulse ox;blood oxygen meter;oxygen saturation meter;spo2 pulse oximeter;oximeter device;pulse oximeter medical;oxygen reading machine;saturation monitor;oximeter diagnostic
PVC Pipe / Plumbing,pipe plumbing pvc fitting,pipe;pipes;pvc pipe;cpvc pipe;upvc pipe;hdpe pipe;gi pipe;ms pipe;plumbing pipe;water pipe;drainage pipe;sewer pipe;conduit pipe;pipe fitting;pipe fittings;plumbing material;plumbing fitting;elbow fitting;tee fitting;coupler;reducer;flange;nipple;pipe bend;pipe clamp;paip;peep;plumbng;plumming;pvc pype;pipe pvc;sanitary pipe;soil pipe;rainwater pipe;agricultural pipe;irrigation pipe;borewell pipe;column pipe;casing pipe;swr pipe;pressure pipe;flexible pipe;corrugated pipe;seamless pipe;erw pipe;ductile iron pipe;di pipe;cast iron pipe;polyethylene pipe;sprinkler pipe;drip pipe;lateral pipe;suction pipe;delivery pipe;plumbing pipe fitting;water supply pipe;pipe and fittings
Tap / Faucet / Sanitaryware,tap faucet sanitaryware bathroom,tap;taps;faucet;faucets;water tap;bib tap;bib cock;bibcock;pillar tap;pillar cock;angle valve;angle cock;stop cock;stopcock;sanitaryware;sanitary ware;bathroom fittings;cp fittings;chrome fittings;wash basin;washbasin;basin;sink;kitchen sink;toilet;commode;water closet;wc;ewc;iwc;urinal;flush tank;cistern;health faucet;jet spray;shower;shower head;hand shower;overhead shower;nal;nalka;tap nalka;sanitary fittings;bathroom accessories;toilet fittings;mixer tap;single lever tap;sensor tap;automatic tap;wall mixer;diverter;spout;waste coupling;bottle trap;p trap;floor drain;nahani trap;faucet tap;bathroom sanitaryware;wash basin tap;sanitary items
Tiles / Flooring,tiles flooring marble ceramic,tiles;tile;floor tiles;wall tiles;ceramic tiles;vitrified tiles;porcelain tiles;marble;granite;flooring;floor covering;vinyl flooring;wooden flooring;laminate flooring;pvc flooring;epoxy flooring;carpet tiles;anti skid tiles;designer tiles;digital tiles;glazed tiles;matt tiles;glossy tiles;tils;tyles;tile flooring;floring;kota stone;cement tiles;paver block;paving tiles;interlocking tiles;roof tiles;elevation tiles;bathroom tiles;kitchen tiles;parking tiles;outdoor tiles;2x2 tiles;600x600 tiles;800x800 tiles;wall cladding;flooring material;rubber flooring;sports flooring;gym flooring;hospital flooring;conductive flooring;raised floor;false flooring;access flooring;marble flooring;granite flooring;stone flooring;tile adhesive flooring
Plywood / Board,plywood board wood laminate,plywood;ply;ply board;plyboard;board;boards;mdf board;mdf;particle board;block board;blockboard;hdf board;wpc board;pvc board;commercial plywood;marine plywood;waterproof plywood;bwr plywood;bwp plywood;flush door plywood;laminate;laminates;sunmica;veneer;decorative laminate;plywud;plywd;playwood;ply wood;ply-wood;wooden board;timber board;shuttering plywood;film faced plywood;fire retardant plywood;gurjan plywood;hardwood plywood;softwood plywood;18mm plywood;12mm plywood;6mm plywood;furniture plywood;calibrated plywood;pre laminated board;prelam board;pre laminated particle board;melamine board;acrylic laminate;high pressure laminate;hpl;cement board;fibre board;insulation board;soft board;pin board plywood;wooden panel;board sheet
Door / Window,door window frame shutter,door;doors;window;windows;darwaza;khidki;wooden door;flush door;pvc door;upvc door;aluminium door;steel door;frp door;wpc door;fibre door;glass door;sliding door;panel door;membrane door;laminated door;upvc window;aluminium window;sliding window;openable window;casement window;fixed window;ventilator;door frame;chowkhat;window frame;door shutter;darvaza;khirki;khadki;door windo;dor;windo;main door;entrance door;bathroom door;toilet door;fire door;fire rated door;acoustic door;soundproof door;security door;grill door;mesh door;mosquito net window;wire mesh window;door and window;wooden window;ventilator window;louvered window;bay window;french window;double glazed window
Lock / Padlock,lock padlock security hardware,lock;locks;padlock;pad lock;tala;taala;door lock;mortise lock;cylinder lock;rim lock;night latch;dead lock;deadbolt;digital lock;smart lock;electronic lock;biometric lock;number lock;combination lock;brass padlock;iron padlock;hardened steel lock;godown lock;shutter lock;loack;padlok;pad-lock;lok;cupboard lock;drawer lock;furniture lock;cabinet lock;almirah lock;gate lock;chain lock;cycle lock;bike lock;helmet lock;luggage lock;tsa lock;keyless lock;rfid lock;hotel lock;door handle lock;lever lock;knob lock;aldrop;tower bolt;latch;hasp;hasp and staple;safety lock;security lock;master lock;lock and key;high security lock;anti theft lock;wafer lock;pin lock;lock hardware
Nut Bolt / Fastener,nut bolt fastener screw hardware,nut bolt;nut and bolt;nuts and bolts;bolt;bolts;nut;nuts;screw;screws;fastener;fasteners;washer;washers;hex bolt;hex nut;anchor bolt;foundation bolt;u bolt;j bolt;eye bolt;stud bolt;machine screw;self tapping screw;wood screw;self drilling screw;allen bolt;socket head bolt;carriage bolt;nut-bolt;nut bolt washer;nut bolts;bolt nut;faastener;fastner;spring washer;flat washer;lock washer;check nut;lock nut;nylock nut;wing nut;dome nut;rivet;rivets;pop rivet;blind rivet;clevis pin;cotter pin;split pin;grub screw;set screw;threaded rod;all thread;gi bolt;ss bolt;ms bolt;high tensile bolt;ht bolt;hex head bolt;hardware fastener;industrial fastener;fixing bolt;assembly bolt
Hand Tools,hand tool toolkit hardware,hand tools;hand tool;tool kit;toolkit;tools;hardware tools;auzar;hammer;hathoda;screwdriver;pech kas;pliers;plas;spanner;pana;wrench;adjustable wrench;allen key;hex key;chisel;file tool;hacksaw;saw;aari;cutting plier;nose plier;wire cutter;measuring tape;tape measure;spirit level;vernier caliper;crimping tool;soldering iron;wire stripper;hand tul;hand-tools;hend tools;tul kit;tool set;mechanic tool kit;electrician tool kit;plumber tool kit;carpenter tools;hand tool set;tool box set;socket set;ratchet set;torque wrench;clamp;g clamp;bench vice;vice;puller;bearing puller;grease gun;punch tool;cold chisel;mallet;rubber mallet;claw hammer;ball pein hammer;tool box;toolbox;utility tools
Drill Machine / Power Tools,drill power tool machine electric,drill machine;drill;power tools;power tool;electric drill;cordless drill;impact drill;hammer drill;rotary hammer;screwdriver machine;impact driver;angle grinder;grinder machine;cutting machine;chop saw;circular saw;jigsaw;jig saw;planer machine;router machine;wood router;sander machine;orbital sander;polisher machine;heat gun;blower power tool;drill mashine;dril machine;drilling machine;drill machin;bench drill;pillar drill;drill press;cordless screwdriver;electric screwdriver;power drill;13mm drill;10mm drill;6mm drill;concrete drill;wall drill;masonry drill;wood drill;metal drill;demolition hammer;chipping hammer;die grinder;bench grinder;angle cutter;marble cutter;tile cutter machine;power saw;reciprocating saw;nail gun;staple gun;spray gun;power tool kit;cordless tools
Welding Machine,welding machine welder arc inverter,welding machine;welding machines;welder;welding set;arc welding machine;inverter welding machine;mig welding machine;tig welding machine;spot welding machine;co2 welding machine;plasma cutting machine;welding inverter;welding transformer;welding rectifier;portable welding machine;welding generator;welding rod machine;welding mashine;welding machin;wleding machine;welding masheen;weilding machine;single phase welding machine;three phase welding machine;200 amp welding machine;250 amp welding machine;400 amp welding machine;arc welder;mma welder;stick welder;mig welder;tig welder;gas welding set;oxy acetylene set;welding holder;electrode holder;welding cable;welding helmet machine;welding accessories;welding equipment;welding torch;plasma cutter;submerged arc welding;resistance welding machine;seam welding machine;spot welder;welding plant;industrial welding machine;welding rod;welding electrode machine;portable welder;welding tool
Ladder,ladder aluminium step climbing,ladder;ladders;seedhi;sidhi;aluminium ladder;aluminum ladder;step ladder;extension ladder;telescopic ladder;folding ladder;platform ladder;wall ladder;straight ladder;self supporting ladder;a type ladder;baby ladder;tower ladder;scaffolding ladder;fibreglass ladder;frp ladder;steel ladder;iron ladder;ladar;leader ladder;ladder aluminium;ladder step;ladder folding;leddar;multipurpose ladder;3 step ladder;5 step ladder;7 step ladder;10 step ladder;domestic ladder;industrial ladder;warehouse ladder;library ladder;roof ladder;rope ladder;trestle ladder;step stool;climbing ladder;portable ladder;aluminium step ladder;wall support ladder;double sided ladder;single sided ladder;heavy duty ladder;cantilever ladder;mobile ladder;ladder with platform;electrician ladder;fruit picking ladder;aluminium extension ladder;ladder trolley
Water Tank / Storage Tank,water tank storage overhead,water tank;tank;tanks;storage tank;overhead tank;plastic water tank;pvc water tank;hdpe tank;sintex tank;loft tank;underground tank;roto tank;double layer tank;triple layer tank;4 layer tank;500 litre tank;1000 litre tank;2000 litre tank;5000 litre tank;10000 litre tank;water storage tank;pani tanki;tanki;paani tank;watr tank;watter tank;water tanki;black water tank;food grade water tank;chemical tank;diesel tank;fuel tank storage;septic tank;frp tank;stainless steel tank;ss water tank;cylindrical tank;vertical tank;horizontal tank;insulated water tank;cold water tank;hot water tank;agricultural tank;spray tank;rainwater harvesting tank;industrial water tank;syntex tank;storage water tank;overhead water tank;loft water tank;roof water tank;domestic water tank;community water tank;bulk storage tank
Fertilizer / Manure,fertilizer manure khad agriculture,fertilizer;fertiliser;khad;khaad;urea;dap;npk;npk fertilizer;potash;muriate of potash;mop fertilizer;ssp;single super phosphate;organic fertilizer;bio fertilizer;biofertilizer;compost;vermicompost;manure;organic manure;farmyard manure;fym;cow dung manure;micronutrient fertilizer;fertlizer;fertalizer;fertliser;khaad urvarak;urvarak;chemical fertilizer;nitrogen fertilizer;phosphate fertilizer;potassium fertilizer;zinc sulphate;gypsum fertilizer;neem coated urea;water soluble fertilizer;liquid fertilizer;foliar fertilizer;granular fertilizer;soil conditioner;plant nutrient;crop nutrient;agriculture fertilizer;farm fertilizer;field fertilizer;growth fertilizer;bone meal;seaweed fertilizer;humic acid;mycorrhiza;biological fertilizer;nutrient supplement crop;fertilizer manure;khad fertilizer;urvarak khad
Pesticide / Insecticide,pesticide insecticide crop protection,pesticide;pesticides;insecticide;insecticides;keetnashak;keet nashak;herbicide;weedicide;fungicide;rodenticide;nematicide;crop protection chemical;plant protection chemical;spray chemical;agrochemical;agro chemical;kaeetnashak;pest control chemical;insect killer;mosquito repellent chemical;termite chemical;pesticde;pestiside;insecticde;insectiside;kitnashak;kheti dawai;fasal dawai;neem oil pesticide;bio pesticide;biopesticide;organic pesticide;systemic insecticide;contact insecticide;granular insecticide;liquid insecticide;powder insecticide;soil insecticide;seed treatment chemical;post emergence herbicide;pre emergence herbicide;selective herbicide;glyphosate;chlorpyrifos;imidacloprid;cypermethrin;mancozeb;sulphur fungicide;copper fungicide;spray pesticide;crop insecticide;field pesticide;agriculture pesticide;pest killer;insect control chemical;pesticide chemical;plant medicine;fasal suraksha
Seeds,seeds beej agriculture crop,seeds;seed;beej;bija;hybrid seeds;vegetable seeds;flower seeds;crop seeds;cereal seeds;wheat seeds;paddy seeds;rice seeds;maize seeds;corn seeds;cotton seeds;soybean seeds;gram seeds;pulse seeds;oilseed seeds;mustard seeds crop;groundnut seeds;sunflower seeds crop;certified seeds;foundation seeds;breeder seeds;treated seeds;gmo seeds;gm seeds;bt cotton seeds;sead;seads;beej crop;unnat beej;improved seeds;high yield seeds;tomato seeds;chilli seeds;onion seeds;brinjal seeds;okra seeds;bhindi seeds;cucumber seeds;gourd seeds;pumpkin seeds crop;spinach seeds;coriander seeds crop;fodder seeds;grass seeds;lawn seeds;green manure seeds;sowing seeds;planting seeds;nursery seeds;kitchen garden seeds;agriculture seeds;farm seeds;seed variety;seeds beej
Sprayer (Agricultural),sprayer pump agriculture spray,sprayer;sprayers;knapsack sprayer;backpack sprayer;hand sprayer;battery sprayer;power sprayer;manual sprayer;pressure sprayer;htp sprayer;boom sprayer;mist blower;agricultural sprayer;garden sprayer;pesticide sprayer;spray pump;spray machine;spraer;sprayor;sprayar;spray pump agriculture;chhidkav pump;spray tanki;16 litre sprayer;18 litre sprayer;5 litre sprayer;double motor sprayer;single motor sprayer;rechargeable sprayer;electric sprayer;diaphragm sprayer;piston sprayer;brass sprayer;trigger sprayer;handheld sprayer;trolley sprayer;tractor sprayer;orchard sprayer;field sprayer;crop sprayer;disinfectant sprayer;sanitizer sprayer;fogging machine;fog sprayer;cold fogger;thermal fogger;ulv sprayer;power spray pump;motorized sprayer;spraying machine;portable sprayer;farm sprayer;spray equipment;sprayer pump agriculture
Tarpaulin / Tirpal,tarpaulin tirpal cover sheet,tarpaulin;tarpauline;tirpal;tarpal;tarpolin;tarpoline;tadpatri;tadpatri sheet;hdpe tarpaulin;ldpe tarpaulin;pvc tarpaulin;cotton tarpaulin;canvas tarpaulin;waterproof tarpaulin;plastic tarpaulin;cover sheet;protective cover;tarpolen;tirpaal;tarpaal;tarpolin sheet;tarpaulin cover;tarpaulin sheet;truck cover tarpaulin;roof cover tarpaulin;pond liner;silpaulin;silpauline;green tarpaulin;blue tarpaulin;black tarpaulin;grain cover tarpaulin;agricultural tarpaulin;vermibed tarpaulin;azolla bed tarpaulin;shade net cover;waterproof cover sheet;rain cover sheet;vehicle cover tarpaulin;goods cover;cargo cover;tent tarpaulin;camping tarpaulin;heavy duty tarpaulin;gsm tarpaulin;200 gsm tarpaulin;utility tarpaulin;multipurpose cover;protective sheet;outdoor cover sheet;tarpaulin tadpatri;waterproofing sheet;poly tarp
Bedsheet / Linen,bedsheet linen bed cotton,bedsheet;bed sheet;bedsheets;chadar;chaddar;bed linen;linen;cotton bedsheet;single bedsheet;double bedsheet;hospital bedsheet;hostel bedsheet;plain bedsheet;printed bedsheet;bed cover;bedcover;bed spread;bedspread;fitted bedsheet;mattress cover;mattress protector;bedshet;bed shit;bedseet;chaadar;bistar chadar;bed linen set;bedsheet set;bedsheet with pillow cover;flat bedsheet;elastic bedsheet;waterproof bedsheet;rubber sheet bed;draw sheet;hospital linen;institutional linen;cotton linen;poly cotton bedsheet;microfibre bedsheet;king size bedsheet;queen size bedsheet;cot sheet;hostel linen;uniform bedsheet;white bedsheet;coloured bedsheet;bedding;bedding set;bed spread cotton;duvet cover;quilt cover;comforter cover;bedsheet cotton;linen bedsheet;bed chadar
Blanket / Kambal,blanket kambal wool bedding,blanket;blankets;kambal;kambhal;kamble;woollen blanket;wool blanket;fleece blanket;mink blanket;polar fleece blanket;single blanket;double blanket;cotton blanket;hospital blanket;hostel blanket;relief blanket;emergency blanket;quilt;razai;rajai;razaai;comforter;duvet;dohar;blanket kambal;blancket;blankit;blankat;warm blanket;winter blanket;heavy blanket;light blanket;solapur blanket;military blanket;army blanket;grey blanket;acrylic blanket;polyester blanket;coral blanket;sherpa blanket;electric blanket;picnic blanket;travel blanket;baby blanket;infant blanket;throw blanket;double bed blanket;single bed blanket;institutional blanket;disaster relief blanket;flood relief blanket;woolen kambal;garam kambal;winter kambal;blanket wool;bedding blanket
Towel,towel bath cotton napkin,towel;towels;tauliya;toliya;towliya;bath towel;hand towel;face towel;cotton towel;terry towel;microfibre towel;kitchen towel;hair towel;swimming towel;sports towel;gym towel;beach towel;hospital towel;hostel towel;towal;towell;tovel;tauliya cotton;bath towel cotton;napkin towel;turkish towel;bamboo towel;waffle towel;salon towel;spa towel;guest towel;small towel;large towel;big towel;hand napkin;table napkin;cleaning towel;duster towel;kitchen napkin;tea towel;dish towel;cotton napkin;white towel;coloured towel;printed towel;plain towel;absorbent towel;quick dry towel;premium towel;economy towel;institutional towel;towel set;towel cotton;bathing towel;snan towel
Mattress / Gadda,mattress gadda foam bed,mattress;mattresses;gadda;gaddaa;gadde;foam mattress;coir mattress;spring mattress;cotton mattress;orthopedic mattress;memory foam mattress;pu foam mattress;rubberized coir mattress;single mattress;double mattress;hospital mattress;hostel mattress;air mattress;water mattress;gel mattress;matress;mattres;gadda foam;gaddha;gadela;bed mattress;cot mattress;king size mattress;queen size mattress;bonded foam mattress;high density foam mattress;medical mattress;air bed mattress;ripple mattress;alpha mattress;anti bedsore mattress;pressure relief mattress;roll pack mattress;folding mattress;portable mattress;baby mattress;infant mattress;crib mattress;hard mattress;soft mattress;medium firm mattress;6 inch mattress;5 inch mattress;4 inch mattress;8 inch mattress;mattress foam;gadda mattress;sleeping mattress
Curtain / Blinds,curtain blinds parda window,curtain;curtains;parda;pardah;parde;window curtain;door curtain;blinds;window blinds;roller blinds;vertical blinds;venetian blinds;roman blinds;zebra blinds;wooden blinds;bamboo blinds;pvc blinds;cotton curtain;polyester curtain;velvet curtain;sheer curtain;net curtain;curtan;curten;curtin;pardaa;curtain parda;eyelet curtain;ring curtain;pleated curtain;blackout curtain;room darkening curtain;thermal curtain;printed curtain;plain curtain;designer curtain;office curtain;hospital curtain;cubicle curtain;hospital cubicle curtain;track curtain;curtain track;curtain rod;shower curtain;partition curtain;stage curtain;long curtain;short curtain;window blind;sun blind;outdoor blinds;monsoon blinds;chick blinds;window covering;curtain blinds;window shade;door parda
Pillow / Cushion,pillow cushion takiya bedding,pillow;pillows;takiya;takiyaa;takia;cushion;cushions;gaddi;fibre pillow;foam pillow;memory foam pillow;cotton pillow;microfibre pillow;orthopedic pillow;cervical pillow;neck pillow;bed pillow;sleeping pillow;pillow cover;cushion cover;takiya cover;pilow;pillo;pilllow;takia cover;sofa cushion;chair cushion;seat cushion;back cushion;lumbar cushion;decorative cushion;throw cushion;bolster;masnad;round cushion;square cushion;hospital pillow;hostel pillow;travel pillow;u shaped pillow;baby pillow;infant pillow;pregnancy pillow;body pillow;wedge pillow;coccyx cushion;donut cushion;air cushion;gel cushion;pressure relief cushion;wheelchair cushion;cotton cushion;fibre cushion;pillow filler;cushion filler;pillow takiya;cushion pillow;soft pillow
Carpet / Mat / Durrie,carpet mat durrie floor covering,carpet;carpets;mat;mats;durrie;dari;darри;floor mat;door mat;doormat;rug;rugs;area rug;carpet roll;wall to wall carpet;office carpet;exhibition carpet;red carpet;coir mat;rubber mat;pvc mat;anti slip mat;anti skid mat;carpat;carppet;carpit;darrie;chatai;yoga mat carpet;prayer mat;gym mat;exercise mat;entrance mat;welcome mat;kitchen mat;bath mat;floor covering;carpet tiles mat;modular carpet;loop pile carpet;cut pile carpet;printed carpet;persian carpet;handmade carpet;machine made carpet;woolen carpet;nylon carpet;polypropylene carpet;jute mat;coir matting;rubber matting;interlocking mat;eva mat;play mat;safety mat;industrial mat;electrical insulation mat;rubber insulation mat;carpet mat;floor durrie;chatai mat
Sports Equipment,sports equipment games play,sports equipment;sports goods;sports items;games equipment;khel samagri;cricket kit;cricket bat;cricket ball;football;foot ball;volleyball;basketball;basket ball;badminton racket;badminton set;shuttlecock;table tennis;tt table;tennis racket;hockey stick;carrom board;chess board;skipping rope;sports equipmnt;sports equpment;sport goods;sports material;playground equipment;gym sports equipment;athletic equipment;track and field equipment;javelin;discus;shot put;kabaddi mat;kho kho equipment;wrestling mat;boxing gloves;boxing kit;cricket stumps;cricket pads;batting gloves;wicket keeping kit;sports net;goal post;volleyball net;badminton net;sports whistle;stop watch;medals sports;sports trophy;playing equipment;indoor games;outdoor games;sport kit;sports gear
Gym / Fitness Equipment,gym fitness exercise equipment,gym equipment;fitness equipment;exercise equipment;gym machine;treadmill;exercise cycle;spin bike;cross trainer;elliptical;rowing machine;stepper;dumbbell;dumbbells;barbell;weight plates;gym weights;kettlebell;home gym;multi gym;gym station;leg press machine;chest press machine;lat pull down;gym equipmnt;fitnes equipment;jim equipment;excercise equipment;gym set;bench press;gym bench;flat bench;incline bench;abdominal bench;sit up bench;power rack;squat rack;smith machine;cable crossover;pull up bar;push up bar;resistance band;yoga mat;gym mat;exercise mat;skipping rope fitness;hand gripper;ab roller;twister;gym flooring;commercial gym equipment;cardio equipment;strength equipment;outdoor gym equipment;open gym equipment;fitness machine;workout equipment;exercise machine;gym gear
Rice / Chawal,rice chawal grain food ration,rice;chawal;chaawal;chaval;basmati rice;non basmati rice;raw rice;boiled rice;parboiled rice;sona masoori rice;ponni rice;idli rice;brown rice;white rice;broken rice;rice grain;milled rice;polished rice;rise;riz;chawl;chwal;steam rice;long grain rice;short grain rice;medium grain rice;1121 basmati rice;1509 basmati rice;pusa basmati rice;fortified rice;rice ration;pds rice;public distribution rice;midday meal rice;hostel rice;canteen rice;bulk rice;50 kg rice;25 kg rice;food grain rice;cereal rice;kolam rice;gobindobhog rice;matta rice;red rice;organic rice;premium rice;aromatic rice;table rice;cooking rice;ration rice;rice bag;khadyann chawal;anaj rice;rice food grain
Wheat Flour / Atta,wheat flour atta grain food,atta;aata;wheat flour;wheat;gehu;gehun;gehoon;wheat atta;whole wheat flour;chakki atta;chakki fresh atta;multigrain atta;maida;refined flour;sooji;suji;semolina;rava;besan;gram flour;wheat grain;wheat seeds food;attaa;atta wheat;geheun;gahu;fortified atta;fortified wheat flour;wholemeal flour;brown atta;sharbati atta;mp wheat;lokwan wheat;durum wheat;wheat ration;pds atta;public distribution atta;midday meal atta;hostel atta;canteen atta;bulk atta;50 kg atta;25 kg atta;10 kg atta;5 kg atta;food grain wheat;cereal wheat;flour atta;roti atta;chapati atta;cooking flour;ragi flour;jowar flour;bajra flour;millet flour;rice flour food;atta gehu;gehun atta;anaj wheat
Pulses / Dal,pulses dal lentil food grain,dal;daal;pulses;pulse;lentil;lentils;toor dal;arhar dal;moong dal;green gram;urad dal;black gram;chana dal;bengal gram;masoor dal;red lentil;rajma;kidney beans;chana;chickpea;kabuli chana;white chana;lobia;cowpea;matar;green peas dal;dal pulses;dhal;dail;dal grain;whole moong;split moong;whole urad;split urad;whole masoor;yellow dal;moth dal;kulthi dal;horse gram;soybean dal;besan dal;pulses ration;pds dal;public distribution dal;midday meal dal;hostel dal;canteen dal;bulk dal;50 kg dal;25 kg dal;food grain pulses;protein pulses;cooking dal;unpolished dal;organic dal;premium dal;dal food grain;dals;anaj dal
Cooking Oil / Edible Oil,cooking oil edible tel food,cooking oil;edible oil;oil;tel;khadya tel;refined oil;sunflower oil;soybean oil;mustard oil;sarson tel;groundnut oil;moongfali tel;palm oil;rice bran oil;cottonseed oil;vegetable oil;vanaspati;dalda;ghee;desi ghee;cooking tel;khana pakane ka tel;refined sunflower oil;refined soybean oil;cooking oyl;edible oyl;cookng oil;coconut oil cooking;sesame oil;til oil;kachi ghani oil;cold pressed oil;filtered oil;double refined oil;blended oil;olive oil;canola oil;1 litre oil;5 litre oil;15 litre oil tin;oil tin;oil pouch;oil bottle food;bulk cooking oil;ration oil;pds oil;midday meal oil;hostel oil;canteen oil;fortified oil;vitamin a oil;frying oil;salad oil;edible oil pack;cooking medium oil;food oil
Umbrella / Rain Gear,umbrella raincoat rain monsoon,umbrella;umbrellas;chhata;chatta;chhatri;chatri;rain umbrella;sun umbrella;garden umbrella;beach umbrella;golf umbrella;2 fold umbrella;3 fold umbrella;automatic umbrella;manual umbrella;kids umbrella;big umbrella;large umbrella;umbrela;ambrella;umberella;chhaata;chата;raincoat;rain coat;barsati;rain suit;rain gear;monsoon gear;poncho;rain poncho;rain jacket;rainwear;rain cover;pvc raincoat;nylon raincoat;polyester raincoat;double layer raincoat;reversible umbrella;windproof umbrella;advertising umbrella;promotional umbrella;printed umbrella;office umbrella;school umbrella;cafe umbrella;patio umbrella;market umbrella;table umbrella;vendor umbrella;hawker umbrella;waterproof raincoat;rain protection;monsoon umbrella;folding umbrella;straight umbrella;umbrella chhata
Torch / Flashlight,torch flashlight emergency light,torch;torches;flashlight;flash light;led torch;rechargeable torch;battery torch;emergency light torch;hand torch;search light;searchlight;head torch;headlamp;head lamp;solar torch;waterproof torch;metal torch;plastic torch;mini torch;pocket torch;torch light;torchlight;tourch;torchh;flashlite;flash-light;high power torch;long range torch;zoom torch;focus torch;police torch;security torch;tactical torch;keychain torch;usb rechargeable torch;dry battery torch;3w torch;5w torch;10w torch;cob torch;lantern torch;camping torch;trekking torch;cycle torch;bike torch;work light torch;inspection torch;led flashlight;portable torch;emergency torch;night torch;hand held torch;rechargeable flashlight;torch flashlight;battery light
Wall Clock / Timepiece,clock wall timepiece time,clock;clocks;wall clock;wallclock;ghadi;ghadiyaal;deewar ghadi;table clock;desk clock;alarm clock;digital clock;analog clock;quartz clock;pendulum clock;office wall clock;school wall clock;designer wall clock;decorative wall clock;wall clok;wal clock;wall-clock;clok;clcok;ghari;silent wall clock;sweep clock;second hand clock;big wall clock;large wall clock;round wall clock;square wall clock;digital wall clock;led wall clock;temperature clock;date time clock;calendar clock;station clock;railway clock;gps clock;master clock;slave clock;digital display clock;count down timer clock;world clock;nixie clock;wooden wall clock;metal wall clock;plastic wall clock;acrylic wall clock;timepiece;time clock;clock timepiece;hanging clock;clock wall;wall watch
Flag / National Flag,flag national tricolor jhanda,flag;flags;jhanda;jhandaa;national flag;indian flag;tricolour flag;tricolor flag;tiranga;tiranga jhanda;khadi flag;polyester flag;cotton flag;table flag;car flag;hand flag;wall flag;pole flag;flag pole;flagpole;flag mast;flag with pole;office flag;flg;flagg;jhnda;jhanda flag;rashtriya dhwaj;monsoon flag;outdoor flag;indoor flag;6x4 flag;3x2 flag;national flag standard;bis flag;is 1 flag;flag set;buntings;flag bunting;decorative flag;advertising flag;promotional flag;roll up flag;beach flag;banner flag;corporate flag;sports flag;state flag;organisation flag;flag hoisting kit;flag cloth;silk flag;satin flag;flag pole aluminium;flag pole stainless steel;flag jhanda;rashtra dhwaj
Banner / Flex Printing,banner flex printing hoarding display,banner;banners;flex;flex banner;flex printing;flex board;hoarding;hoardings;vinyl banner;pvc banner;backlit flex;frontlit flex;star flex;banner printing;digital printing banner;poster printing;standee;standees;roll up standee;x banner;banner stand;baner;bannar;flx;flex baner;flexx;advertising banner;promotional banner;event banner;backdrop banner;stage backdrop;welcome banner;birthday banner;shop banner;signage banner;outdoor banner;indoor banner;canvas banner;cloth banner;fabric banner;mesh banner;vinyl flex;one way vision;sticker printing;vinyl sticker;sunboard printing;acp board printing;led banner;scrolling banner;gantry banner;road banner;pole banner;wall banner;banner flex;flex hoarding;printing banner
Trophy / Memento,trophy memento award momento shield,trophy;trophies;memento;mementoes;momento;momentos;award;awards;shield;shields;medal;medals;prize;trophy cup;cup trophy;acrylic trophy;crystal trophy;glass trophy;wooden trophy;metal trophy;sports trophy;winner trophy;runner up trophy;participation trophy;trophie;trophi;tropy;momanto;memonto;memuto;gold medal;silver medal;bronze medal;gold trophy;silver trophy;achievement award;recognition award;appreciation memento;felicitation memento;corporate memento;customized trophy;personalised trophy;engraved memento;acrylic memento;crystal memento;wooden shield;brass shield;plaque;award plaque;certificate frame;trophy stand;prize memento;reward trophy;school trophy;college trophy;annual day trophy;sports medal;trophy award;momento shield
